# marks: kind,expected_taps,t_start,t_end
# single,1,4.215068340301514,8.215068340301514
# single,1,8.227856874465942,12.227856874465942
# single,1,12.256039142608643,16.256039142608643
# single,1,16.273740768432617,20.273740768432617
# single,1,20.283857822418213,24.283857822418213
# single,1,24.2913875579834,28.2913875579834
# single,1,28.308578968048096,32.308578968048096
# single,1,32.31793260574341,36.31793260574341
# single,1,36.33653974533081,40.33653974533081
# single,1,40.350242376327515,44.350242376327515
# double,2,50.238136291503906,54.238136291503906
# double,2,54.248918294906616,58.248918294906616
# double,2,58.24942493438721,62.24942493438721
# double,2,62.25487041473389,66.25487041473389
# double,2,66.26661157608032,70.26661157608032
# double,2,70.2885069847107,74.2885069847107
# double,2,74.29905843734741,78.29905843734741
# double,2,78.31137228012085,82.31137228012085
# double,2,82.3145763874054,86.3145763874054
# double,2,86.31714510917664,90.31714510917664
# active,0,96.21188497543335,126.21188497543335
# still,0,132.1298599243164,147.1298599243164
0.306,READY
0.312,M,STILL
0.328,S,374171,0.328,0.937,-0.093
0.349,S,374193,0.281,0.937,-0.046
0.371,S,374215,0.234,0.984,-0.046
0.394,S,374237,0.281,0.937,-0.046
0.423,S,374266,0.281,0.984,-0.046
0.445,S,374288,0.328,0.937,-0.046
0.474,S,374317,0.375,0.984,-0.093
0.504,S,374347,0.281,0.984,-0.046
0.526,S,374369,0.281,0.937,-0.046
0.555,S,374398,0.328,0.937,-0.046
0.577,S,374420,0.281,0.937,-0.093
0.606,S,374449,0.281,0.890,-0.093
0.628,S,374471,0.281,0.937,-0.093
0.657,S,374500,0.328,0.937,0.000
0.679,S,374522,0.281,0.984,0.000
0.708,S,374551,0.281,0.937,0.000
0.730,S,374573,0.281,0.984,0.000
0.760,S,374602,0.281,0.937,0.000
0.781,S,374624,0.281,0.984,-0.046
0.810,S,374653,0.328,0.937,0.000
0.833,S,374675,0.328,0.937,-0.046
0.862,S,374705,0.328,0.984,0.000
0.891,S,374734,0.328,0.937,-0.046
0.913,S,374756,0.281,0.937,-0.093
0.942,S,374785,0.328,0.937,-0.093
0.964,S,374807,0.281,0.937,-0.046
0.994,S,374836,0.281,0.937,-0.046
1.015,S,374858,0.281,0.984,-0.046
1.044,S,374887,0.281,0.890,-0.093
1.067,S,374909,0.281,0.984,-0.046
1.095,S,374938,0.328,0.984,0.000
1.117,S,374959,0.281,0.937,-0.093
1.146,S,374988,0.281,0.937,-0.046
1.302,S,375010,0.328,0.984,-0.046
1.303,S,375038,0.328,0.937,-0.046
1.304,S,375060,0.281,0.937,-0.046
1.304,S,375089,0.328,0.890,-0.093
1.304,S,375110,0.328,0.937,-0.093
1.305,S,375140,0.281,0.984,0.000
1.338,READY
1.344,M,STILL
1.358,S,375201,0.281,0.890,-0.093
1.381,S,375223,0.281,0.937,0.000
1.402,S,375244,0.234,0.937,-0.046
1.424,S,375266,0.328,0.937,0.000
1.453,S,375295,0.328,0.984,-0.046
1.476,S,375317,0.234,0.984,-0.093
1.504,S,375347,0.281,0.937,-0.046
1.527,S,375369,0.281,0.984,-0.046
1.556,S,375398,0.281,0.937,-0.046
1.577,S,375420,0.328,0.937,0.000
1.606,S,375449,0.234,0.984,-0.046
1.629,S,375471,0.234,0.937,-0.046
1.658,S,375500,0.281,0.984,-0.046
1.680,S,375522,0.281,0.937,-0.046
1.709,S,375551,0.328,0.984,-0.093
1.732,S,375573,0.328,0.937,-0.046
1.760,S,375602,0.281,0.937,-0.046
1.782,S,375624,0.328,0.937,-0.093
1.812,S,375653,0.281,0.937,-0.093
1.834,S,375675,0.281,0.937,-0.093
1.863,S,375704,0.375,0.984,-0.140
1.885,S,375727,0.328,0.984,-0.046
1.914,S,375756,0.328,0.937,-0.046
1.936,S,375778,0.281,0.937,-0.093
1.966,S,375807,0.328,0.984,-0.046
1.988,S,375830,0.281,0.937,-0.046
2.017,S,375859,0.328,0.890,-0.046
2.039,S,375881,0.328,0.890,-0.046
2.068,S,375909,0.328,0.937,-0.046
2.090,S,375932,0.281,0.890,-0.046
2.120,S,375961,0.281,0.937,-0.046
2.141,S,375983,0.281,0.937,-0.046
2.170,S,376012,0.281,0.890,0.000
2.334,S,376034,0.281,0.937,-0.046
2.335,S,376063,0.281,0.937,-0.046
2.336,S,376085,0.281,0.890,-0.046
2.336,S,376114,0.281,0.890,-0.046
2.337,S,376136,0.328,0.937,-0.046
2.337,S,376165,0.328,0.937,-0.093
2.367,READY
2.374,M,STILL
2.388,S,376229,0.281,0.890,-0.046
2.410,S,376251,0.328,0.937,-0.093
2.432,S,376273,0.281,0.984,-0.046
2.461,S,376303,0.281,0.984,-0.046
2.483,S,376325,0.281,0.937,-0.046
2.514,S,376354,0.375,0.937,0.000
2.535,S,376376,0.375,0.984,-0.046
2.564,S,376405,0.281,0.937,-0.046
2.586,S,376428,0.281,0.937,0.000
2.615,S,376457,0.328,0.937,-0.093
2.638,S,376479,0.328,0.937,-0.046
2.667,S,376508,0.281,0.984,0.000
2.688,S,376529,0.328,0.937,-0.046
2.717,S,376558,0.328,0.937,-0.093
2.739,S,376580,0.328,0.890,-0.093
2.768,S,376609,0.281,0.937,-0.046
2.790,S,376631,0.328,0.937,-0.046
2.819,S,376660,0.328,0.937,-0.046
2.841,S,376682,0.281,0.937,-0.046
2.871,S,376711,0.281,0.984,-0.046
2.892,S,376733,0.281,0.984,-0.093
2.920,S,376761,0.281,0.984,0.046
2.941,S,376782,0.328,0.937,-0.046
2.971,S,376811,0.328,0.937,-0.046
2.993,S,376833,0.328,0.984,-0.046
3.022,S,376862,0.328,0.984,-0.046
3.044,S,376885,0.234,0.984,-0.046
3.073,S,376914,0.281,0.890,-0.046
3.103,S,376944,0.328,0.937,-0.046
3.125,S,376966,0.281,0.937,0.000
3.154,S,376995,0.328,0.890,0.000
3.176,S,377017,0.328,0.937,-0.046
3.205,S,377046,0.328,0.937,-0.046
3.714,S,377068,0.328,0.890,-0.093
3.715,S,377097,0.328,0.937,-0.093
3.715,S,377119,0.281,0.890,0.000
3.716,S,377148,0.328,0.937,-0.046
3.717,S,377170,0.281,0.937,-0.093
3.718,S,377199,0.281,1.031,-0.093
3.718,S,377222,0.281,0.937,-0.046
3.719,S,377251,0.328,0.937,-0.093
3.720,S,377273,0.328,0.937,-0.046
3.721,S,377302,0.328,0.984,-0.046
3.721,S,377325,0.234,0.937,-0.046
3.722,S,377354,0.328,0.937,-0.046
3.723,S,377376,0.281,0.937,-0.046
3.724,S,377405,0.281,0.984,-0.046
3.724,S,377426,0.281,0.890,0.000
3.725,S,377454,0.281,0.937,-0.046
3.726,S,377477,0.281,0.937,-0.046
3.727,S,377506,0.281,0.984,-0.093
3.727,S,377528,0.281,0.937,0.000
3.728,S,377557,0.328,0.984,0.000
3.751,READY
3.758,M,STILL
3.786,S,377626,0.328,1.031,0.000
3.808,S,377648,0.281,0.937,-0.046
3.837,S,377677,0.328,0.937,-0.093
3.858,S,377699,0.328,0.984,0.000
3.888,S,377728,0.281,0.890,-0.046
3.911,S,377750,0.281,0.984,-0.046
3.939,S,377779,0.328,0.984,-0.046
3.962,S,377801,0.281,0.984,-0.046
3.991,S,377830,0.328,0.937,-0.046
4.013,S,377852,0.328,0.984,-0.093
4.042,S,377881,0.281,0.984,0.000
4.071,S,377910,0.328,0.937,-0.093
4.093,S,377932,0.281,0.937,0.000
4.122,S,377961,0.281,0.937,-0.093
4.144,S,377983,0.281,0.984,0.000
4.172,S,378012,0.328,0.937,0.000
4.194,S,378034,0.328,0.984,-0.093
4.215,S,378055,0.281,0.937,-0.093
4.525,S,378084,0.328,0.890,0.000
4.526,S,378106,0.281,0.984,-0.046
4.527,S,378135,0.281,0.984,-0.046
4.528,S,378157,0.281,0.937,-0.093
4.528,S,378186,0.328,0.937,-0.093
4.529,S,378208,0.281,0.937,-0.046
4.530,S,378237,0.281,0.984,0.000
4.531,S,378259,0.281,1.031,-0.093
4.532,S,378288,0.328,0.937,-0.093
4.533,S,378318,0.328,0.937,-0.093
4.533,S,378339,0.281,0.984,0.000
4.534,S,378368,0.328,0.937,-0.046
4.551,S,378390,0.328,0.937,-0.046
4.579,S,378418,0.328,0.984,-0.046
4.600,S,378439,0.281,0.984,0.000
4.630,S,378469,0.234,0.937,-0.046
4.651,S,378491,0.328,0.984,-0.093
4.681,S,378520,0.281,0.984,-0.093
4.703,S,378542,0.328,0.937,-0.093
4.731,S,378571,0.281,0.984,0.000
4.767,READY
4.774,M,STILL
4.802,S,378641,0.328,0.984,0.000
4.824,S,378664,0.281,0.984,0.000
4.853,S,378692,0.281,0.937,-0.046
4.884,S,378723,0.281,0.984,-0.046
4.906,S,378745,0.281,0.937,-0.046
4.934,S,378773,0.328,0.937,0.000
4.957,S,378795,0.281,0.984,-0.093
4.986,S,378824,0.328,0.937,-0.046
5.008,S,378847,0.328,0.937,-0.093
5.037,S,378876,0.328,1.031,-0.046
5.067,S,378906,0.234,0.937,0.000
5.089,S,378928,0.328,0.937,-0.046
5.119,S,378957,0.281,0.937,-0.046
5.141,S,378979,0.281,0.984,-0.046
5.170,S,379008,0.375,0.984,-0.046
5.192,S,379030,0.328,0.984,-0.093
5.220,S,379059,0.328,0.984,-0.093
5.251,S,379089,0.328,0.937,-0.046
5.272,S,379111,0.328,0.984,0.000
5.302,S,379140,0.328,0.937,-0.046
5.324,S,379162,0.328,0.937,-0.093
5.353,S,379192,0.328,0.937,-0.046
5.382,S,379220,0.328,0.984,-0.046
5.404,S,379243,0.328,0.984,-0.046
5.433,S,379272,0.281,0.937,-0.046
5.455,S,379294,0.328,0.984,-0.093
5.484,S,379323,0.281,0.843,0.000
5.506,S,379345,0.328,0.890,-0.046
5.535,S,379373,0.328,0.984,-0.046
5.557,S,379395,0.328,0.937,-0.093
5.586,S,379424,0.328,0.984,-0.046
5.609,S,379446,0.328,0.937,-0.046
5.638,S,379476,0.281,0.984,-0.046
5.660,S,379498,0.328,0.890,-0.046
5.688,S,379527,0.375,0.984,0.000
5.711,S,379549,0.328,0.984,-0.046
5.739,S,379578,0.328,0.984,-0.046
5.775,READY
5.781,M,STILL
5.809,S,379647,0.328,0.937,-0.046
5.830,S,379668,0.328,0.984,-0.046
5.852,S,379690,0.234,0.937,-0.093
5.881,S,379719,0.281,0.937,-0.046
5.903,S,379742,0.328,0.984,-0.046
5.931,S,379769,0.328,0.937,-0.046
5.954,S,379792,0.328,0.937,-0.046
5.983,S,379821,0.281,0.984,-0.046
6.005,S,379843,0.328,0.937,-0.093
6.032,S,379870,0.328,0.937,0.000
6.054,S,379892,0.281,0.937,-0.093
6.076,S,379914,0.281,0.984,0.000
6.105,S,379943,0.328,0.984,0.000
6.127,S,379965,0.281,0.937,0.000
6.156,S,379994,0.328,0.937,-0.046
6.178,S,380016,0.281,0.937,-0.046
6.208,S,380045,0.281,0.937,-0.093
6.230,S,380067,0.328,0.937,-0.046
6.256,S,380094,0.328,0.984,-0.093
6.277,S,380115,0.328,0.937,-0.046
6.299,S,380137,0.328,0.937,-0.046
6.329,S,380166,0.281,0.984,-0.093
6.351,S,380188,0.328,0.937,-0.093
6.380,S,380217,0.375,0.937,0.000
6.402,S,380239,0.328,0.937,0.000
6.431,S,380269,0.281,0.890,-0.093
6.453,S,380291,0.281,0.937,-0.046
6.482,S,380319,0.234,0.984,-0.046
6.504,S,380341,0.234,0.890,-0.046
6.533,S,380370,0.281,0.984,-0.046
6.555,S,380393,0.281,0.937,0.000
6.584,S,380422,0.281,0.890,0.000
6.606,S,380444,0.328,0.937,-0.046
6.636,S,380473,0.328,0.937,-0.046
6.658,S,380495,0.281,0.984,0.000
6.687,S,380524,0.328,0.937,-0.046
6.709,S,380547,0.328,0.937,-0.046
6.738,S,380576,0.328,0.937,-0.046
6.761,S,380598,0.281,0.843,-0.046
6.796,READY
6.802,M,STILL
6.830,S,380667,0.328,0.984,-0.046
6.852,S,380689,0.328,0.937,-0.046
6.879,S,380717,0.328,0.984,0.000
6.901,S,380738,0.281,0.984,-0.046
6.923,S,380760,0.281,0.937,-0.046
6.952,S,380789,0.281,0.937,0.000
6.973,S,380811,0.234,0.984,-0.046
7.002,S,380839,0.234,0.937,-0.046
7.024,S,380861,0.281,0.937,-0.046
7.053,S,380890,0.328,0.890,-0.093
7.075,S,380912,0.281,0.984,-0.093
7.104,S,380941,0.281,0.890,-0.046
7.125,S,380962,0.375,0.984,-0.046
7.153,S,380990,0.328,0.937,0.046
7.174,S,381011,0.281,0.937,-0.046
7.197,S,381033,0.281,0.937,-0.046
7.225,S,381062,0.328,0.937,-0.046
7.248,S,381084,0.328,0.937,-0.093
7.276,S,381113,0.375,0.937,-0.046
7.298,S,381134,0.328,0.984,0.000
7.319,S,381156,0.281,0.937,-0.046
7.349,S,381186,0.328,0.937,-0.046
7.371,S,381208,0.281,0.937,0.000
7.400,S,381237,0.328,0.937,0.000
7.422,S,381259,0.281,0.984,-0.093
7.451,S,381288,0.281,0.890,-0.046
7.473,S,381310,0.281,0.937,-0.046
7.503,S,381339,0.281,0.984,-0.046
7.524,S,381361,0.328,0.984,-0.046
7.553,S,381390,0.328,0.984,-0.093
7.575,S,381412,0.328,0.937,-0.046
7.604,S,381441,0.281,0.984,0.000
7.627,S,381463,0.328,0.984,-0.046
7.657,S,381493,0.281,0.984,-0.093
7.679,S,381515,0.328,0.984,0.000
7.708,S,381544,0.281,0.937,-0.093
7.730,S,381566,0.281,0.984,0.000
7.758,S,381595,0.328,0.937,0.000
7.781,S,381617,0.281,0.984,-0.046
7.816,READY
7.822,M,STILL
7.850,S,381686,0.281,0.937,-0.093
7.872,S,381708,0.328,0.937,-0.046
7.901,S,381737,0.328,0.984,-0.046
7.923,S,381759,0.328,0.937,-0.046
7.951,S,381787,0.375,0.984,-0.046
7.974,S,381810,0.234,0.890,0.000
8.002,S,381839,0.328,0.937,-0.093
8.025,S,381861,0.281,0.984,-0.046
8.053,S,381888,0.281,0.937,-0.093
8.075,S,381910,0.281,0.984,-0.046
8.104,S,381939,0.281,0.984,-0.046
8.126,S,381961,0.328,0.937,-0.046
8.155,S,381990,0.281,0.984,-0.046
8.177,S,382013,0.328,0.937,-0.046
8.205,S,382042,0.281,0.937,-0.093
8.228,S,382064,0.281,0.984,-0.046
8.541,S,382092,0.281,0.984,-0.046
8.542,S,382114,0.281,0.937,-0.093
8.543,S,382143,0.328,0.937,-0.046
8.544,S,382163,0.281,0.890,-0.046
8.544,S,382185,0.281,1.031,0.000
8.545,S,382214,0.281,0.937,-0.046
8.546,S,382235,0.328,0.984,-0.093
8.546,S,382264,0.328,0.890,-0.046
8.547,S,382286,0.328,0.890,-0.046
8.548,S,382315,0.281,0.937,0.000
8.549,S,382337,0.234,0.984,-0.046
8.549,S,382367,0.234,0.937,-0.046
8.554,S,382389,0.281,0.984,-0.046
8.583,S,382418,0.328,0.984,-0.046
8.605,S,382440,0.281,0.984,-0.046
8.634,S,382469,0.234,0.890,-0.093
8.656,S,382492,0.328,0.984,-0.046
8.686,S,382521,0.281,0.984,-0.093
8.707,S,382543,0.281,0.890,-0.046
8.736,S,382572,0.281,0.890,-0.093
8.758,S,382594,0.281,0.984,-0.046
8.788,S,382623,0.281,0.984,-0.046
8.823,READY
8.829,M,STILL
8.858,S,382694,0.375,0.984,-0.093
8.881,S,382716,0.281,0.937,-0.046
8.909,S,382744,0.375,0.937,-0.046
8.931,S,382766,0.281,0.937,0.000
8.960,S,382796,0.328,0.984,-0.093
8.993,S,382828,0.328,0.937,0.000
9.023,S,382858,0.328,0.984,-0.046
9.045,S,382880,0.281,0.937,-0.046
9.074,S,382909,0.281,0.984,-0.046
9.097,S,382931,0.328,0.937,-0.046
9.125,S,382960,0.281,0.937,0.000
9.148,S,382983,0.281,1.031,-0.046
9.176,S,383012,0.281,0.937,-0.093
9.198,S,383033,0.281,0.984,-0.046
9.219,S,383054,0.328,0.984,-0.046
9.248,S,383083,0.281,0.937,-0.093
9.270,S,383105,0.328,0.937,-0.046
9.299,S,383134,0.281,0.937,-0.046
9.321,S,383156,0.281,0.937,-0.046
9.350,S,383185,0.281,0.937,0.000
9.371,S,383206,0.328,0.937,-0.046
9.400,S,383235,0.328,0.937,-0.046
9.422,S,383257,0.281,0.937,-0.046
9.452,S,383286,0.281,0.984,0.000
9.474,S,383309,0.281,0.984,0.000
9.503,S,383338,0.328,0.984,-0.093
9.526,S,383360,0.328,1.031,-0.046
9.555,S,383389,0.281,0.984,-0.046
9.576,S,383411,0.281,0.984,-0.046
9.605,S,383440,0.328,0.984,-0.093
9.627,S,383462,0.281,0.937,-0.046
9.656,S,383490,0.328,0.890,-0.046
9.677,S,383512,0.281,0.890,0.000
9.706,S,383541,0.281,0.984,-0.046
9.729,S,383563,0.375,0.984,-0.046
9.758,S,383592,0.281,0.937,0.000
9.780,S,383614,0.281,0.937,-0.046
9.809,S,383644,0.281,0.984,-0.046
9.844,READY
9.850,M,STILL
9.879,S,383713,0.328,0.937,-0.046
9.901,S,383735,0.281,0.937,-0.046
9.930,S,383764,0.328,0.984,-0.140
9.952,S,383786,0.281,0.937,-0.046
9.979,S,383813,0.281,0.984,-0.046
10.001,S,383835,0.281,0.984,-0.046
10.031,S,383864,0.234,0.937,-0.046
10.052,S,383887,0.328,0.937,0.000
10.080,S,383914,0.281,0.937,-0.046
10.102,S,383936,0.328,1.031,-0.046
10.124,S,383958,0.328,0.937,-0.093
10.153,S,383987,0.281,0.937,-0.046
10.176,S,384010,0.328,0.937,-0.046
10.204,S,384039,0.328,0.937,-0.046
10.227,S,384061,0.328,0.937,-0.046
10.256,S,384090,0.375,0.937,-0.046
10.278,S,384112,0.234,0.984,-0.046
10.307,S,384141,0.281,0.937,-0.046
10.330,S,384163,0.281,0.984,0.000
10.359,S,384193,0.328,0.937,-0.046
10.381,S,384215,0.328,0.937,-0.046
10.410,S,384244,0.375,0.984,-0.093
10.432,S,384266,0.328,0.984,-0.046
10.462,S,384295,0.328,0.937,-0.046
10.491,S,384324,0.328,0.984,-0.046
10.513,S,384347,0.328,0.937,-0.046
10.541,S,384375,0.328,0.937,-0.093
10.563,S,384397,0.328,0.984,-0.046
10.592,S,384426,0.281,0.984,0.000
10.615,S,384448,0.375,0.890,-0.046
10.641,S,384475,0.328,0.937,0.000
10.663,S,384497,0.281,0.937,-0.093
10.685,S,384519,0.281,0.984,-0.046
10.715,S,384548,0.328,0.890,-0.046
10.737,S,384570,0.328,0.984,-0.046
10.766,S,384599,0.328,0.937,0.000
10.788,S,384621,0.328,0.937,-0.046
10.817,S,384650,0.281,0.890,-0.046
10.851,READY
10.857,M,STILL
10.884,S,384717,0.328,0.984,-0.046
10.906,S,384739,0.328,0.984,-0.046
10.935,S,384768,0.281,0.937,-0.046
10.957,S,384791,0.281,0.937,-0.046
10.986,S,384819,0.328,0.984,-0.046
11.007,S,384841,0.281,0.890,0.000
11.036,S,384870,0.281,0.937,-0.046
11.058,S,384891,0.328,0.890,-0.046
11.079,S,384912,0.281,0.890,-0.093
11.108,S,384941,0.281,0.984,-0.046
11.131,S,384964,0.328,0.937,-0.093
11.158,S,384992,0.281,1.031,-0.046
11.178,S,385012,0.281,0.937,0.000
11.201,S,385034,0.281,0.937,0.000
11.230,S,385063,0.281,0.984,-0.046
11.252,S,385085,0.281,0.890,-0.046
11.281,S,385114,0.281,0.937,0.000
11.303,S,385136,0.281,0.984,-0.046
11.331,S,385164,0.281,0.890,0.000
11.353,S,385186,0.281,0.937,-0.046
11.381,S,385214,0.328,0.984,0.000
11.404,S,385236,0.281,0.937,-0.046
11.432,S,385265,0.234,0.890,-0.093
11.453,S,385286,0.281,0.937,-0.046
11.482,S,385315,0.328,0.937,0.000
11.504,S,385337,0.328,0.984,0.000
11.533,S,385366,0.328,0.937,-0.046
11.556,S,385388,0.328,0.984,-0.046
11.583,S,385416,0.281,0.984,-0.046
11.606,S,385438,0.328,0.984,-0.093
11.634,S,385466,0.281,0.984,-0.046
11.656,S,385489,0.281,0.937,-0.046
11.685,S,385518,0.328,0.937,-0.046
11.707,S,385540,0.281,0.937,-0.093
11.735,S,385568,0.281,0.984,-0.046
11.758,S,385590,0.328,0.890,0.000
11.787,S,385619,0.328,0.937,-0.046
11.808,S,385641,0.328,0.937,-0.046
11.837,S,385670,0.281,0.937,0.000
11.872,READY
11.878,M,STILL
11.905,S,385738,0.281,0.937,-0.046
11.927,S,385760,0.328,0.890,0.000
11.957,S,385789,0.281,0.937,-0.046
11.977,S,385810,0.281,0.937,-0.046
12.006,S,385839,0.328,0.937,-0.046
12.029,S,385861,0.281,0.937,-0.046
12.054,S,385887,0.281,0.937,0.000
12.076,S,385908,0.281,0.937,0.000
12.098,S,385930,0.328,0.937,-0.046
12.126,S,385958,0.328,0.984,-0.046
12.148,S,385981,0.234,0.890,-0.093
12.178,S,386009,0.328,0.890,-0.046
12.206,S,386039,0.328,0.984,-0.046
12.228,S,386060,0.281,0.937,-0.046
12.256,S,386088,0.281,0.843,-0.046
12.561,S,386109,0.281,0.984,-0.046
12.562,S,386138,0.375,0.937,-0.046
12.563,S,386159,0.281,0.937,-0.046
12.563,S,386181,0.281,0.890,-0.093
12.564,S,386210,0.281,0.937,-0.046
12.565,S,386233,0.281,0.890,-0.046
12.566,S,386261,0.328,0.937,0.000
12.567,S,386283,0.234,1.031,-0.093
12.568,S,386311,0.281,0.937,0.000
12.568,S,386333,0.328,0.890,-0.046
12.569,S,386362,0.328,0.937,-0.093
12.570,S,386384,0.281,0.984,0.000
12.581,S,386413,0.328,1.031,-0.046
12.603,S,386435,0.281,0.984,0.000
12.631,S,386463,0.328,0.937,-0.046
12.653,S,386484,0.281,0.937,-0.046
12.675,S,386506,0.281,0.937,-0.093
12.704,S,386535,0.281,0.937,-0.046
12.726,S,386557,0.328,0.937,-0.046
12.753,S,386585,0.281,0.984,0.000
12.775,S,386607,0.375,0.937,-0.046
12.805,S,386637,0.328,0.937,0.000
12.827,S,386659,0.281,0.937,-0.046
12.856,S,386687,0.281,0.937,0.000
12.891,READY
12.897,M,STILL
12.926,S,386758,0.328,0.984,-0.093
12.949,S,386780,0.281,0.984,-0.046
12.978,S,386809,0.281,0.937,-0.046
13.000,S,386831,0.281,0.937,-0.046
13.029,S,386860,0.328,0.937,-0.046
13.051,S,386883,0.281,0.890,0.000
13.080,S,386912,0.234,0.984,-0.093
13.103,S,386934,0.328,0.937,-0.093
13.131,S,386963,0.328,0.890,-0.093
13.153,S,386985,0.328,0.984,-0.046
13.182,S,387013,0.328,0.937,-0.046
13.204,S,387036,0.281,1.031,-0.046
13.232,S,387064,0.328,0.937,-0.046
13.255,S,387086,0.234,0.890,-0.046
13.284,S,387115,0.328,0.937,-0.093
13.306,S,387137,0.328,0.890,-0.046
13.335,S,387166,0.234,0.984,0.000
13.357,S,387188,0.281,0.937,0.000
13.386,S,387217,0.328,0.937,-0.093
13.408,S,387239,0.375,0.937,-0.046
13.437,S,387268,0.328,0.984,-0.046
13.459,S,387290,0.281,0.984,-0.046
13.488,S,387319,0.234,0.984,-0.046
13.510,S,387341,0.375,0.984,0.000
13.540,S,387370,0.281,0.984,-0.046
13.561,S,387392,0.281,0.937,-0.093
13.590,S,387421,0.328,0.984,-0.093
13.613,S,387443,0.281,0.937,-0.046
13.641,S,387472,0.234,0.937,0.000
13.665,S,387495,0.281,0.937,-0.093
13.693,S,387523,0.328,0.937,-0.046
13.715,S,387546,0.328,0.937,-0.046
13.744,S,387575,0.281,0.890,-0.046
13.766,S,387597,0.328,0.984,-0.093
13.795,S,387626,0.281,0.937,-0.046
13.817,S,387648,0.281,0.937,-0.093
13.846,S,387677,0.281,0.937,0.000
13.868,S,387699,0.328,0.937,-0.046
13.903,READY
13.909,M,STILL
13.937,S,387767,0.328,0.984,-0.046
13.959,S,387789,0.234,0.937,-0.046
13.988,S,387818,0.328,0.937,-0.046
14.010,S,387840,0.375,0.937,-0.046
14.038,S,387869,0.234,0.890,0.000
14.061,S,387891,0.281,0.890,-0.046
14.090,S,387920,0.328,0.937,-0.046
14.112,S,387942,0.328,0.937,-0.046
14.141,S,387971,0.328,0.937,-0.046
14.171,S,388001,0.281,0.937,-0.046
14.193,S,388023,0.187,0.937,-0.046
14.223,S,388052,0.281,0.984,-0.046
14.244,S,388075,0.328,0.937,-0.093
14.273,S,388103,0.281,0.937,-0.046
14.295,S,388126,0.281,0.937,0.000
14.325,S,388155,0.328,1.031,-0.046
14.347,S,388177,0.281,0.937,-0.046
14.376,S,388206,0.281,0.984,-0.046
14.398,S,388228,0.234,0.937,0.000
14.427,S,388257,0.328,0.937,-0.046
14.448,S,388279,0.375,0.937,-0.093
14.477,S,388308,0.281,0.984,-0.046
14.500,S,388330,0.281,0.984,-0.046
14.527,S,388357,0.281,0.937,-0.046
14.549,S,388379,0.328,0.890,-0.046
14.570,S,388400,0.328,0.890,-0.093
14.599,S,388429,0.328,0.937,-0.093
14.620,S,388450,0.328,0.937,-0.046
14.648,S,388478,0.234,0.937,-0.046
14.670,S,388500,0.328,0.937,-0.093
14.697,S,388527,0.328,0.937,-0.046
14.720,S,388550,0.281,0.984,-0.093
14.748,S,388579,0.234,0.937,0.000
14.771,S,388601,0.375,0.890,-0.046
14.798,S,388629,0.281,0.890,-0.046
14.820,S,388650,0.281,0.984,-0.046
14.842,S,388672,0.328,0.937,0.000
14.871,S,388701,0.281,0.937,-0.046
14.906,READY
14.912,M,STILL
14.940,S,388770,0.328,0.984,-0.093
14.963,S,388792,0.281,0.937,-0.046
14.989,S,388819,0.328,0.937,-0.046
15.011,S,388841,0.281,0.937,-0.093
15.041,S,388870,0.328,0.937,-0.093
15.071,S,388900,0.281,0.984,-0.046
15.092,S,388922,0.281,0.890,-0.093
15.122,S,388951,0.281,0.984,0.000
15.144,S,388973,0.328,0.937,0.000
15.173,S,389002,0.328,0.984,-0.093
15.201,S,389030,0.234,0.984,-0.046
15.223,S,389052,0.281,0.984,-0.046
15.252,S,389081,0.328,0.890,-0.046
15.274,S,389103,0.281,0.937,0.000
15.303,S,389132,0.328,0.890,-0.046
15.331,S,389160,0.281,0.984,-0.046
15.353,S,389182,0.281,0.937,-0.046
15.375,S,389204,0.328,0.937,-0.046
15.404,S,389233,0.281,0.984,-0.093
15.426,S,389255,0.281,0.890,-0.093
15.456,S,389285,0.328,0.890,-0.046
15.478,S,389307,0.328,0.937,-0.046
15.505,S,389335,0.281,0.890,-0.046
15.528,S,389357,0.234,0.937,-0.046
15.557,S,389386,0.281,0.937,-0.046
15.588,S,389416,0.328,0.937,-0.046
15.616,S,389445,0.328,0.937,-0.046
15.638,S,389467,0.328,0.937,-0.046
15.666,S,389496,0.281,0.984,-0.046
15.689,S,389518,0.281,0.937,-0.046
15.718,S,389547,0.328,0.937,0.000
15.738,S,389568,0.281,0.937,0.000
15.768,S,389597,0.328,0.984,-0.046
15.790,S,389619,0.328,0.937,-0.093
15.820,S,389648,0.328,0.937,-0.046
15.842,S,389670,0.281,0.984,-0.046
15.871,S,389699,0.281,0.937,-0.046
15.900,S,389728,0.281,0.890,-0.046
15.935,READY
15.942,M,STILL
15.968,S,389797,0.281,0.937,-0.046
15.991,S,389819,0.328,0.984,-0.046
16.020,S,389848,0.281,0.890,-0.046
16.042,S,389870,0.281,0.937,0.000
16.071,S,389899,0.328,0.937,-0.046
16.093,S,389922,0.328,0.937,-0.046
16.122,S,389950,0.328,0.937,-0.046
16.144,S,389973,0.328,0.984,-0.093
16.172,S,390000,0.328,0.984,0.000
16.194,S,390023,0.281,0.937,-0.046
16.223,S,390051,0.281,0.937,0.000
16.245,S,390073,0.234,0.937,0.000
16.274,S,390102,0.328,0.937,-0.046
16.580,S,390132,0.328,1.031,-0.046
16.581,S,390154,0.234,0.984,-0.046
16.582,S,390183,0.328,0.937,-0.046
16.583,S,390205,0.281,0.937,-0.046
16.583,S,390235,0.281,0.937,0.000
16.584,S,390257,0.281,0.937,-0.046
16.585,S,390286,0.375,0.937,-0.093
16.586,S,390308,0.328,0.937,-0.093
16.586,S,390337,0.328,0.937,-0.046
16.587,S,390367,0.328,0.984,-0.046
16.588,S,390389,0.281,0.937,-0.093
16.591,S,390419,0.281,0.937,0.000
16.613,S,390441,0.281,0.984,-0.046
16.642,S,390470,0.281,0.937,-0.093
16.662,S,390491,0.328,0.937,-0.046
16.691,S,390520,0.328,0.937,-0.046
16.712,S,390541,0.281,0.937,-0.046
16.741,S,390569,0.281,0.937,-0.046
16.764,S,390591,0.281,0.984,-0.093
16.792,S,390620,0.281,0.890,-0.046
16.815,S,390643,0.328,0.984,-0.093
16.844,S,390672,0.281,0.937,0.000
16.866,S,390694,0.281,0.984,-0.093
16.894,S,390722,0.281,0.937,-0.093
16.916,S,390744,0.328,0.937,-0.046
16.952,READY
16.958,M,STILL
16.986,S,390814,0.328,0.984,-0.046
17.009,S,390836,0.281,0.984,-0.093
17.036,S,390864,0.281,0.890,-0.046
17.059,S,390886,0.281,0.984,-0.046
17.087,S,390914,0.328,0.937,0.000
17.109,S,390936,0.328,0.984,-0.093
17.138,S,390965,0.234,0.984,-0.046
17.160,S,390988,0.328,0.937,-0.046
17.188,S,391016,0.328,0.937,-0.046
17.210,S,391038,0.281,0.984,-0.046
17.231,S,391059,0.328,0.984,-0.046
17.259,S,391087,0.281,0.937,0.000
17.280,S,391107,0.328,0.984,-0.046
17.301,S,391129,0.328,0.984,0.000
17.323,S,391150,0.281,0.890,-0.093
17.352,S,391178,0.281,0.984,-0.046
17.373,S,391201,0.281,0.890,-0.046
17.402,S,391230,0.281,0.937,-0.046
17.423,S,391251,0.281,0.937,-0.046
17.453,S,391280,0.328,0.937,0.000
17.473,S,391301,0.281,0.937,0.000
17.501,S,391329,0.281,0.890,0.000
17.523,S,391350,0.281,0.890,-0.046
17.543,S,391370,0.281,0.937,-0.046
17.564,S,391390,0.281,0.937,-0.046
17.584,S,391412,0.375,0.937,-0.140
17.612,S,391440,0.281,0.937,-0.046
17.634,S,391461,0.328,0.937,0.000
17.656,S,391483,0.328,0.937,-0.046
17.684,S,391511,0.328,0.937,-0.046
17.705,S,391533,0.328,0.890,0.000
17.735,S,391561,0.328,0.984,-0.046
17.757,S,391584,0.328,0.890,-0.093
17.787,S,391614,0.328,0.984,-0.046
17.809,S,391636,0.281,0.890,-0.093
17.837,S,391664,0.281,0.937,-0.046
17.859,S,391686,0.281,0.937,-0.046
17.888,S,391715,0.281,0.937,-0.046
17.910,S,391737,0.281,0.937,-0.046
17.940,S,391766,0.281,0.984,0.000
17.973,READY
17.980,M,STILL
18.008,S,391834,0.281,0.937,-0.046
18.030,S,391857,0.328,0.937,-0.093
18.058,S,391884,0.281,0.937,-0.046
18.080,S,391907,0.234,0.843,-0.093
18.108,S,391935,0.328,0.937,-0.046
18.130,S,391957,0.281,0.937,-0.093
18.159,S,391986,0.281,0.984,-0.046
18.182,S,392008,0.281,0.937,-0.046
18.210,S,392037,0.281,0.937,0.000
18.232,S,392058,0.281,0.937,0.000
18.261,S,392088,0.328,0.890,-0.046
18.290,S,392117,0.281,0.937,-0.046
18.311,S,392138,0.281,0.890,-0.046
18.341,S,392167,0.281,0.984,0.000
18.363,S,392189,0.328,0.937,-0.046
18.391,S,392217,0.281,0.890,0.000
18.413,S,392239,0.281,0.890,-0.046
18.442,S,392268,0.234,0.984,-0.046
18.464,S,392290,0.281,0.984,-0.046
18.493,S,392319,0.328,0.984,0.000
18.515,S,392341,0.328,0.890,0.000
18.544,S,392370,0.328,0.937,-0.046
18.566,S,392392,0.234,0.937,-0.046
18.595,S,392421,0.281,0.984,-0.046
18.623,S,392449,0.281,0.937,-0.093
18.644,S,392470,0.328,0.984,-0.046
18.666,S,392492,0.328,0.984,-0.046
18.695,S,392521,0.234,0.890,-0.093
18.717,S,392543,0.234,0.937,-0.046
18.746,S,392572,0.328,0.890,-0.046
18.769,S,392595,0.281,0.937,-0.046
18.796,S,392623,0.328,0.937,-0.046
18.819,S,392645,0.234,0.937,-0.093
18.847,S,392673,0.281,0.890,0.000
18.869,S,392695,0.234,0.937,-0.046
18.898,S,392724,0.281,0.984,-0.046
18.920,S,392746,0.281,0.984,-0.046
18.950,S,392776,0.281,0.984,-0.046
18.985,READY
18.992,M,STILL
19.020,S,392846,0.328,0.984,0.000
19.042,S,392867,0.328,0.937,-0.093
19.071,S,392897,0.281,0.890,-0.046
19.093,S,392919,0.281,0.890,-0.046
19.122,S,392948,0.281,0.937,-0.093
19.145,S,392970,0.281,0.937,-0.046
19.173,S,392999,0.328,0.890,-0.093
19.195,S,393021,0.234,0.984,0.000
19.224,S,393050,0.281,1.031,0.000
19.244,S,393070,0.328,0.937,-0.046
19.266,S,393092,0.281,0.937,-0.046
19.296,S,393121,0.281,0.890,-0.046
19.317,S,393143,0.234,0.984,0.000
19.347,S,393172,0.328,0.937,-0.046
19.376,S,393201,0.328,0.890,-0.046
19.398,S,393224,0.281,0.890,0.000
19.427,S,393252,0.328,0.984,-0.046
19.448,S,393274,0.281,0.937,-0.046
19.476,S,393302,0.281,0.937,-0.093
19.499,S,393324,0.281,0.984,-0.046
19.528,S,393353,0.328,0.937,-0.046
19.550,S,393375,0.281,0.984,-0.046
19.579,S,393404,0.281,0.984,-0.046
19.600,S,393425,0.281,0.984,-0.046
19.629,S,393455,0.328,0.937,-0.046
19.651,S,393477,0.328,0.937,-0.046
19.681,S,393506,0.281,0.937,-0.046
19.701,S,393527,0.281,0.984,0.000
19.730,S,393555,0.234,0.984,0.000
19.752,S,393577,0.328,0.984,-0.046
19.781,S,393605,0.281,0.937,-0.046
19.803,S,393627,0.281,0.890,0.000
19.832,S,393656,0.281,0.937,-0.093
19.853,S,393678,0.328,0.984,0.000
19.883,S,393707,0.328,0.937,-0.046
19.911,S,393737,0.281,1.031,-0.046
19.933,S,393758,0.328,0.890,-0.046
19.963,S,393787,0.328,0.937,-0.046
19.995,READY
20.001,M,STILL
20.029,S,393854,0.234,0.984,-0.046
20.051,S,393876,0.328,0.937,-0.046
20.081,S,393905,0.328,0.937,-0.046
20.103,S,393927,0.281,0.984,-0.046
20.132,S,393956,0.328,0.984,-0.046
20.154,S,393978,0.281,0.984,-0.093
20.183,S,394007,0.281,0.984,0.000
20.205,S,394029,0.281,0.937,-0.046
20.233,S,394057,0.281,0.890,-0.046
20.255,S,394079,0.281,0.937,-0.093
20.284,S,394108,0.375,0.937,-0.046
20.586,S,394131,0.328,0.984,0.000
20.587,S,394160,0.281,0.937,-0.046
20.587,S,394182,0.328,0.937,-0.093
20.588,S,394211,0.328,0.937,0.000
20.589,S,394233,0.328,0.937,-0.046
20.589,S,394262,0.328,0.937,-0.046
20.590,S,394284,0.281,0.890,-0.046
20.591,S,394313,0.328,0.984,-0.046
20.591,S,394335,0.281,0.937,-0.093
20.592,S,394364,0.281,0.890,-0.046
20.593,S,394386,0.328,0.984,-0.046
20.593,S,394415,0.281,0.937,-0.046
20.613,S,394437,0.281,0.937,0.000
20.643,S,394467,0.281,0.937,-0.093
20.665,S,394489,0.234,0.984,-0.046
20.694,S,394518,0.281,0.984,-0.046
20.716,S,394540,0.281,0.937,0.000
20.744,S,394568,0.328,0.890,-0.046
20.766,S,394590,0.328,0.984,-0.046
20.794,S,394619,0.328,0.937,-0.046
20.816,S,394641,0.281,0.984,-0.093
20.845,S,394670,0.281,0.937,-0.046
20.868,S,394692,0.328,0.937,-0.046
20.897,S,394721,0.281,0.937,-0.046
20.919,S,394743,0.281,0.937,-0.046
20.948,S,394772,0.328,1.031,-0.046
20.970,S,394794,0.281,0.984,0.000
21.005,READY
21.011,M,STILL
21.039,S,394863,0.328,0.984,-0.046
21.062,S,394885,0.281,0.984,-0.046
21.092,S,394915,0.281,0.984,-0.046
21.114,S,394937,0.328,0.937,-0.046
21.143,S,394966,0.375,0.937,-0.046
21.165,S,394989,0.328,0.984,-0.046
21.193,S,395017,0.328,0.937,-0.046
21.216,S,395039,0.328,0.984,-0.046
21.245,S,395068,0.328,0.984,-0.093
21.267,S,395090,0.328,0.890,0.000
21.296,S,395119,0.328,0.984,-0.093
21.318,S,395142,0.328,0.890,-0.046
21.347,S,395171,0.375,0.984,-0.093
21.369,S,395193,0.281,0.984,-0.046
21.399,S,395222,0.375,0.937,-0.046
21.421,S,395244,0.281,0.984,-0.046
21.450,S,395273,0.328,0.937,0.000
21.472,S,395295,0.234,0.937,-0.046
21.501,S,395324,0.281,0.937,-0.046
21.523,S,395346,0.328,0.890,-0.046
21.552,S,395375,0.281,0.890,-0.046
21.574,S,395397,0.281,0.937,-0.046
21.603,S,395426,0.328,0.890,-0.046
21.625,S,395448,0.281,0.937,0.000
21.654,S,395477,0.328,0.984,-0.046
21.676,S,395499,0.281,0.984,-0.093
21.705,S,395528,0.281,0.937,-0.046
21.727,S,395550,0.281,0.890,-0.046
21.756,S,395579,0.281,0.937,-0.046
21.779,S,395602,0.281,0.984,-0.046
21.809,S,395632,0.328,0.984,-0.093
21.831,S,395654,0.281,0.937,-0.046
21.860,S,395683,0.281,0.937,-0.046
21.883,S,395705,0.328,0.937,-0.046
21.912,S,395735,0.281,0.937,-0.046
21.934,S,395757,0.328,0.937,0.000
21.963,S,395786,0.328,0.890,-0.046
21.984,S,395807,0.328,0.937,-0.046
22.018,READY
22.025,M,STILL
22.055,S,395877,0.375,0.937,0.000
22.077,S,395900,0.281,0.984,-0.046
22.106,S,395929,0.281,0.984,-0.046
22.128,S,395951,0.281,0.937,0.000
22.158,S,395980,0.281,0.937,-0.046
22.188,S,396010,0.328,0.890,-0.093
22.217,S,396039,0.328,0.937,-0.046
22.239,S,396062,0.328,0.984,0.000
22.268,S,396091,0.281,0.984,-0.046
22.291,S,396113,0.281,0.937,-0.046
22.319,S,396142,0.281,0.937,-0.093
22.342,S,396164,0.281,0.984,-0.046
22.372,S,396194,0.281,0.984,-0.046
22.393,S,396216,0.281,0.937,-0.046
22.423,S,396245,0.328,0.937,-0.046
22.445,S,396267,0.328,0.937,-0.046
22.474,S,396296,0.281,0.937,0.000
22.496,S,396318,0.328,0.890,0.000
22.525,S,396347,0.328,0.984,-0.093
22.546,S,396369,0.281,0.937,0.000
22.576,S,396398,0.234,0.984,-0.046
22.598,S,396420,0.281,1.031,0.000
22.627,S,396449,0.328,0.937,-0.046
22.649,S,396471,0.281,0.890,-0.046
22.678,S,396500,0.281,0.937,0.000
22.700,S,396522,0.281,0.937,-0.046
22.729,S,396551,0.281,0.937,-0.046
22.751,S,396573,0.281,0.937,-0.093
22.780,S,396602,0.328,0.937,-0.046
22.803,S,396624,0.281,0.984,-0.046
22.831,S,396653,0.281,0.937,0.000
22.854,S,396675,0.281,0.937,0.000
22.883,S,396705,0.328,0.984,-0.046
22.912,S,396733,0.375,0.984,-0.046
22.934,S,396756,0.281,0.937,-0.046
22.962,S,396784,0.328,0.890,-0.046
22.983,S,396805,0.281,0.890,-0.093
23.005,S,396827,0.281,0.984,-0.046
23.040,READY
23.046,M,STILL
23.075,S,396897,0.281,0.937,-0.046
23.098,S,396920,0.281,0.984,-0.046
23.127,S,396949,0.328,0.937,-0.046
23.149,S,396971,0.375,0.984,-0.093
23.178,S,396999,0.328,0.937,-0.046
23.200,S,397022,0.281,0.937,0.000
23.228,S,397050,0.281,0.890,0.000
23.251,S,397073,0.281,0.984,-0.046
23.280,S,397102,0.281,0.937,-0.046
23.302,S,397124,0.328,0.890,0.000
23.331,S,397152,0.328,0.984,-0.046
23.353,S,397174,0.328,0.937,-0.046
23.381,S,397203,0.328,0.937,-0.046
23.404,S,397226,0.328,0.937,-0.046
23.433,S,397255,0.328,0.937,-0.046
23.455,S,397277,0.281,0.937,-0.046
23.483,S,397305,0.281,0.984,-0.046
23.505,S,397327,0.375,0.937,-0.046
23.534,S,397356,0.375,0.937,-0.046
23.557,S,397378,0.281,0.890,-0.046
23.586,S,397408,0.281,0.890,-0.046
23.609,S,397430,0.234,0.937,-0.093
23.636,S,397457,0.281,0.984,0.046
23.658,S,397479,0.328,0.937,-0.046
23.680,S,397501,0.375,0.984,-0.046
23.709,S,397530,0.281,0.937,-0.046
23.731,S,397552,0.328,0.937,-0.093
23.760,S,397581,0.281,0.937,-0.093
23.782,S,397603,0.328,0.890,0.000
23.811,S,397632,0.281,0.937,-0.046
23.833,S,397654,0.328,0.937,-0.046
23.862,S,397683,0.375,0.937,-0.046
23.884,S,397705,0.281,0.937,-0.093
23.913,S,397734,0.281,0.984,0.000
23.935,S,397756,0.328,0.984,-0.093
23.965,S,397785,0.281,0.984,-0.046
23.986,S,397808,0.281,0.984,-0.046
24.016,S,397837,0.328,0.984,-0.046
24.051,READY
24.058,M,STILL
24.087,S,397908,0.234,0.937,-0.093
24.109,S,397930,0.281,0.984,-0.046
24.138,S,397959,0.328,0.937,-0.046
24.160,S,397981,0.328,0.937,-0.093
24.189,S,398010,0.328,0.937,0.000
24.211,S,398032,0.281,0.937,-0.046
24.241,S,398061,0.234,0.937,-0.046
24.263,S,398083,0.281,0.890,0.000
24.291,S,398112,0.328,0.937,-0.046
24.608,S,398134,0.281,0.937,-0.093
24.609,S,398163,0.281,0.937,-0.046
24.610,S,398186,0.281,0.890,-0.046
24.610,S,398215,0.281,0.937,-0.046
24.611,S,398237,0.281,0.984,-0.046
24.612,S,398265,0.328,0.984,-0.046
24.613,S,398287,0.281,0.984,-0.046
24.613,S,398316,0.281,0.984,-0.093
24.614,S,398338,0.281,0.937,-0.093
24.615,S,398367,0.328,0.984,-0.046
24.616,S,398389,0.328,0.890,-0.093
24.616,S,398418,0.281,0.937,0.000
24.619,S,398440,0.328,0.984,-0.093
24.649,S,398469,0.281,0.937,-0.046
24.671,S,398491,0.328,0.984,-0.046
24.699,S,398519,0.328,1.031,-0.093
24.720,S,398540,0.375,0.984,-0.046
24.741,S,398561,0.234,0.937,-0.046
24.770,S,398590,0.328,0.890,-0.093
24.791,S,398612,0.328,0.984,-0.046
24.820,S,398640,0.281,0.984,-0.046
24.843,S,398663,0.281,0.937,-0.046
24.872,S,398692,0.328,0.937,-0.046
24.894,S,398714,0.375,0.984,-0.046
24.924,S,398744,0.328,0.937,-0.046
24.946,S,398766,0.328,0.937,-0.093
24.976,S,398796,0.328,0.937,-0.046
24.998,S,398818,0.328,0.984,-0.046
25.027,S,398847,0.281,0.937,-0.046
25.063,READY
25.070,M,STILL
25.099,S,398919,0.328,0.890,-0.046
25.127,S,398947,0.281,0.937,-0.046
25.148,S,398968,0.234,0.937,-0.046
25.169,S,398989,0.328,0.937,0.000
25.191,S,399011,0.281,0.937,-0.046
25.220,S,399040,0.328,0.890,-0.093
25.242,S,399062,0.281,0.937,-0.046
25.271,S,399091,0.281,0.937,0.000
25.293,S,399114,0.281,0.984,-0.046
25.322,S,399142,0.281,0.984,-0.046
25.352,S,399171,0.281,0.984,-0.046
25.372,S,399193,0.328,0.984,-0.093
25.402,S,399221,0.281,0.937,0.000
25.423,S,399243,0.234,0.937,-0.046
25.444,S,399263,0.328,0.937,-0.046
25.473,S,399293,0.375,0.984,-0.093
25.495,S,399315,0.328,0.890,-0.140
25.524,S,399344,0.281,0.984,0.000
25.547,S,399366,0.281,0.937,-0.046
25.576,S,399395,0.281,0.890,-0.046
25.597,S,399417,0.281,0.890,-0.046
25.626,S,399446,0.328,0.890,-0.046
25.648,S,399468,0.328,0.984,0.000
25.676,S,399496,0.328,0.937,0.000
25.698,S,399518,0.328,0.937,-0.046
25.720,S,399539,0.375,0.890,0.000
25.749,S,399569,0.234,0.937,0.000
25.778,S,399598,0.328,0.937,-0.046
25.800,S,399620,0.328,0.937,-0.046
25.829,S,399648,0.281,0.937,-0.093
25.851,S,399670,0.375,0.937,-0.093
25.872,S,399691,0.281,0.984,-0.093
25.900,S,399719,0.328,0.890,-0.046
25.922,S,399742,0.281,0.984,0.000
25.951,S,399771,0.281,0.937,0.000
25.974,S,399793,0.281,0.937,-0.046
26.002,S,399822,0.328,0.984,0.000
26.025,S,399844,0.328,0.984,-0.046
26.054,S,399873,0.328,0.937,-0.046
26.089,READY
26.095,M,STILL
26.123,S,399942,0.328,0.890,-0.046
26.145,S,399964,0.281,0.937,-0.093
26.174,S,399993,0.281,0.937,0.000
26.196,S,400015,0.281,0.890,-0.046
26.223,S,400043,0.328,1.031,0.000
26.245,S,400064,0.328,1.031,0.000
26.267,S,400086,0.328,0.984,-0.046
26.296,S,400115,0.328,0.984,-0.046
26.318,S,400137,0.328,0.890,-0.046
26.347,S,400166,0.281,0.937,-0.046
26.369,S,400188,0.328,0.937,-0.046
26.398,S,400217,0.234,0.937,-0.093
26.420,S,400239,0.281,0.984,-0.046
26.449,S,400268,0.281,0.937,-0.093
26.471,S,400290,0.375,0.937,-0.093
26.500,S,400319,0.328,1.031,-0.046
26.522,S,400341,0.281,0.890,-0.093
26.551,S,400370,0.328,0.984,-0.046
26.573,S,400392,0.328,0.984,-0.046
26.603,S,400421,0.328,0.937,0.000
26.624,S,400442,0.328,0.937,-0.093
26.653,S,400471,0.328,0.984,-0.046
26.682,S,400500,0.234,1.031,-0.046
26.704,S,400523,0.281,0.984,-0.046
26.733,S,400552,0.234,0.890,-0.046
26.755,S,400574,0.328,0.937,-0.046
26.783,S,400602,0.328,0.984,-0.046
26.805,S,400624,0.328,0.984,-0.046
26.834,S,400653,0.281,0.890,-0.046
26.856,S,400675,0.328,0.984,-0.046
26.885,S,400704,0.328,0.937,-0.046
26.907,S,400726,0.281,0.937,-0.093
26.937,S,400755,0.281,0.937,-0.093
26.958,S,400777,0.328,0.937,0.000
26.988,S,400806,0.281,0.984,-0.046
27.010,S,400828,0.328,0.984,-0.046
27.038,S,400856,0.328,0.937,-0.046
27.060,S,400878,0.234,0.984,-0.046
27.095,READY
27.100,M,STILL
27.129,S,400947,0.281,0.937,-0.046
27.151,S,400969,0.281,0.937,-0.046
27.180,S,400999,0.281,1.031,-0.046
27.201,S,401020,0.328,0.937,0.000
27.230,S,401049,0.281,0.937,-0.046
27.253,S,401071,0.281,0.890,0.000
27.281,S,401099,0.281,0.984,-0.046
27.303,S,401121,0.281,0.984,-0.046
27.331,S,401149,0.234,0.937,-0.046
27.352,S,401171,0.281,0.937,-0.046
27.382,S,401200,0.328,0.890,-0.046
27.404,S,401222,0.328,0.984,0.000
27.431,S,401249,0.375,0.937,-0.046
27.453,S,401272,0.328,0.984,-0.046
27.475,S,401293,0.328,0.937,-0.046
27.504,S,401322,0.281,0.984,-0.046
27.526,S,401344,0.281,0.984,0.000
27.555,S,401373,0.328,0.984,-0.046
27.576,S,401394,0.328,0.937,-0.046
27.605,S,401423,0.281,0.937,-0.093
27.628,S,401445,0.281,0.937,-0.046
27.656,S,401473,0.328,0.937,0.000
27.677,S,401494,0.328,0.984,-0.093
27.706,S,401524,0.281,0.937,-0.093
27.728,S,401546,0.328,0.984,0.000
27.756,S,401574,0.375,0.937,-0.093
27.779,S,401596,0.328,0.984,-0.046
27.808,S,401626,0.281,0.937,-0.046
27.839,S,401655,0.234,0.937,-0.046
27.860,S,401678,0.328,0.984,-0.093
27.889,S,401707,0.281,0.984,-0.046
27.911,S,401729,0.328,0.937,-0.093
27.941,S,401758,0.328,0.937,0.000
27.963,S,401780,0.281,0.937,-0.046
27.992,S,401809,0.328,0.984,-0.046
28.014,S,401831,0.328,0.984,-0.093
28.042,S,401860,0.281,0.937,-0.046
28.065,S,401882,0.328,0.984,-0.046
28.100,READY
28.106,M,STILL
28.135,S,401952,0.328,0.937,0.000
28.158,S,401975,0.328,0.984,-0.046
28.187,S,402003,0.328,0.937,-0.093
28.208,S,402025,0.281,0.937,-0.093
28.236,S,402053,0.281,0.937,-0.046
28.257,S,402074,0.375,0.984,-0.046
28.286,S,402103,0.234,0.984,-0.046
28.309,S,402126,0.281,0.890,-0.046
28.624,S,402155,0.328,0.937,-0.046
28.625,S,402177,0.328,0.937,0.000
28.626,S,402206,0.328,1.031,0.000
28.627,S,402228,0.328,1.031,-0.046
28.628,S,402257,0.328,0.984,-0.046
28.628,S,402278,0.328,0.937,-0.046
28.629,S,402307,0.281,0.937,-0.046
28.630,S,402329,0.328,0.984,-0.046
28.630,S,402357,0.328,0.937,-0.046
28.631,S,402379,0.281,0.937,-0.046
28.632,S,402400,0.281,0.937,0.000
28.632,S,402428,0.281,0.890,-0.046
28.633,S,402450,0.281,0.937,-0.046
28.663,S,402479,0.281,0.890,-0.093
28.685,S,402501,0.281,0.937,-0.093
28.714,S,402531,0.328,0.937,0.000
28.735,S,402552,0.328,0.937,0.000
28.764,S,402581,0.281,0.984,-0.046
28.786,S,402603,0.328,0.937,-0.046
28.814,S,402631,0.281,0.937,-0.046
28.835,S,402652,0.281,0.937,-0.046
28.856,S,402673,0.234,1.031,0.000
28.885,S,402702,0.328,0.937,-0.046
28.907,S,402724,0.328,0.937,-0.046
28.936,S,402753,0.281,0.890,-0.046
28.957,S,402774,0.328,0.937,0.000
28.987,S,402803,0.328,0.984,-0.046
29.009,S,402825,0.328,0.984,-0.046
29.037,S,402853,0.281,0.937,-0.046
29.059,S,402875,0.328,0.937,0.000
29.088,S,402905,0.328,0.890,-0.046
29.123,READY
29.130,M,STILL
29.158,S,402974,0.281,0.937,-0.046
29.187,S,403003,0.281,1.031,-0.093
29.207,S,403023,0.328,0.937,-0.046
29.229,S,403046,0.281,0.937,-0.046
29.258,S,403075,0.328,0.937,-0.046
29.280,S,403097,0.281,0.984,0.000
29.308,S,403124,0.328,0.890,0.000
29.330,S,403146,0.281,0.937,-0.093
29.352,S,403168,0.328,0.937,-0.046
29.380,S,403197,0.281,0.984,-0.093
29.403,S,403219,0.281,0.937,-0.093
29.432,S,403248,0.281,0.890,0.000
29.453,S,403270,0.281,0.937,-0.046
29.481,S,403297,0.281,0.890,-0.046
29.502,S,403318,0.281,0.937,-0.093
29.523,S,403339,0.281,0.937,-0.046
29.544,S,403360,0.281,0.890,-0.093
29.573,S,403389,0.281,1.031,-0.046
29.596,S,403411,0.375,0.890,-0.046
29.624,S,403441,0.328,0.984,0.000
29.646,S,403462,0.328,0.890,-0.093
29.673,S,403489,0.328,0.984,-0.046
29.695,S,403512,0.328,0.984,0.000
29.716,S,403532,0.281,0.937,-0.046
29.746,S,403561,0.328,0.937,0.000
29.768,S,403583,0.375,1.031,-0.046
29.797,S,403612,0.328,0.890,-0.046
29.819,S,403635,0.281,0.937,-0.093
29.848,S,403664,0.281,0.937,-0.046
29.871,S,403686,0.281,0.984,-0.093
29.899,S,403715,0.328,0.937,-0.046
29.922,S,403737,0.281,0.937,-0.046
29.950,S,403766,0.281,0.937,-0.046
29.973,S,403788,0.328,0.937,-0.046
30.002,S,403817,0.281,0.937,-0.046
30.024,S,403839,0.328,0.937,0.000
30.053,S,403868,0.281,0.937,-0.046
30.075,S,403890,0.281,0.937,-0.093
30.103,S,403919,0.281,0.890,0.000
30.139,READY
30.146,M,STILL
30.174,S,403989,0.281,0.890,-0.046
30.197,S,404012,0.328,0.984,-0.093
30.226,S,404041,0.281,0.890,0.000
30.247,S,404063,0.281,0.890,-0.046
30.276,S,404092,0.328,0.890,-0.046
30.299,S,404114,0.328,1.031,-0.046
30.327,S,404143,0.281,0.937,-0.046
30.350,S,404165,0.281,0.937,-0.046
30.379,S,404194,0.281,0.937,-0.046
30.401,S,404216,0.375,0.937,-0.046
30.430,S,404245,0.328,0.890,-0.046
30.452,S,404267,0.328,0.984,-0.046
30.481,S,404296,0.375,0.890,-0.093
30.503,S,404318,0.328,0.984,0.000
30.532,S,404347,0.328,0.984,-0.046
30.555,S,404370,0.281,0.890,0.000
30.583,S,404398,0.281,0.984,-0.046
30.605,S,404420,0.281,0.937,-0.046
30.634,S,404448,0.234,0.937,-0.046
30.656,S,404471,0.328,0.984,-0.046
30.685,S,404500,0.281,0.937,-0.046
30.707,S,404522,0.328,0.984,-0.046
30.736,S,404551,0.281,0.984,-0.046
30.758,S,404573,0.281,0.984,-0.046
30.787,S,404602,0.281,0.984,-0.093
30.809,S,404624,0.328,0.937,-0.093
30.838,S,404653,0.281,0.937,-0.046
30.868,S,404682,0.281,0.984,-0.046
30.890,S,404704,0.234,0.937,-0.093
30.919,S,404734,0.234,0.937,-0.046
30.941,S,404756,0.281,0.984,-0.046
30.969,S,404783,0.234,0.937,-0.093
30.991,S,404805,0.281,0.984,-0.046
31.013,S,404828,0.281,0.890,-0.093
31.042,S,404856,0.328,0.984,-0.046
31.064,S,404879,0.281,0.937,-0.046
31.093,S,404908,0.281,0.937,-0.046
31.116,S,404930,0.281,0.984,-0.046
31.151,READY
31.158,M,STILL
31.186,S,405000,0.328,0.937,0.000
31.208,S,405023,0.281,0.937,0.000
31.236,S,405050,0.328,0.984,-0.046
31.258,S,405073,0.281,0.937,-0.046
31.288,S,405102,0.328,0.937,-0.046
31.310,S,405124,0.281,0.937,-0.093
31.338,S,405153,0.281,0.937,0.000
31.360,S,405175,0.281,0.984,-0.046
31.390,S,405204,0.328,0.937,-0.093
31.412,S,405226,0.328,0.937,-0.046
31.441,S,405255,0.328,1.031,-0.046
31.463,S,405277,0.328,0.890,-0.046
31.492,S,405307,0.281,0.984,0.000
31.515,S,405329,0.234,0.890,-0.093
31.544,S,405358,0.281,0.984,-0.093
31.566,S,405380,0.234,0.937,-0.046
31.595,S,405409,0.328,0.984,-0.046
31.616,S,405430,0.281,0.937,-0.046
31.645,S,405459,0.328,0.984,-0.046
31.667,S,405481,0.328,0.937,-0.046
31.695,S,405509,0.328,0.890,0.000
31.716,S,405530,0.281,0.937,0.000
31.737,S,405551,0.281,0.937,-0.093
31.766,S,405580,0.281,0.984,-0.046
31.787,S,405601,0.281,0.984,-0.046
31.816,S,405630,0.281,0.937,-0.046
31.839,S,405652,0.281,0.890,-0.046
31.868,S,405681,0.281,0.984,-0.046
31.889,S,405704,0.328,0.890,-0.046
31.918,S,405731,0.328,0.937,-0.046
31.940,S,405754,0.281,0.937,-0.046
31.969,S,405783,0.281,0.937,-0.046
31.992,S,405805,0.281,0.984,-0.046
32.021,S,405834,0.328,0.937,-0.046
32.043,S,405856,0.328,0.890,-0.093
32.071,S,405885,0.328,0.937,0.000
32.094,S,405907,0.328,0.937,-0.093
32.123,S,405936,0.281,0.984,-0.093
32.158,READY
32.165,M,STILL
32.192,S,406007,0.328,0.937,-0.093
32.216,S,406029,0.328,0.890,-0.093
32.244,S,406058,0.328,0.890,-0.046
32.267,S,406080,0.328,0.937,-0.046
32.295,S,406109,0.328,0.937,0.000
32.318,S,406131,0.328,0.937,-0.046
32.620,S,406160,0.281,0.984,-0.046
32.621,S,406182,0.281,0.937,-0.046
32.622,S,406211,0.281,0.984,-0.046
32.623,S,406233,0.281,0.984,-0.093
32.623,S,406262,0.281,0.890,-0.046
32.624,S,406284,0.281,0.937,-0.140
32.625,S,406313,0.328,0.937,-0.046
32.626,S,406335,0.281,0.890,-0.046
32.626,S,406364,0.281,0.937,0.000
32.627,S,406386,0.234,0.937,-0.093
32.628,S,406416,0.328,0.984,-0.093
32.629,S,406438,0.281,0.937,-0.046
32.654,S,406467,0.328,0.937,-0.046
32.676,S,406489,0.281,0.890,-0.046
32.706,S,406518,0.328,0.984,-0.046
32.734,S,406548,0.328,0.937,-0.046
32.757,S,406570,0.281,0.937,-0.046
32.786,S,406599,0.328,0.984,0.000
32.808,S,406621,0.281,0.890,-0.093
32.837,S,406650,0.281,0.890,-0.046
32.859,S,406672,0.328,0.937,-0.046
32.888,S,406701,0.234,0.890,-0.046
32.910,S,406723,0.281,0.937,-0.046
32.939,S,406752,0.328,0.984,-0.046
32.961,S,406774,0.281,0.937,-0.046
32.990,S,406802,0.281,0.937,-0.046
33.012,S,406824,0.281,0.937,-0.093
33.041,S,406853,0.328,0.984,-0.046
33.063,S,406875,0.281,0.984,0.000
33.092,S,406904,0.281,0.984,-0.046
33.121,S,406933,0.328,0.937,-0.093
33.143,S,406956,0.328,1.031,-0.046
33.179,READY
33.186,M,STILL
33.215,S,407027,0.281,0.984,-0.046
33.245,S,407057,0.281,0.937,0.000
33.274,S,407086,0.281,0.984,-0.046
33.296,S,407109,0.281,0.984,-0.046
33.325,S,407137,0.375,0.984,-0.093
33.347,S,407159,0.281,0.937,0.000
33.376,S,407188,0.281,1.031,-0.093
33.398,S,407210,0.328,0.984,-0.046
33.427,S,407239,0.328,0.937,-0.046
33.455,S,407268,0.328,0.984,-0.093
33.478,S,407290,0.328,0.984,-0.046
33.507,S,407319,0.328,0.937,-0.046
33.529,S,407341,0.281,0.984,-0.046
33.558,S,407370,0.328,0.984,-0.046
33.580,S,407392,0.328,0.937,-0.046
33.609,S,407421,0.375,0.937,-0.093
33.632,S,407443,0.281,0.984,-0.093
33.660,S,407472,0.375,0.937,0.000
33.682,S,407494,0.281,0.937,-0.046
33.711,S,407523,0.328,0.984,-0.046
33.733,S,407545,0.281,0.984,-0.046
33.763,S,407574,0.375,0.937,-0.046
33.784,S,407596,0.234,0.984,0.000
33.812,S,407624,0.281,0.937,-0.046
33.834,S,407646,0.281,0.984,0.000
33.864,S,407675,0.328,0.984,-0.046
33.884,S,407695,0.281,0.937,-0.046
33.906,S,407717,0.281,0.937,0.000
33.933,S,407745,0.281,0.937,-0.093
33.954,S,407766,0.328,0.890,-0.046
33.976,S,407788,0.281,0.937,0.000
34.004,S,407816,0.281,0.937,-0.046
34.027,S,407838,0.328,0.890,-0.093
34.056,S,407868,0.281,0.937,-0.093
34.078,S,407890,0.328,0.937,-0.046
34.107,S,407919,0.328,0.984,0.000
34.130,S,407941,0.328,0.937,-0.093
34.159,S,407970,0.281,0.937,-0.046
34.193,READY
34.200,M,STILL
34.230,S,408040,0.328,0.937,-0.093
34.251,S,408062,0.281,0.937,-0.093
34.280,S,408091,0.281,0.937,-0.046
34.300,S,408112,0.328,0.937,-0.046
34.329,S,408140,0.328,0.984,-0.093
34.350,S,408162,0.281,0.890,-0.046
34.379,S,408191,0.281,0.984,-0.046
34.402,S,408213,0.281,0.937,-0.046
34.431,S,408242,0.281,0.984,0.000
34.453,S,408264,0.281,0.984,-0.093
34.481,S,408293,0.328,0.984,0.000
34.504,S,408315,0.328,0.984,-0.046
34.531,S,408342,0.281,0.937,-0.046
34.554,S,408365,0.281,0.890,-0.093
34.575,S,408387,0.281,0.984,0.000
34.604,S,408416,0.281,0.984,0.000
34.625,S,408437,0.281,0.937,-0.046
34.655,S,408466,0.281,0.984,-0.093
34.677,S,408488,0.328,0.937,-0.046
34.706,S,408517,0.328,0.984,-0.093
34.728,S,408539,0.281,0.890,-0.046
34.756,S,408567,0.281,0.937,-0.046
34.779,S,408589,0.281,0.984,-0.093
34.807,S,408618,0.281,0.937,-0.046
34.829,S,408640,0.281,0.937,-0.046
34.858,S,408669,0.328,0.984,-0.093
34.879,S,408690,0.281,0.937,-0.093
34.907,S,408718,0.328,0.937,0.000
34.929,S,408740,0.281,0.937,-0.046
34.958,S,408769,0.281,0.890,-0.093
34.979,S,408790,0.281,0.984,0.000
35.009,S,408819,0.281,0.937,-0.046
35.030,S,408840,0.281,0.890,-0.093
35.058,S,408869,0.281,0.937,-0.046
35.080,S,408891,0.328,0.890,-0.046
35.110,S,408920,0.281,0.937,0.000
35.140,S,408950,0.281,0.937,0.000
35.162,S,408973,0.328,0.984,-0.046
35.196,READY
35.203,M,STILL
35.232,S,409042,0.328,0.890,-0.046
35.254,S,409064,0.281,0.937,-0.046
35.282,S,409093,0.281,0.937,0.000
35.304,S,409115,0.328,0.890,-0.093
35.332,S,409142,0.234,0.984,0.000
35.352,S,409163,0.281,0.937,-0.093
35.373,S,409184,0.328,0.984,0.000
35.403,S,409213,0.234,0.984,0.000
35.425,S,409236,0.281,0.937,-0.046
35.454,S,409265,0.281,0.984,-0.046
35.476,S,409287,0.234,0.890,-0.093
35.505,S,409316,0.328,0.937,-0.093
35.528,S,409338,0.281,0.937,-0.046
35.557,S,409367,0.281,0.937,-0.046
35.579,S,409389,0.375,0.937,-0.046
35.608,S,409418,0.281,0.890,0.000
35.630,S,409440,0.328,0.937,-0.046
35.651,S,409461,0.328,0.937,-0.093
35.680,S,409490,0.328,0.984,0.000
35.702,S,409513,0.375,0.890,-0.093
35.732,S,409542,0.234,0.890,-0.093
35.754,S,409564,0.281,0.937,-0.046
35.782,S,409592,0.281,0.937,-0.046
35.804,S,409614,0.281,0.937,-0.046
35.833,S,409643,0.281,0.984,-0.093
35.855,S,409665,0.234,0.890,0.000
35.884,S,409694,0.281,0.937,-0.046
35.906,S,409716,0.281,0.890,-0.046
35.936,S,409746,0.328,0.937,-0.093
35.966,S,409776,0.328,0.937,-0.046
35.989,S,409799,0.281,0.937,-0.046
36.015,S,409826,0.328,0.937,-0.046
36.038,S,409848,0.281,0.937,-0.093
36.060,S,409870,0.234,0.937,-0.046
36.089,S,409899,0.281,0.984,-0.093
36.111,S,409921,0.328,0.937,-0.046
36.141,S,409951,0.281,0.984,-0.046
36.164,S,409973,0.281,0.937,-0.046
36.199,READY
36.206,M,STILL
36.234,S,410044,0.281,0.937,0.000
36.256,S,410066,0.281,0.937,-0.093
36.285,S,410095,0.328,0.937,-0.093
36.307,S,410117,0.375,0.937,-0.046
36.336,S,410146,0.281,0.890,-0.046
36.640,S,410168,0.281,0.984,-0.046
36.641,S,410197,0.281,0.984,-0.046
36.642,S,410218,0.328,0.937,-0.046
36.642,S,410247,0.281,0.937,-0.046
36.643,S,410269,0.328,0.984,-0.046
36.644,S,410298,0.234,0.984,-0.046
36.645,S,410320,0.281,1.031,-0.046
36.646,S,410349,0.328,0.937,-0.093
36.646,S,410371,0.281,0.984,-0.046
36.647,S,410401,0.281,0.937,-0.046
36.648,S,410423,0.328,0.984,-0.046
36.649,S,410452,0.281,0.890,-0.046
36.664,S,410473,0.328,0.937,-0.093
36.692,S,410501,0.328,0.984,-0.046
36.715,S,410524,0.328,0.937,-0.093
36.735,S,410545,0.328,0.937,-0.046
36.764,S,410574,0.328,0.937,-0.046
36.787,S,410596,0.281,0.937,-0.046
36.815,S,410625,0.281,0.937,-0.046
36.838,S,410647,0.328,0.890,-0.046
36.866,S,410676,0.281,0.984,-0.046
36.889,S,410698,0.328,0.937,-0.046
36.918,S,410727,0.234,0.937,-0.046
36.940,S,410749,0.328,0.984,0.000
36.969,S,410778,0.328,0.937,-0.046
36.999,S,410808,0.281,0.984,-0.093
37.022,S,410830,0.281,0.890,-0.046
37.050,S,410859,0.281,0.937,-0.046
37.072,S,410881,0.328,0.890,-0.093
37.101,S,410910,0.281,0.984,-0.046
37.124,S,410932,0.328,0.937,-0.046
37.151,S,410960,0.281,0.937,0.000
37.173,S,410981,0.328,0.984,-0.046
37.208,READY
37.215,M,STILL
37.243,S,411052,0.281,0.984,0.000
37.266,S,411074,0.328,0.984,-0.046
37.296,S,411104,0.281,0.937,-0.093
37.317,S,411126,0.281,0.937,-0.046
37.347,S,411156,0.328,0.984,-0.046
37.369,S,411178,0.281,0.937,-0.046
37.398,S,411207,0.328,0.984,-0.093
37.419,S,411228,0.234,0.937,-0.046
37.448,S,411257,0.234,0.937,0.000
37.470,S,411279,0.281,0.937,-0.046
37.499,S,411308,0.328,0.937,-0.046
37.521,S,411329,0.328,0.890,-0.046
37.550,S,411358,0.281,0.937,-0.046
37.571,S,411380,0.328,0.937,-0.046
37.601,S,411409,0.281,0.937,-0.093
37.623,S,411431,0.281,0.937,-0.046
37.651,S,411459,0.281,0.890,-0.093
37.673,S,411481,0.328,0.984,-0.093
37.701,S,411510,0.328,0.984,-0.093
37.724,S,411532,0.281,0.937,0.000
37.752,S,411560,0.281,0.984,0.000
37.773,S,411581,0.328,0.937,-0.046
37.802,S,411610,0.328,0.937,0.000
37.823,S,411631,0.375,0.937,-0.046
37.844,S,411652,0.281,0.984,-0.093
37.873,S,411681,0.328,0.890,-0.093
37.894,S,411702,0.328,0.937,0.000
37.924,S,411732,0.281,0.984,-0.093
37.953,S,411762,0.234,0.890,-0.046
37.975,S,411784,0.234,0.937,-0.046
38.004,S,411812,0.375,0.984,0.000
38.026,S,411833,0.328,0.937,0.000
38.055,S,411862,0.375,0.937,-0.046
38.077,S,411885,0.328,0.937,-0.046
38.105,S,411914,0.328,0.890,-0.046
38.128,S,411936,0.328,0.937,-0.093
38.157,S,411965,0.328,0.937,-0.093
38.180,S,411987,0.328,0.984,-0.046
38.215,READY
38.222,M,STILL
38.249,S,412057,0.281,0.937,-0.093
38.270,S,412078,0.234,0.984,-0.046
38.292,S,412100,0.328,0.937,-0.046
38.321,S,412129,0.281,0.937,-0.093
38.343,S,412151,0.281,0.984,-0.046
38.372,S,412180,0.328,0.984,-0.046
38.394,S,412202,0.281,0.984,-0.046
38.424,S,412231,0.328,0.937,-0.093
38.446,S,412253,0.421,0.937,-0.093
38.475,S,412282,0.281,0.937,-0.046
38.497,S,412304,0.281,0.937,0.000
38.526,S,412333,0.281,0.984,-0.093
38.547,S,412354,0.328,0.984,-0.046
38.566,S,412374,0.281,0.984,-0.093
38.595,S,412403,0.328,1.031,-0.093
38.618,S,412425,0.328,0.984,-0.093
38.648,S,412455,0.328,0.937,-0.046
38.670,S,412478,0.328,0.890,-0.046
38.700,S,412507,0.328,0.937,-0.046
38.722,S,412529,0.281,0.984,0.000
38.751,S,412558,0.234,0.937,-0.046
38.772,S,412580,0.375,0.890,-0.093
38.802,S,412608,0.328,0.984,-0.046
38.823,S,412630,0.281,0.937,0.000
38.852,S,412659,0.281,0.890,-0.046
38.875,S,412682,0.281,0.937,-0.046
38.904,S,412711,0.328,0.984,-0.046
38.926,S,412733,0.281,0.937,-0.046
38.955,S,412762,0.281,0.937,-0.093
38.977,S,412784,0.375,0.937,0.000
39.006,S,412813,0.328,0.937,-0.046
39.028,S,412835,0.281,0.937,-0.046
39.057,S,412864,0.281,0.984,0.000
39.080,S,412886,0.328,0.984,0.000
39.109,S,412916,0.234,0.937,-0.046
39.131,S,412938,0.281,0.937,0.000
39.160,S,412967,0.281,0.984,-0.046
39.183,S,412989,0.281,0.984,-0.046
39.216,READY
39.223,M,STILL
39.252,S,413058,0.328,0.937,-0.046
39.274,S,413081,0.328,0.890,-0.093
39.302,S,413109,0.328,0.984,0.000
39.325,S,413132,0.281,0.937,0.000
39.353,S,413160,0.234,0.937,-0.046
39.376,S,413183,0.328,0.937,-0.046
39.404,S,413210,0.281,0.937,-0.046
39.426,S,413232,0.281,0.937,-0.046
39.447,S,413254,0.281,0.937,-0.093
39.475,S,413282,0.328,0.937,-0.046
39.496,S,413303,0.328,0.984,-0.093
39.519,S,413325,0.328,0.984,-0.046
39.547,S,413354,0.328,0.937,-0.046
39.569,S,413376,0.281,0.984,0.000
39.597,S,413404,0.375,0.984,-0.046
39.619,S,413426,0.328,0.937,-0.046
39.648,S,413454,0.281,0.937,-0.093
39.669,S,413475,0.328,0.984,-0.046
39.698,S,413504,0.234,0.937,-0.093
39.720,S,413527,0.328,0.937,0.000
39.748,S,413555,0.281,1.031,-0.093
39.770,S,413577,0.281,0.937,-0.046
39.800,S,413607,0.328,0.984,-0.093
39.822,S,413629,0.281,0.984,-0.046
39.851,S,413657,0.281,0.937,0.000
39.873,S,413679,0.328,0.937,-0.046
39.902,S,413708,0.328,0.937,0.000
39.924,S,413729,0.328,0.937,-0.046
39.952,S,413759,0.281,0.890,-0.046
39.983,S,413789,0.281,0.984,0.000
40.005,S,413811,0.328,0.937,-0.046
40.034,S,413840,0.328,0.937,0.000
40.056,S,413862,0.281,0.937,-0.093
40.086,S,413892,0.281,0.937,-0.046
40.108,S,413914,0.328,0.937,0.000
40.137,S,413943,0.281,0.984,-0.046
40.159,S,413965,0.328,0.984,-0.046
40.188,S,413993,0.234,0.984,-0.046
40.223,READY
40.229,M,STILL
40.258,S,414064,0.234,0.937,-0.046
40.280,S,414086,0.281,0.937,-0.046
40.307,S,414113,0.281,0.890,-0.093
40.328,S,414134,0.281,0.984,0.000
40.350,S,414156,0.281,0.890,-0.046
40.659,S,414185,0.281,0.937,-0.093
40.659,S,414207,0.328,0.984,-0.046
40.660,S,414237,0.281,0.937,-0.046
40.661,S,414259,0.281,0.937,-0.046
40.662,S,414288,0.328,0.984,-0.046
40.663,S,414310,0.328,1.031,-0.093
40.664,S,414339,0.281,0.984,-0.093
40.665,S,414361,0.328,0.937,0.000
40.665,S,414390,0.328,0.937,-0.093
40.666,S,414412,0.375,0.890,-0.046
40.667,S,414441,0.281,0.984,-0.093
40.668,S,414463,0.328,0.937,-0.046
40.686,S,414492,0.328,0.984,-0.046
40.708,S,414514,0.328,0.890,-0.093
40.738,S,414543,0.328,0.984,-0.093
40.766,S,414572,0.328,0.984,0.000
40.788,S,414593,0.281,0.937,-0.093
40.817,S,414623,0.328,0.890,0.000
40.839,S,414645,0.328,0.937,-0.046
40.868,S,414674,0.281,0.984,-0.046
40.890,S,414696,0.328,0.890,-0.046
40.920,S,414725,0.328,0.937,-0.046
40.942,S,414747,0.234,0.984,-0.046
40.970,S,414775,0.281,0.984,-0.046
40.992,S,414797,0.328,0.937,-0.046
41.021,S,414826,0.375,0.890,-0.046
41.043,S,414848,0.328,0.937,0.000
41.072,S,414877,0.375,0.937,0.000
41.094,S,414899,0.234,0.984,-0.046
41.124,S,414928,0.281,0.984,-0.046
41.146,S,414951,0.375,0.984,-0.046
41.175,S,414980,0.328,0.937,-0.046
41.197,S,415002,0.281,0.937,0.000
41.232,READY
41.238,M,STILL
41.266,S,415071,0.281,0.937,-0.046
41.288,S,415093,0.375,0.984,-0.046
41.317,S,415122,0.281,0.984,-0.093
41.339,S,415144,0.328,0.984,-0.046
41.367,S,415172,0.328,0.937,-0.046
41.389,S,415194,0.328,0.937,-0.046
41.418,S,415223,0.281,0.890,0.000
41.440,S,415245,0.281,0.937,-0.093
41.467,S,415272,0.281,0.984,-0.046
41.490,S,415295,0.281,0.937,-0.046
41.519,S,415324,0.328,0.984,-0.046
41.542,S,415346,0.281,0.937,-0.093
41.570,S,415375,0.328,0.843,-0.046
41.591,S,415396,0.281,0.937,0.000
41.620,S,415425,0.328,0.937,-0.046
41.643,S,415447,0.328,0.890,-0.046
41.672,S,415476,0.281,0.937,-0.046
41.694,S,415499,0.328,0.937,-0.093
41.724,S,415528,0.281,0.937,-0.093
41.746,S,415550,0.281,0.984,-0.093
41.775,S,415579,0.281,0.937,-0.046
41.796,S,415600,0.328,0.984,-0.093
41.816,S,415620,0.281,0.984,-0.046
41.844,S,415648,0.281,0.937,0.000
41.866,S,415670,0.328,0.937,0.000
41.887,S,415691,0.281,0.890,-0.046
41.915,S,415720,0.328,0.937,0.000
41.937,S,415741,0.281,0.937,-0.046
41.966,S,415770,0.328,0.984,-0.093
41.988,S,415792,0.328,0.937,-0.046
42.016,S,415821,0.328,0.984,-0.046
42.038,S,415843,0.375,0.937,-0.046
42.068,S,415872,0.281,0.984,0.000
42.090,S,415894,0.328,0.984,-0.093
42.119,S,415923,0.328,0.984,-0.046
42.140,S,415944,0.375,0.937,0.000
42.168,S,415972,0.328,0.937,0.000
42.188,S,415992,0.328,0.937,-0.046
42.209,S,416014,0.281,0.937,0.000
42.245,READY
42.251,M,STILL
42.279,S,416083,0.328,1.031,-0.093
42.301,S,416105,0.375,0.984,-0.046
42.330,S,416134,0.281,0.937,0.000
42.351,S,416155,0.328,0.984,-0.046
42.380,S,416184,0.328,0.984,-0.046
42.402,S,416206,0.375,0.890,-0.093
42.431,S,416235,0.281,0.937,-0.046
42.452,S,416256,0.375,0.937,-0.046
42.480,S,416284,0.281,0.890,-0.046
42.502,S,416306,0.328,0.937,-0.046
42.524,S,416327,0.328,0.937,0.000
42.553,S,416357,0.281,0.937,-0.093
42.581,S,416384,0.328,0.937,-0.093
42.603,S,416407,0.281,0.984,-0.046
42.631,S,416435,0.281,0.937,-0.046
42.653,S,416457,0.328,0.937,-0.046
42.682,S,416485,0.328,0.984,-0.046
42.704,S,416507,0.328,0.937,-0.046
42.733,S,416536,0.281,0.937,-0.093
42.754,S,416557,0.281,1.031,-0.046
42.783,S,416586,0.328,0.937,-0.093
42.805,S,416608,0.281,0.984,-0.046
42.833,S,416637,0.281,0.984,-0.046
42.855,S,416659,0.281,0.937,0.000
42.884,S,416688,0.375,0.890,-0.046
42.907,S,416710,0.281,0.937,0.000
42.936,S,416739,0.281,0.937,-0.046
42.958,S,416761,0.281,0.984,-0.046
42.986,S,416789,0.328,0.937,-0.093
43.008,S,416811,0.328,0.984,-0.046
43.037,S,416840,0.375,0.937,-0.093
43.059,S,416862,0.281,0.984,-0.046
43.087,S,416890,0.281,0.984,-0.046
43.110,S,416913,0.281,0.984,-0.046
43.139,S,416942,0.281,0.937,-0.093
43.161,S,416964,0.281,0.937,-0.046
43.189,S,416993,0.281,0.890,-0.046
43.211,S,417015,0.281,0.984,-0.093
43.247,READY
43.253,M,STILL
43.280,S,417083,0.281,0.984,0.000
43.301,S,417104,0.328,0.984,-0.046
43.323,S,417126,0.328,0.984,-0.093
43.352,S,417155,0.328,0.984,-0.046
43.374,S,417177,0.234,0.937,-0.046
43.403,S,417206,0.281,0.843,-0.046
43.425,S,417229,0.328,0.937,-0.046
43.455,S,417258,0.328,0.890,-0.046
43.476,S,417279,0.281,0.937,-0.093
43.504,S,417307,0.281,0.984,-0.093
43.526,S,417329,0.328,0.937,-0.093
43.555,S,417358,0.234,0.937,-0.046
43.577,S,417380,0.281,0.937,-0.093
43.606,S,417409,0.375,0.984,-0.093
43.627,S,417430,0.281,0.937,-0.093
43.656,S,417459,0.328,0.984,-0.046
43.678,S,417481,0.328,0.937,-0.046
43.707,S,417510,0.328,0.937,0.000
43.728,S,417531,0.328,0.937,-0.093
43.755,S,417558,0.281,0.984,0.000
43.776,S,417579,0.328,0.937,-0.093
43.798,S,417600,0.328,0.937,-0.046
43.820,S,417622,0.328,0.937,-0.046
43.848,S,417650,0.281,0.984,-0.046
43.870,S,417673,0.328,0.937,-0.093
43.900,S,417702,0.328,0.937,-0.046
43.930,S,417732,0.328,0.890,-0.093
43.952,S,417754,0.375,0.984,0.000
43.980,S,417782,0.328,0.890,-0.046
44.002,S,417804,0.328,0.937,-0.046
44.031,S,417833,0.328,0.937,-0.046
44.060,S,417863,0.281,0.984,-0.046
44.083,S,417885,0.234,0.984,-0.046
44.111,S,417913,0.328,0.937,-0.046
44.132,S,417935,0.281,0.937,-0.046
44.162,S,417964,0.281,0.937,-0.046
44.183,S,417986,0.328,0.937,0.000
44.212,S,418014,0.281,0.890,-0.046
44.234,S,418036,0.328,0.937,-0.046
44.269,READY
44.276,M,STILL
44.304,S,418106,0.281,0.937,-0.046
44.326,S,418128,0.328,0.984,-0.046
44.355,S,418157,0.281,0.984,-0.093
44.662,S,418180,0.328,0.890,-0.046
44.663,S,418208,0.281,0.843,0.000
44.663,S,418230,0.281,0.890,-0.046
44.663,S,418258,0.328,0.937,0.000
44.663,S,418280,0.281,0.937,0.000
44.664,S,418307,0.281,0.984,-0.046
44.664,S,418330,0.375,0.890,-0.093
44.664,S,418359,0.281,0.890,-0.046
44.665,S,418381,0.328,0.937,-0.046
44.665,S,418410,0.375,0.937,-0.046
44.666,S,418432,0.328,0.984,0.000
44.666,S,418461,0.328,1.031,-0.093
44.680,S,418482,0.328,0.937,-0.046
44.710,S,418511,0.328,0.937,-0.046
44.739,S,418541,0.281,0.937,-0.046
44.762,S,418563,0.328,0.937,-0.093
44.790,S,418593,0.328,1.031,-0.046
44.811,S,418614,0.328,0.984,-0.046
44.833,S,418636,0.281,0.937,0.000
44.861,S,418663,0.328,0.937,-0.093
44.884,S,418685,0.281,0.937,-0.046
44.912,S,418714,0.281,0.937,-0.046
44.942,S,418744,0.234,0.937,0.000
44.964,S,418766,0.281,0.984,-0.046
44.994,S,418795,0.281,0.890,-0.046
45.016,S,418817,0.281,0.937,-0.046
45.044,S,418846,0.328,0.984,-0.046
45.066,S,418868,0.281,0.937,-0.046
45.094,S,418895,0.328,0.984,-0.046
45.117,S,418918,0.281,0.937,-0.046
45.144,S,418946,0.281,0.937,-0.046
45.167,S,418968,0.328,0.937,-0.093
45.196,S,418997,0.281,0.890,-0.093
45.217,S,419019,0.328,0.937,-0.046
45.246,S,419047,0.328,0.937,-0.046
45.281,READY
45.287,M,STILL
45.315,S,419116,0.281,0.984,-0.046
45.337,S,419138,0.281,0.937,-0.046
45.366,S,419167,0.281,0.937,-0.046
45.389,S,419189,0.328,0.984,-0.046
45.419,S,419220,0.328,0.937,-0.046
45.441,S,419242,0.281,0.984,0.000
45.471,S,419271,0.328,0.984,-0.046
45.493,S,419293,0.375,0.890,-0.046
45.522,S,419323,0.281,0.937,-0.046
45.545,S,419345,0.281,0.890,-0.093
45.575,S,419375,0.281,0.937,-0.046
45.597,S,419398,0.281,0.937,-0.046
45.626,S,419427,0.328,0.984,-0.046
45.656,S,419457,0.281,0.984,0.000
45.679,S,419479,0.328,0.984,0.000
45.706,S,419507,0.281,0.937,-0.046
45.729,S,419529,0.328,0.890,0.000
45.758,S,419558,0.281,0.984,-0.046
45.780,S,419581,0.281,0.937,-0.093
45.809,S,419610,0.328,0.937,0.000
45.832,S,419632,0.281,0.937,0.000
45.861,S,419661,0.328,0.984,-0.093
45.883,S,419684,0.328,0.937,-0.046
45.912,S,419712,0.328,0.937,-0.093
45.934,S,419734,0.328,0.937,-0.093
45.963,S,419763,0.281,0.984,-0.046
45.985,S,419785,0.281,0.984,-0.046
46.014,S,419814,0.281,0.890,-0.093
46.036,S,419836,0.281,0.984,-0.046
46.066,S,419866,0.281,0.890,-0.046
46.088,S,419888,0.328,0.937,-0.093
46.117,S,419917,0.328,0.984,-0.046
46.139,S,419939,0.375,0.890,-0.046
46.168,S,419968,0.328,0.937,-0.046
46.328,S,419990,0.281,0.937,-0.093
46.328,S,420020,0.281,0.937,-0.046
46.329,S,420042,0.281,0.937,-0.046
46.329,S,420071,0.328,0.890,-0.046
46.329,S,420092,0.328,0.984,-0.093
46.330,S,420120,0.281,0.937,-0.046
46.363,READY
46.370,M,STILL
46.383,S,420184,0.328,0.937,-0.046
46.406,S,420206,0.281,0.984,-0.093
46.428,S,420228,0.375,0.937,-0.093
46.450,S,420250,0.281,0.937,-0.140
46.479,S,420279,0.328,0.984,-0.046
46.502,S,420302,0.328,0.984,-0.046
46.531,S,420330,0.281,0.984,-0.093
46.553,S,420353,0.328,0.937,-0.046
46.581,S,420382,0.375,0.937,-0.046
46.604,S,420404,0.281,0.937,-0.046
46.633,S,420433,0.281,0.937,-0.046
46.655,S,420455,0.281,0.937,-0.093
46.684,S,420484,0.328,0.937,-0.046
46.706,S,420506,0.328,0.984,-0.046
46.735,S,420535,0.234,0.984,-0.046
46.757,S,420557,0.281,0.937,-0.046
46.786,S,420586,0.281,0.984,-0.093
46.808,S,420608,0.328,0.937,-0.093
46.837,S,420637,0.328,0.890,0.000
46.860,S,420659,0.281,0.937,-0.046
46.888,S,420688,0.281,0.937,-0.046
46.911,S,420710,0.328,0.984,0.000
46.940,S,420740,0.281,0.937,-0.046
46.969,S,420768,0.281,0.937,-0.046
46.999,S,420799,0.281,0.937,-0.046
47.029,S,420829,0.328,0.937,-0.046
47.051,S,420851,0.281,0.890,-0.046
47.080,S,420880,0.328,0.937,-0.093
47.102,S,420902,0.328,0.984,-0.046
47.133,S,420932,0.328,0.937,-0.046
47.155,S,420954,0.328,0.937,-0.046
47.183,S,420982,0.328,0.984,0.000
47.340,S,421004,0.328,0.984,-0.093
47.341,S,421033,0.328,0.890,-0.093
47.341,S,421063,0.375,0.984,-0.046
47.341,S,421086,0.328,0.937,-0.046
47.342,S,421115,0.375,0.937,-0.046
47.343,S,421137,0.328,0.890,0.000
47.372,READY
47.378,M,STILL
47.407,S,421207,0.328,0.937,-0.046
47.430,S,421229,0.328,0.890,-0.046
47.460,S,421259,0.281,0.937,-0.046
47.482,S,421281,0.281,0.937,-0.046
47.511,S,421310,0.328,0.984,-0.046
47.541,S,421340,0.281,0.937,-0.046
47.563,S,421362,0.328,0.937,-0.093
47.592,S,421391,0.328,0.890,0.000
47.614,S,421414,0.281,0.937,-0.093
47.643,S,421443,0.281,0.984,-0.046
47.666,S,421465,0.328,0.937,-0.046
47.696,S,421494,0.328,0.890,-0.093
47.717,S,421516,0.281,0.890,-0.046
47.746,S,421545,0.281,0.937,-0.046
47.766,S,421565,0.281,0.937,-0.093
47.789,S,421587,0.281,0.890,-0.046
47.816,S,421615,0.328,0.937,-0.093
47.838,S,421637,0.328,0.984,0.000
47.867,S,421666,0.328,0.937,-0.093
47.890,S,421688,0.281,0.937,-0.046
47.918,S,421717,0.328,0.937,0.000
47.941,S,421739,0.328,0.937,-0.140
47.970,S,421768,0.328,0.937,-0.046
47.999,S,421797,0.281,0.984,0.000
48.021,S,421820,0.234,1.031,-0.046
48.051,S,421849,0.281,0.890,-0.046
48.072,S,421871,0.281,0.937,-0.046
48.102,S,421900,0.281,0.984,-0.046
48.131,S,421930,0.328,0.937,-0.046
48.154,S,421952,0.281,0.890,-0.046
48.183,S,421981,0.328,0.937,0.000
48.205,S,422003,0.281,0.984,-0.093
48.360,S,422031,0.328,0.984,-0.046
48.361,S,422053,0.281,1.031,-0.046
48.361,S,422082,0.328,0.140,0.609
48.362,S,422104,0.234,-0.234,0.093
48.363,S,422133,0.093,0.703,0.187
48.364,S,422155,0.562,-0.609,-0.187
48.393,READY
48.399,M,STILL
48.428,S,422226,0.187,0.703,-0.093
48.450,S,422248,0.187,1.031,0.000
48.480,S,422278,0.140,1.031,-0.140
48.502,S,422300,0.281,0.890,-0.187
48.530,S,422329,0.187,0.984,0.000
48.553,S,422351,0.281,0.984,0.000
48.582,S,422380,0.187,0.984,0.000
48.605,S,422403,0.281,0.937,0.000
48.633,S,422432,0.609,0.843,-0.234
48.656,S,422454,0.328,0.890,-0.187
48.685,S,422483,0.328,0.937,0.000
48.707,S,422505,0.281,0.890,0.046
48.736,S,422533,0.281,0.984,-0.046
48.758,S,422555,0.375,0.890,-0.093
48.787,S,422584,0.328,0.890,-0.046
48.809,S,422607,0.281,1.031,-0.046
48.838,S,422636,0.281,0.890,-0.093
48.861,S,422658,0.328,0.937,-0.140
48.889,S,422687,0.281,0.937,0.000
48.911,S,422709,0.375,0.890,-0.093
48.940,S,422737,0.375,0.937,0.046
48.962,S,422760,0.187,0.937,-0.046
48.991,S,422789,0.375,0.937,-0.046
49.014,S,422811,0.328,0.937,-0.093
49.043,S,422840,0.375,0.937,-0.234
49.055,T,1
49.070,S,422868,0.328,0.890,-0.093
49.093,S,422890,0.328,0.937,-0.093
49.115,S,422912,0.234,0.984,-0.046
49.143,S,422940,0.281,0.890,-0.093
49.165,S,422963,0.328,1.031,-0.046
49.194,S,422992,0.375,0.937,0.000
49.216,S,423014,0.328,0.890,-0.093
49.731,S,423043,0.234,0.984,0.000
49.732,S,423065,0.328,0.937,-0.093
49.733,S,423094,0.234,0.984,-0.046
49.734,S,423115,0.187,0.937,-0.093
49.734,S,423144,0.328,0.937,-0.093
49.734,M,MOVING
49.735,S,423180,0.328,0.937,-0.093
49.736,S,423202,0.234,0.984,-0.046
49.737,S,423231,0.281,0.984,0.000
49.737,S,423253,0.328,0.937,0.000
49.738,S,423282,0.421,0.937,0.046
49.739,S,423304,0.328,0.890,-0.046
49.739,S,423333,0.281,0.984,0.046
49.740,S,423355,0.281,0.984,-0.093
49.741,S,423384,0.234,0.984,-0.046
49.742,S,423406,0.328,0.984,-0.093
49.743,S,423434,0.328,0.984,-0.093
49.744,S,423456,0.281,0.937,-0.046
49.744,S,423485,0.328,0.843,-0.046
49.745,S,423507,0.281,0.984,0.000
49.746,S,423536,0.328,0.890,-0.093
49.774,READY
49.780,M,MOVING
49.810,S,423607,0.328,0.937,-0.093
49.832,S,423629,0.375,0.890,-0.046
49.860,S,423658,0.328,0.984,-0.046
49.882,S,423680,0.281,0.984,-0.093
49.912,S,423709,0.328,0.984,-0.140
49.934,S,423731,0.281,0.937,0.000
49.964,S,423760,0.375,0.937,0.000
49.986,S,423782,0.328,0.937,-0.140
50.015,S,423811,0.328,0.937,-0.046
50.036,S,423833,0.281,0.984,-0.046
50.066,S,423862,0.281,1.031,-0.046
50.088,S,423884,0.375,0.984,-0.046
50.115,S,423911,0.375,0.984,-0.046
50.137,S,423933,0.234,0.984,-0.093
50.166,S,423962,0.328,0.984,-0.046
50.187,S,423984,0.281,0.984,-0.046
50.216,S,424013,0.328,0.984,-0.046
50.238,S,424035,0.328,0.937,-0.046
50.672,S,424064,0.328,0.937,-0.046
50.673,S,424086,0.281,0.984,0.000
50.674,S,424115,0.328,0.937,0.000
50.674,S,424137,0.281,0.984,0.000
50.675,S,424166,0.328,0.937,-0.046
50.676,S,424188,0.328,0.937,-0.093
50.676,S,424217,0.281,0.937,-0.046
50.677,S,424239,0.234,0.984,-0.046
50.678,S,424268,0.328,0.937,-0.046
50.679,S,424290,0.328,0.890,-0.093
50.679,S,424320,0.281,0.984,-0.046
50.680,S,424342,0.328,0.937,0.000
50.680,M,STILL
50.681,S,424378,0.328,0.937,-0.046
50.681,S,424400,0.281,0.937,-0.046
50.682,S,424428,0.234,0.937,-0.046
50.682,S,424449,0.281,0.984,-0.046
50.683,S,424478,0.375,0.890,-0.046
50.704,S,424500,0.328,0.984,-0.046
50.724,S,424521,0.328,0.984,-0.093
50.754,S,424550,0.281,0.937,-0.046
50.788,READY
50.794,M,STILL
50.822,S,424618,0.328,1.031,0.000
50.843,S,424639,0.281,0.937,0.000
50.870,S,424666,0.281,0.937,-0.046
50.892,S,424688,0.328,0.937,-0.046
50.915,S,424710,0.328,0.937,-0.046
50.944,S,424739,0.281,0.984,-0.046
50.966,S,424762,0.281,0.937,0.000
50.995,S,424791,0.328,0.984,-0.046
51.017,S,424813,0.328,0.937,-0.046
51.046,S,424842,0.328,0.937,0.000
51.068,S,424864,0.281,0.937,-0.093
51.097,S,424893,0.281,1.031,-0.046
51.127,S,424923,0.328,0.937,-0.093
51.149,S,424945,0.328,0.984,-0.046
51.178,S,424974,0.281,1.031,-0.046
51.200,S,424996,0.281,0.937,-0.093
51.230,S,425025,0.328,0.937,-0.046
51.252,S,425047,0.328,0.937,-0.046
51.281,S,425076,0.328,0.937,-0.046
51.302,S,425098,0.281,0.937,-0.046
51.332,S,425127,0.328,0.937,-0.046
51.354,S,425149,0.281,0.937,-0.093
51.383,S,425178,0.328,1.031,-0.093
51.405,S,425200,0.328,0.937,-0.046
51.434,S,425229,0.328,0.937,-0.046
51.456,S,425251,0.281,0.937,-0.093
51.485,S,425280,0.281,0.937,-0.046
51.507,S,425302,0.234,0.984,-0.046
51.536,S,425331,0.328,0.937,-0.046
51.558,S,425353,0.328,0.937,-0.093
51.587,S,425382,0.328,0.937,0.000
51.610,S,425405,0.234,0.937,0.000
51.640,S,425435,0.328,0.937,-0.046
51.662,S,425457,0.234,0.984,-0.093
51.691,S,425486,0.328,0.937,0.000
51.713,S,425508,0.328,0.984,-0.046
51.742,S,425537,0.281,0.937,0.000
51.764,S,425559,0.281,0.937,-0.046
51.799,READY
51.805,M,STILL
51.832,S,425627,0.328,0.937,-0.046
51.853,S,425648,0.328,0.937,-0.046
51.882,S,425677,0.328,0.937,-0.093
51.905,S,425699,0.281,0.937,-0.046
51.934,S,425728,0.328,0.984,-0.046
51.955,S,425750,0.375,0.937,-0.046
51.982,S,425777,0.328,0.937,0.000
52.004,S,425799,0.328,0.937,-0.046
52.026,S,425821,0.234,0.890,-0.093
52.047,S,425842,0.328,0.984,-0.093
52.075,S,425870,0.328,0.937,-0.093
52.098,S,425892,0.328,0.984,-0.093
52.119,S,425913,0.375,0.937,-0.093
52.148,S,425943,0.328,0.937,-0.093
52.170,S,425965,0.281,0.984,0.000
52.198,S,425993,0.328,0.937,-0.093
52.220,S,426015,0.328,0.890,-0.046
52.248,S,426043,0.328,0.937,-0.093
52.271,S,426066,0.328,0.937,-0.093
52.300,S,426094,0.281,0.937,-0.093
52.322,S,426117,0.281,0.937,-0.046
52.350,S,426145,0.328,0.890,-0.093
52.372,S,426167,0.375,0.984,-0.046
52.401,S,426196,0.281,0.984,-0.093
52.423,S,426218,0.328,0.984,-0.046
52.451,S,426246,0.328,0.890,-0.046
52.473,S,426268,0.281,0.937,-0.046
52.503,S,426297,0.281,0.890,-0.093
52.525,S,426319,0.281,0.984,-0.093
52.553,S,426347,0.281,0.984,-0.046
52.574,S,426369,0.281,0.937,-0.046
52.596,S,426390,0.328,0.937,-0.093
52.625,S,426419,0.281,0.937,-0.093
52.646,S,426440,0.281,0.984,-0.046
52.675,S,426469,0.234,0.984,-0.093
52.697,S,426491,0.328,0.937,-0.046
52.725,S,426519,0.328,0.937,-0.046
52.747,S,426541,0.281,0.890,-0.093
52.776,S,426570,0.328,0.937,-0.093
52.811,READY
52.817,M,STILL
52.845,S,426640,0.375,0.984,-0.093
52.868,S,426662,0.281,0.984,-0.046
52.897,S,426691,0.281,0.984,-0.046
52.919,S,426713,0.328,0.890,-0.046
52.948,S,426742,0.281,0.984,0.000
52.969,S,426763,0.281,0.937,0.000
52.997,S,426791,0.328,0.937,-0.046
53.019,S,426813,0.328,0.937,-0.046
53.048,S,426842,0.234,0.937,-0.046
53.071,S,426864,0.328,0.984,-0.093
53.100,S,426893,0.328,0.937,-0.046
53.122,S,426915,0.328,0.984,-0.046
53.150,S,426944,0.281,0.937,-0.046
53.173,S,426966,0.328,0.984,-0.093
53.201,S,426995,0.281,0.937,0.000
53.224,S,427018,0.281,0.984,-0.046
53.253,S,427046,0.281,0.890,-0.046
53.275,S,427068,0.375,0.937,-0.093
53.304,S,427098,0.328,0.937,-0.046
53.326,S,427120,0.328,0.937,-0.046
53.354,S,427149,0.281,0.984,-0.093
53.375,S,427169,0.281,0.937,-0.046
53.396,S,427190,0.281,0.937,-0.046
53.424,S,427218,0.281,0.937,-0.093
53.446,S,427240,0.328,0.937,-0.046
53.477,S,427270,0.328,0.937,-0.046
53.499,S,427292,0.328,0.890,-0.093
53.528,S,427321,0.375,0.984,-0.046
53.550,S,427343,0.328,0.984,-0.046
53.580,S,427373,0.281,0.937,-0.046
53.602,S,427395,0.328,0.937,-0.046
53.631,S,427424,0.328,0.937,-0.046
53.653,S,427446,0.328,0.937,0.000
53.680,S,427473,0.328,0.937,-0.046
53.702,S,427495,0.328,0.937,-0.046
53.724,S,427517,0.281,0.984,-0.093
53.752,S,427545,0.281,0.984,-0.046
53.774,S,427567,0.281,0.984,-0.046
53.803,S,427596,0.328,0.937,-0.046
53.838,READY
53.845,M,STILL
53.873,S,427666,0.328,0.937,-0.046
53.895,S,427688,0.281,1.031,-0.046
53.924,S,427717,0.328,0.937,0.000
53.946,S,427739,0.328,0.890,-0.093
53.975,S,427768,0.281,0.890,-0.046
53.997,S,427790,0.328,0.937,-0.046
54.026,S,427819,0.328,0.937,-0.046
54.047,S,427840,0.281,0.937,-0.046
54.076,S,427869,0.281,0.984,-0.046
54.098,S,427891,0.281,0.984,-0.093
54.127,S,427920,0.328,0.984,-0.046
54.148,S,427941,0.328,0.984,0.000
54.169,S,427962,0.328,0.937,-0.093
54.198,S,427990,0.281,0.937,-0.046
54.219,S,428012,0.328,0.984,-0.046
54.249,S,428041,0.328,0.937,-0.093
54.680,S,428064,0.375,0.937,-0.046
54.680,S,428091,0.328,0.984,-0.093
54.680,S,428114,0.328,0.937,-0.046
54.681,S,428143,0.281,0.890,0.000
54.681,S,428165,0.328,0.937,0.000
54.681,S,428192,0.281,0.937,0.000
54.681,S,428215,0.281,0.937,-0.046
54.682,S,428236,0.281,1.031,0.000
54.682,S,428264,0.234,0.890,-0.046
54.682,S,428286,0.328,0.937,-0.046
54.682,S,428315,0.328,0.984,-0.046
54.683,S,428337,0.328,0.937,-0.046
54.683,S,428366,0.281,0.984,-0.046
54.683,S,428388,0.328,0.937,0.000
54.684,S,428417,0.328,0.937,-0.046
54.684,S,428439,0.328,0.937,-0.046
54.684,S,428467,0.328,0.890,-0.093
54.696,S,428489,0.281,0.937,-0.046
54.726,S,428518,0.281,0.890,-0.093
54.748,S,428540,0.281,0.890,-0.046
54.776,S,428568,0.328,0.937,0.000
54.798,S,428590,0.328,0.937,-0.093
54.826,S,428619,0.375,0.984,-0.046
54.862,READY
54.868,M,STILL
54.895,S,428687,0.281,1.031,-0.046
54.918,S,428709,0.281,0.937,-0.093
54.947,S,428738,0.328,0.937,-0.046
54.969,S,428761,0.375,0.984,-0.093
54.999,S,428791,0.328,0.937,-0.093
55.028,S,428821,0.328,0.937,-0.046
55.059,S,428851,0.281,0.937,-0.046
55.081,S,428873,0.281,0.890,0.000
55.110,S,428902,0.328,0.984,-0.093
55.132,S,428924,0.281,0.890,-0.093
55.160,S,428953,0.328,0.937,-0.046
55.183,S,428975,0.328,0.937,0.000
55.212,S,429004,0.328,0.937,-0.046
55.234,S,429026,0.281,0.984,-0.046
55.264,S,429055,0.281,0.937,-0.046
55.286,S,429077,0.328,0.937,-0.046
55.315,S,429107,0.281,0.937,-0.093
55.337,S,429129,0.328,0.984,-0.046
55.366,S,429158,0.328,0.937,-0.093
55.388,S,429180,0.375,0.937,-0.093
55.417,S,429209,0.328,0.984,-0.046
55.440,S,429231,0.328,0.984,-0.046
55.468,S,429260,0.328,0.984,-0.046
55.490,S,429282,0.281,0.890,-0.046
55.519,S,429311,0.281,0.937,-0.046
55.542,S,429333,0.328,0.984,-0.046
55.571,S,429362,0.281,0.937,-0.046
55.593,S,429385,0.328,0.937,-0.046
55.623,S,429414,0.328,0.937,-0.093
55.645,S,429436,0.281,0.984,-0.093
55.674,S,429465,0.328,0.937,-0.046
55.696,S,429487,0.328,0.937,-0.046
55.726,S,429517,0.281,0.984,-0.046
55.756,S,429547,0.328,0.890,-0.093
55.778,S,429569,0.281,0.937,-0.093
55.807,S,429598,0.281,0.984,-0.046
55.829,S,429620,0.281,0.937,-0.093
55.866,READY
55.873,M,STILL
55.901,S,429692,0.281,0.890,-0.046
55.923,S,429714,0.281,0.937,-0.093
55.950,S,429741,0.375,0.937,-0.093
55.972,S,429763,0.328,0.984,-0.046
55.995,S,429786,0.328,0.984,0.000
56.023,S,429814,0.328,0.984,-0.046
56.045,S,429836,0.281,0.937,-0.093
56.074,S,429864,0.281,0.843,-0.093
56.095,S,429886,0.234,0.937,-0.046
56.124,S,429916,0.328,0.937,-0.046
56.147,S,429938,0.328,0.984,-0.046
56.176,S,429967,0.281,0.937,-0.046
56.198,S,429989,0.328,0.937,-0.093
56.226,S,430017,0.281,0.984,-0.046
56.248,S,430039,0.234,0.937,-0.046
56.277,S,430068,0.328,1.031,-0.046
56.307,S,430098,0.328,0.937,-0.093
56.330,S,430120,0.328,0.937,-0.046
56.358,S,430149,0.281,0.937,-0.046
56.381,S,430172,0.281,0.890,-0.046
56.410,S,430201,0.281,0.937,-0.093
56.432,S,430222,0.328,0.984,-0.093
56.459,S,430250,0.281,0.984,-0.046
56.481,S,430272,0.328,0.984,-0.093
56.510,S,430301,0.281,1.031,0.000
56.532,S,430323,0.234,0.937,-0.093
56.559,S,430349,0.281,0.984,0.000
56.581,S,430372,0.281,0.937,-0.093
56.603,S,430394,0.281,0.937,-0.046
56.633,S,430423,0.328,0.937,-0.046
56.653,S,430444,0.328,0.937,-0.046
56.682,S,430473,0.328,0.937,-0.046
56.704,S,430495,0.281,0.937,-0.093
56.732,S,430523,0.375,1.031,-0.046
56.755,S,430545,0.328,0.984,-0.046
56.783,S,430574,0.281,0.937,0.000
56.805,S,430596,0.328,0.937,-0.093
56.834,S,430625,0.328,0.937,-0.046
56.869,READY
56.875,M,STILL
56.903,S,430694,0.281,0.843,0.000
56.924,S,430715,0.328,0.890,-0.046
56.947,S,430737,0.328,0.984,-0.093
56.975,S,430765,0.281,0.984,-0.046
56.997,S,430787,0.281,0.937,-0.093
57.026,S,430817,0.328,0.937,-0.046
57.048,S,430838,0.328,0.984,-0.093
57.076,S,430867,0.281,0.984,-0.046
57.099,S,430889,0.328,0.937,-0.046
57.128,S,430918,0.375,0.937,-0.093
57.149,S,430940,0.328,0.937,-0.093
57.179,S,430969,0.281,0.937,-0.046
57.200,S,430991,0.328,0.984,-0.046
57.230,S,431020,0.328,0.890,-0.093
57.250,S,431040,0.328,0.937,-0.093
57.271,S,431061,0.328,0.937,-0.093
57.299,S,431089,0.328,0.937,-0.046
57.320,S,431110,0.281,0.984,-0.046
57.342,S,431132,0.375,0.890,-0.093
57.370,S,431161,0.328,0.984,0.000
57.393,S,431183,0.281,0.890,-0.140
57.422,S,431212,0.281,0.937,0.000
57.443,S,431233,0.375,0.890,-0.093
57.472,S,431262,0.281,0.984,-0.093
57.494,S,431284,0.328,0.890,-0.046
57.524,S,431313,0.281,0.937,-0.046
57.544,S,431334,0.281,0.937,-0.093
57.574,S,431364,0.328,0.937,-0.093
57.595,S,431385,0.281,0.937,-0.093
57.623,S,431413,0.328,0.937,-0.093
57.644,S,431434,0.375,0.890,-0.046
57.665,S,431455,0.328,0.890,-0.093
57.693,S,431483,0.328,0.937,0.140
57.716,S,431505,0.281,0.468,-0.515
57.745,S,431534,0.328,0.984,-0.234
57.774,S,431563,0.328,0.937,-0.187
57.795,S,431586,0.421,0.937,-0.187
57.825,S,431615,0.234,1.031,-0.046
57.854,S,431644,0.281,0.937,-0.093
57.889,READY
57.895,M,STILL
57.923,S,431712,0.328,0.937,-0.046
57.944,S,431734,0.328,0.984,0.000
57.973,S,431763,0.234,0.937,-0.046
57.996,S,431785,0.281,0.937,0.000
58.024,S,431814,0.328,0.984,-0.046
58.047,S,431836,0.281,0.937,-0.046
58.076,S,431865,0.281,0.890,-0.046
58.098,S,431887,0.328,0.890,-0.093
58.127,S,431916,0.328,0.937,-0.046
58.149,S,431938,0.375,0.984,-0.093
58.177,S,431967,0.281,0.937,-0.093
58.199,S,431988,0.281,0.937,-0.046
58.228,S,432017,0.375,0.984,-0.046
58.249,S,432039,0.375,0.890,-0.093
58.679,S,432068,0.328,0.937,-0.093
58.679,S,432090,0.281,0.937,-0.046
58.679,T,1
58.680,S,432118,0.328,0.937,-0.093
58.681,S,432140,0.328,0.937,-0.093
58.681,S,432169,0.328,0.984,-0.093
58.682,S,432191,0.328,0.890,-0.093
58.682,S,432220,0.328,0.890,-0.046
58.683,S,432243,0.281,0.890,-0.046
58.683,S,432272,0.328,0.984,-0.093
58.684,S,432294,0.281,0.937,-0.046
58.684,S,432323,0.328,0.937,-0.093
58.685,S,432344,0.328,0.937,-0.046
58.685,S,432373,0.281,0.937,-0.046
58.685,S,432395,0.328,0.890,-0.046
58.686,S,432424,0.281,0.937,-0.093
58.686,S,432451,0.328,0.937,-0.046
58.687,S,432474,0.328,0.984,-0.093
58.706,S,432496,0.328,0.937,-0.046
58.736,S,432524,0.281,0.890,-0.093
58.757,S,432547,0.281,0.890,-0.046
58.786,S,432575,0.281,0.984,-0.046
58.807,S,432597,0.281,0.937,-0.046
58.837,S,432626,0.328,0.937,0.000
58.859,S,432648,0.328,0.937,-0.046
58.895,READY
58.902,M,STILL
58.932,S,432720,0.328,0.890,-0.046
58.953,S,432742,0.281,0.937,-0.093
58.982,S,432771,0.375,0.984,-0.046
59.004,S,432793,0.328,0.984,-0.093
59.034,S,432822,0.328,0.984,-0.093
59.056,S,432844,0.281,0.937,-0.046
59.084,S,432873,0.281,0.890,-0.046
59.106,S,432895,0.328,0.937,-0.093
59.135,S,432924,0.375,0.890,-0.046
59.158,S,432946,0.328,0.984,-0.093
59.187,S,432975,0.281,0.937,-0.046
59.209,S,432997,0.281,0.937,-0.093
59.236,S,433025,0.328,0.890,-0.046
59.259,S,433047,0.328,1.031,-0.093
59.288,S,433076,0.375,0.937,-0.093
59.310,S,433098,0.328,0.937,-0.093
59.338,S,433127,0.375,0.984,-0.046
59.361,S,433149,0.328,0.937,-0.093
59.390,S,433178,0.328,0.937,-0.093
59.412,S,433199,0.375,0.890,-0.093
59.439,S,433227,0.375,0.984,-0.093
59.462,S,433250,0.328,0.984,-0.046
59.491,S,433279,0.328,0.984,-0.093
59.513,S,433301,0.328,0.937,-0.046
59.541,S,433329,0.328,0.937,-0.046
59.564,S,433351,0.328,0.937,-0.093
59.593,S,433380,0.281,0.937,0.000
59.615,S,433402,0.328,1.031,0.000
59.644,S,433431,0.328,0.984,-0.093
59.666,S,433454,0.281,0.890,-0.046
59.695,S,433483,0.281,0.937,-0.046
59.717,S,433505,0.281,1.031,-0.093
59.745,S,433533,0.375,0.937,-0.046
59.767,S,433555,0.328,0.937,0.000
59.795,S,433582,0.328,0.937,-0.046
59.817,S,433604,0.234,0.937,-0.046
59.846,S,433634,0.281,0.984,-0.046
59.868,S,433656,0.328,0.937,-0.046
59.903,READY
59.910,M,STILL
59.938,S,433725,0.328,0.937,-0.046
59.960,S,433747,0.328,0.937,0.000
59.989,S,433776,0.328,0.937,-0.093
60.011,S,433798,0.328,0.937,-0.046
60.040,S,433827,0.281,0.890,-0.046
60.061,S,433849,0.328,0.937,-0.046
60.090,S,433878,0.375,0.937,-0.093
60.113,S,433900,0.328,0.937,-0.093
60.142,S,433929,0.281,0.937,-0.046
60.164,S,433951,0.281,0.890,-0.046
60.192,S,433979,0.375,0.937,-0.093
60.214,S,434002,0.328,0.937,-0.093
60.243,S,434031,0.328,0.890,-0.046
60.266,S,434053,0.328,0.984,-0.093
60.295,S,434082,0.375,0.937,-0.093
60.317,S,434104,0.328,0.937,-0.093
60.346,S,434134,0.281,0.984,-0.093
60.376,S,434163,0.328,0.890,-0.046
60.398,S,434185,0.328,0.937,-0.046
60.427,S,434214,0.375,0.937,-0.093
60.449,S,434236,0.234,0.937,-0.046
60.478,S,434265,0.328,0.937,-0.093
60.500,S,434287,0.328,0.984,-0.046
60.530,S,434317,0.328,0.984,-0.046
60.559,S,434346,0.281,0.890,-0.140
60.580,S,434367,0.328,0.937,-0.046
60.608,S,434395,0.375,0.890,-0.046
60.629,S,434415,0.328,0.937,-0.093
60.650,S,434436,0.375,0.890,-0.093
60.679,S,434466,0.328,0.984,-0.046
60.701,S,434488,0.375,0.937,-0.093
60.730,S,434517,0.328,0.937,-0.093
60.751,S,434538,0.281,0.984,-0.046
60.772,S,434559,0.281,0.984,-0.046
60.801,S,434588,0.328,0.937,-0.093
60.824,S,434610,0.234,0.890,0.000
60.853,S,434639,0.281,0.937,-0.093
60.875,S,434662,0.328,0.937,-0.046
60.910,READY
60.917,M,STILL
60.946,S,434732,0.281,0.984,-0.046
60.968,S,434754,0.375,0.937,-0.093
60.997,S,434783,0.328,0.984,-0.046
61.019,S,434806,0.328,0.890,-0.046
61.049,S,434835,0.328,0.984,-0.093
61.070,S,434857,0.328,0.937,-0.093
61.100,S,434886,0.375,0.890,-0.046
61.122,S,434908,0.328,0.984,-0.046
61.151,S,434938,0.375,0.937,-0.046
61.174,S,434960,0.281,0.890,-0.046
61.202,S,434989,0.281,1.031,-0.046
61.225,S,435011,0.281,0.937,-0.046
61.254,S,435040,0.328,0.890,-0.093
61.275,S,435062,0.328,0.984,-0.093
61.304,S,435091,0.281,0.890,-0.046
61.327,S,435113,0.281,0.890,-0.046
61.354,S,435141,0.281,0.937,-0.046
61.376,S,435162,0.375,0.937,-0.093
61.398,S,435184,0.328,0.890,-0.093
61.426,S,435212,0.328,0.937,-0.093
61.448,S,435234,0.328,0.937,-0.046
61.476,S,435262,0.281,0.937,-0.093
61.498,S,435284,0.328,0.937,-0.093
61.527,S,435313,0.281,0.937,-0.046
61.549,S,435335,0.281,0.984,-0.046
61.579,S,435364,0.328,0.937,-0.093
61.600,S,435385,0.281,0.890,-0.046
61.628,S,435413,0.328,0.890,-0.046
61.650,S,435436,0.328,0.937,0.000
61.679,S,435465,0.328,0.937,-0.046
61.701,S,435487,0.328,0.937,-0.046
61.730,S,435516,0.328,0.937,-0.046
61.752,S,435538,0.328,0.984,-0.046
61.781,S,435567,0.281,0.984,-0.046
61.803,S,435589,0.281,0.937,-0.093
61.832,S,435617,0.281,0.937,-0.093
61.853,S,435639,0.328,0.937,-0.093
61.882,S,435668,0.328,0.984,-0.046
61.916,READY
61.922,M,STILL
61.951,S,435737,0.328,0.937,-0.093
61.973,S,435759,0.281,0.937,-0.093
62.002,S,435787,0.281,0.937,-0.093
62.024,S,435810,0.281,0.984,-0.046
62.053,S,435839,0.328,0.984,-0.093
62.075,S,435861,0.328,0.890,-0.046
62.103,S,435888,0.328,0.843,-0.093
62.125,S,435911,0.281,1.031,-0.093
62.154,S,435940,0.328,0.937,-0.093
62.176,S,435962,0.328,0.937,0.000
62.205,S,435991,0.328,0.890,-0.046
62.228,S,436013,0.328,0.937,-0.046
62.255,S,436041,0.328,0.937,0.000
62.694,S,436062,0.328,0.984,-0.093
62.694,S,436083,0.281,0.937,-0.046
62.694,S,436104,0.328,0.890,-0.046
62.695,S,436132,0.328,0.984,-0.046
62.695,S,436154,0.281,0.937,-0.093
62.695,S,436183,0.328,0.984,-0.093
62.696,S,436205,0.328,0.890,-0.046
62.696,S,436233,0.281,1.031,-0.046
62.696,S,436255,0.375,0.937,-0.046
62.696,S,436285,0.328,0.984,0.000
62.697,S,436306,0.328,0.937,-0.046
62.697,S,436334,0.328,0.984,-0.046
62.697,S,436356,0.281,0.937,-0.046
62.697,S,436386,0.281,0.937,-0.046
62.698,S,436408,0.281,0.937,-0.046
62.698,S,436437,0.375,0.984,-0.046
62.698,S,436458,0.328,0.937,-0.046
62.702,S,436487,0.328,0.937,-0.093
62.722,S,436507,0.328,0.937,-0.046
62.744,S,436530,0.281,0.984,-0.046
62.772,S,436557,0.281,0.937,-0.093
62.795,S,436580,0.281,0.937,-0.093
62.823,S,436608,0.328,0.937,-0.046
62.843,S,436628,0.328,0.937,-0.046
62.865,S,436649,0.328,0.937,-0.046
62.886,S,436671,0.281,0.890,-0.046
62.922,READY
62.929,M,STILL
62.957,S,436742,0.328,0.937,-0.046
62.979,S,436764,0.328,0.937,-0.093
63.007,S,436792,0.328,0.984,-0.046
63.029,S,436814,0.375,0.984,-0.093
63.058,S,436843,0.281,0.937,0.000
63.080,S,436865,0.328,0.937,-0.093
63.109,S,436894,0.328,0.984,0.000
63.131,S,436915,0.328,0.890,-0.093
63.160,S,436945,0.375,0.984,-0.046
63.182,S,436967,0.281,0.937,-0.093
63.211,S,436996,0.328,0.984,-0.093
63.233,S,437018,0.328,0.937,-0.093
63.262,S,437047,0.328,0.937,-0.046
63.284,S,437069,0.328,0.937,-0.046
63.312,S,437098,0.328,1.031,-0.093
63.335,S,437120,0.328,0.984,-0.046
63.363,S,437148,0.375,0.937,-0.046
63.384,S,437169,0.328,0.937,-0.093
63.406,S,437191,0.328,0.843,0.000
63.435,S,437219,0.281,0.984,-0.093
63.458,S,437242,0.281,0.937,-0.140
63.486,S,437271,0.281,0.984,-0.093
63.508,S,437292,0.281,0.984,-0.093
63.536,S,437320,0.328,0.937,-0.046
63.558,S,437342,0.375,0.937,-0.093
63.579,S,437363,0.328,0.937,-0.046
63.608,S,437392,0.328,0.984,-0.093
63.630,S,437414,0.281,0.937,-0.046
63.658,S,437442,0.328,0.890,-0.093
63.681,S,437464,0.328,0.937,-0.046
63.709,S,437493,0.328,0.890,-0.046
63.732,S,437515,0.328,0.984,-0.093
63.760,S,437544,0.328,0.984,-0.046
63.783,S,437566,0.328,0.937,-0.046
63.812,S,437595,0.328,0.984,-0.046
63.840,S,437624,0.328,0.890,-0.093
63.863,S,437646,0.328,0.890,-0.046
63.892,S,437675,0.375,0.890,-0.093
63.925,READY
63.931,M,STILL
63.959,S,437743,0.281,0.890,-0.046
63.980,S,437764,0.328,0.890,-0.093
64.007,S,437791,0.281,0.843,-0.046
64.029,S,437812,0.328,0.937,-0.046
64.050,S,437833,0.281,0.937,-0.046
64.079,S,437862,0.281,0.843,-0.046
64.101,S,437885,0.328,0.984,-0.046
64.130,S,437914,0.281,0.937,-0.046
64.152,S,437936,0.375,0.937,-0.046
64.182,S,437965,0.328,0.937,-0.093
64.204,S,437988,0.375,0.937,-0.093
64.233,S,438017,0.281,0.937,-0.046
64.255,S,438039,0.328,0.937,-0.093
64.284,S,438067,0.328,0.937,-0.093
64.305,S,438089,0.328,0.937,-0.046
64.335,S,438118,0.281,0.984,-0.046
64.355,S,438140,0.328,0.984,-0.046
64.384,S,438167,0.375,0.937,-0.140
64.405,S,438188,0.328,0.937,-0.046
64.427,S,438210,0.328,0.937,-0.093
64.455,S,438238,0.281,0.937,-0.046
64.476,S,438259,0.281,0.890,-0.093
64.505,S,438288,0.328,0.984,-0.046
64.527,S,438310,0.328,0.984,-0.093
64.555,S,438338,0.375,0.937,-0.093
64.578,S,438361,0.281,0.937,-0.093
64.606,S,438390,0.281,0.937,-0.046
64.629,S,438412,0.328,0.890,-0.046
64.657,S,438440,0.281,0.890,-0.093
64.678,S,438461,0.375,0.984,-0.093
64.700,S,438483,0.328,0.984,-0.093
64.729,S,438512,0.328,0.937,-0.046
64.751,S,438534,0.328,0.937,-0.046
64.777,S,438560,0.375,0.890,-0.046
64.798,S,438581,0.328,0.937,-0.093
64.820,S,438603,0.328,0.984,-0.046
64.849,S,438632,0.328,0.937,-0.093
64.872,S,438654,0.281,0.937,-0.140
64.901,S,438684,0.375,0.937,-0.093
64.935,READY
64.941,M,STILL
64.969,S,438752,0.328,0.937,-0.046
64.992,S,438774,0.328,0.890,-0.093
65.020,S,438803,0.375,0.937,-0.046
65.043,S,438825,0.328,0.984,-0.093
65.071,S,438854,0.328,0.937,-0.093
65.094,S,438876,0.281,0.937,-0.093
65.122,S,438905,0.328,0.984,-0.046
65.151,S,438934,0.328,0.984,-0.046
65.173,S,438956,0.375,0.890,-0.046
65.201,S,438984,0.375,0.890,-0.093
65.223,S,439006,0.281,0.984,-0.046
65.250,S,439033,0.328,0.937,-0.046
65.272,S,439055,0.281,0.937,-0.046
65.293,S,439076,0.328,0.937,-0.093
65.322,S,439105,0.281,0.937,-0.046
65.345,S,439127,0.328,0.937,-0.046
65.373,S,439156,0.328,0.890,-0.093
65.396,S,439178,0.328,0.937,-0.093
65.425,S,439207,0.281,0.937,-0.093
65.447,S,439229,0.281,0.890,-0.093
65.475,S,439258,0.375,0.890,-0.046
65.496,S,439279,0.328,0.984,-0.046
65.526,S,439308,0.328,0.937,-0.046
65.548,S,439330,0.281,0.937,-0.093
65.574,S,439356,0.281,0.937,-0.046
65.596,S,439378,0.328,0.937,-0.046
65.617,S,439400,0.281,0.937,-0.093
65.646,S,439428,0.328,0.937,-0.046
65.668,S,439450,0.328,0.937,-0.046
65.696,S,439478,0.281,0.937,-0.093
65.718,S,439500,0.281,0.937,-0.046
65.747,S,439529,0.375,0.937,-0.046
65.769,S,439551,0.328,0.937,-0.093
65.798,S,439580,0.234,0.890,-0.046
65.820,S,439603,0.328,0.937,-0.093
65.849,S,439632,0.281,0.937,-0.046
65.872,S,439654,0.328,0.890,-0.093
65.900,S,439682,0.328,0.890,-0.093
65.921,S,439704,0.375,0.937,-0.093
65.957,READY
65.963,M,STILL
65.991,S,439773,0.328,0.890,-0.046
66.013,S,439795,0.328,0.984,-0.046
66.042,S,439824,0.281,0.984,-0.046
66.063,S,439845,0.281,0.937,-0.093
66.092,S,439874,0.281,0.937,-0.093
66.113,S,439895,0.375,0.937,-0.093
66.143,S,439924,0.328,0.937,-0.046
66.165,S,439946,0.328,0.937,-0.093
66.193,S,439975,0.328,0.937,-0.046
66.216,S,439997,0.328,0.937,-0.046
66.244,S,440026,0.328,0.937,-0.046
66.267,S,440048,0.328,0.890,-0.046
66.695,S,440077,0.328,0.890,-0.046
66.696,S,440100,0.281,0.937,-0.046
66.696,S,440129,0.328,0.890,-0.046
66.696,S,440151,0.281,0.937,-0.046
66.696,S,440180,0.328,0.937,-0.046
66.697,S,440203,0.328,0.937,-0.046
66.697,S,440231,0.328,0.937,-0.046
66.697,S,440253,0.281,0.984,-0.093
66.698,S,440282,0.281,1.031,-0.046
66.698,S,440304,0.281,0.984,-0.046
66.698,S,440333,0.328,0.984,-0.093
66.699,S,440355,0.328,0.984,-0.046
66.699,S,440382,0.281,0.890,-0.093
66.699,S,440401,0.375,0.890,-0.046
66.699,S,440422,0.281,0.984,-0.046
66.700,S,440443,0.375,0.937,-0.046
66.700,S,440465,0.328,0.984,-0.046
66.711,S,440492,0.281,0.937,-0.093
66.733,S,440515,0.328,0.984,-0.093
66.754,S,440536,0.281,0.984,-0.046
66.775,S,440557,0.328,0.937,-0.046
66.804,S,440586,0.375,0.984,-0.093
66.827,S,440608,0.281,0.937,-0.093
66.856,S,440637,0.281,0.984,-0.093
66.878,S,440659,0.375,0.984,-0.093
66.906,S,440687,0.328,0.937,-0.046
66.928,S,440709,0.234,0.890,-0.093
66.963,READY
66.969,M,STILL
66.998,S,440779,0.328,0.937,-0.093
67.019,S,440800,0.281,0.984,-0.046
67.048,S,440829,0.281,0.937,-0.046
67.069,S,440850,0.328,0.984,-0.093
67.098,S,440879,0.328,0.890,-0.046
67.121,S,440902,0.281,0.890,-0.093
67.149,S,440929,0.281,0.937,-0.093
67.170,S,440951,0.328,0.984,-0.093
67.192,S,440973,0.281,0.984,-0.046
67.221,S,441002,0.328,0.890,-0.093
67.243,S,441024,0.328,0.984,-0.046
67.272,S,441053,0.328,0.937,-0.046
67.293,S,441074,0.328,0.937,-0.093
67.322,S,441103,0.328,0.937,-0.093
67.344,S,441125,0.375,0.890,-0.093
67.373,S,441154,0.328,0.937,-0.093
67.395,S,441176,0.328,0.937,-0.093
67.425,S,441205,0.328,0.937,-0.046
67.447,S,441227,0.328,0.937,-0.046
67.476,S,441256,0.281,0.937,-0.093
67.498,S,441278,0.328,0.984,-0.093
67.526,S,441307,0.328,0.890,-0.093
67.549,S,441329,0.328,0.937,-0.046
67.578,S,441358,0.375,0.937,-0.093
67.599,S,441379,0.281,0.937,-0.046
67.628,S,441408,0.328,0.984,-0.046
67.650,S,441430,0.281,0.890,-0.093
67.679,S,441458,0.328,0.984,-0.046
67.707,S,441488,0.281,0.984,-0.046
67.730,S,441510,0.328,0.890,-0.046
67.758,S,441538,0.281,0.937,-0.140
67.780,S,441561,0.328,0.937,-0.093
67.808,S,441588,0.328,0.984,-0.093
67.830,S,441611,0.328,0.890,-0.093
67.860,S,441640,0.281,0.984,-0.046
67.882,S,441662,0.328,0.890,-0.046
67.908,S,441689,0.375,0.937,-0.093
67.929,S,441709,0.328,0.937,-0.046
67.951,S,441731,0.328,0.890,-0.046
67.987,READY
67.993,M,STILL
68.020,S,441800,0.281,0.937,0.000
68.041,S,441821,0.281,0.890,-0.046
68.063,S,441843,0.281,0.937,-0.046
68.091,S,441871,0.375,0.890,-0.093
68.114,S,441893,0.328,0.984,-0.093
68.141,S,441921,0.328,0.937,-0.046
68.164,S,441943,0.375,0.937,-0.046
68.191,S,441971,0.281,0.937,-0.093
68.211,S,441991,0.281,0.937,-0.093
68.233,S,442013,0.281,0.984,0.000
68.262,S,442042,0.328,0.937,-0.046
68.284,S,442064,0.328,0.937,-0.093
68.313,S,442093,0.328,0.890,0.000
68.335,S,442114,0.281,0.937,-0.046
68.355,S,442135,0.375,0.890,-0.093
68.382,S,442162,0.328,0.984,-0.093
68.405,S,442185,0.281,0.937,-0.093
68.434,S,442214,0.328,0.937,-0.093
68.456,S,442236,0.328,0.937,-0.093
68.485,S,442264,0.375,0.937,-0.046
68.505,S,442285,0.375,0.984,-0.093
68.527,S,442306,0.328,0.937,-0.046
68.555,S,442334,0.281,0.890,-0.093
68.577,S,442356,0.281,0.890,-0.046
68.606,S,442385,0.328,0.937,-0.093
68.626,S,442405,0.281,0.890,-0.046
68.647,S,442427,0.328,0.937,-0.093
68.675,S,442455,0.281,0.937,-0.093
68.696,S,442476,0.328,0.937,-0.093
68.717,S,442497,0.281,0.890,-0.046
68.746,S,442526,0.281,0.890,-0.093
68.769,S,442548,0.375,0.937,-0.046
68.797,S,442576,0.328,0.937,-0.046
68.816,S,442596,0.328,0.937,-0.093
68.839,S,442618,0.328,0.937,-0.093
68.868,S,442646,0.281,0.937,-0.046
68.889,S,442668,0.328,0.937,-0.093
68.909,S,442688,0.328,0.937,-0.093
68.938,S,442717,0.328,0.937,-0.093
68.960,S,442740,0.328,0.937,-0.046
68.995,READY
69.001,M,STILL
69.028,S,442807,0.281,0.937,-0.046
69.050,S,442829,0.281,0.984,-0.046
69.079,S,442858,0.281,0.937,-0.093
69.100,S,442879,0.375,0.984,-0.046
69.127,S,442906,0.328,0.984,-0.093
69.150,S,442928,0.328,0.984,-0.093
69.172,S,442950,0.328,0.937,-0.093
69.200,S,442979,0.281,0.937,-0.093
69.223,S,443001,0.281,0.984,-0.093
69.251,S,443029,0.375,0.937,-0.046
69.272,S,443051,0.328,0.937,-0.046
69.301,S,443080,0.375,0.937,-0.046
69.323,S,443102,0.281,0.984,-0.046
69.352,S,443131,0.328,0.937,-0.140
69.374,S,443153,0.281,0.937,-0.046
69.403,S,443181,0.328,0.984,-0.046
69.424,S,443203,0.375,0.890,-0.046
69.456,S,443232,0.281,0.937,-0.046
69.476,S,443254,0.281,0.937,-0.046
69.505,S,443284,0.328,0.937,-0.046
69.527,S,443306,0.328,0.937,-0.046
69.555,S,443334,0.328,0.937,-0.093
69.578,S,443356,0.281,0.937,-0.046
69.607,S,443385,0.328,0.984,-0.093
69.629,S,443407,0.375,0.937,0.000
69.658,S,443437,0.328,0.984,-0.046
69.687,S,443466,0.281,0.984,-0.046
69.709,S,443488,0.281,0.937,-0.093
69.738,S,443516,0.375,0.984,-0.046
69.760,S,443539,0.328,0.937,-0.046
69.789,S,443568,0.328,0.890,-0.046
69.812,S,443590,0.281,0.984,-0.093
69.839,S,443618,0.281,0.984,-0.046
69.862,S,443640,0.328,0.937,-0.093
69.891,S,443669,0.375,0.937,-0.046
69.913,S,443691,0.328,0.984,-0.093
69.942,S,443720,0.328,0.890,-0.093
69.964,S,443742,0.328,0.890,-0.046
69.999,READY
70.005,M,STILL
70.034,S,443812,0.281,0.984,-0.046
70.056,S,443834,0.328,0.937,-0.093
70.085,S,443863,0.328,0.937,-0.093
70.108,S,443885,0.281,0.984,-0.093
70.136,S,443914,0.328,0.937,-0.093
70.158,S,443936,0.328,0.890,-0.046
70.187,S,443965,0.281,0.890,-0.093
70.209,S,443987,0.328,0.937,-0.093
70.238,S,444015,0.328,0.890,-0.093
70.259,S,444037,0.328,0.937,-0.046
70.288,S,444066,0.281,0.890,-0.046
70.730,S,444095,0.281,0.937,-0.046
70.730,S,444118,0.281,0.984,-0.093
70.730,S,444147,0.328,0.937,-0.140
70.731,S,444169,0.328,0.937,-0.093
70.731,S,444198,0.281,0.890,-0.093
70.731,S,444228,0.328,0.984,-0.046
70.732,S,444250,0.375,0.937,-0.093
70.732,S,444279,0.375,0.984,-0.093
70.732,S,444301,0.328,0.937,-0.046
70.733,S,444329,0.375,0.984,-0.046
70.733,S,444351,0.328,0.984,-0.046
70.733,S,444380,0.328,0.890,-0.093
70.734,S,444402,0.328,0.890,-0.093
70.734,S,444432,0.328,0.843,-0.093
70.734,S,444454,0.328,0.984,-0.093
70.735,S,444482,0.328,0.890,0.000
70.735,S,444504,0.328,0.937,-0.093
70.755,S,444533,0.281,0.984,-0.093
70.777,S,444555,0.328,0.937,-0.046
70.806,S,444584,0.328,0.937,-0.093
70.829,S,444606,0.328,0.984,-0.093
70.858,S,444635,0.328,0.937,-0.093
70.880,S,444657,0.328,0.937,-0.140
70.909,S,444686,0.328,0.937,0.000
70.931,S,444708,0.281,0.937,-0.093
70.960,S,444737,0.375,0.937,-0.093
70.982,S,444759,0.375,0.890,-0.046
71.017,READY
71.024,M,STILL
71.054,S,444831,0.328,0.890,-0.046
71.076,S,444853,0.281,0.890,-0.093
71.105,S,444882,0.328,0.937,-0.093
71.127,S,444904,0.281,0.890,-0.140
71.156,S,444933,0.328,0.937,-0.046
71.177,S,444955,0.328,0.984,-0.046
71.207,S,444984,0.328,0.937,-0.046
71.229,S,445006,0.328,0.984,-0.046
71.257,S,445035,0.328,0.984,-0.093
71.287,S,445065,0.328,0.937,-0.093
71.308,S,445086,0.375,0.937,0.000
71.328,S,445106,0.328,0.890,-0.093
71.356,S,445133,0.328,0.890,-0.046
71.379,S,445155,0.328,0.937,-0.046
71.401,S,445177,0.328,0.937,-0.093
71.430,S,445206,0.328,0.937,-0.093
71.451,S,445228,0.328,0.937,-0.046
71.480,S,445256,0.328,0.937,-0.093
71.502,S,445278,0.281,0.937,-0.093
71.532,S,445308,0.328,0.937,-0.046
71.560,S,445337,0.328,0.937,-0.093
71.582,S,445359,0.328,0.984,-0.046
71.612,S,445388,0.234,0.937,-0.093
71.634,S,445410,0.375,0.984,-0.093
71.663,S,445439,0.375,0.937,-0.093
71.685,S,445461,0.375,0.890,-0.093
71.714,S,445491,0.328,0.984,-0.046
71.737,S,445513,0.375,0.937,-0.093
71.766,S,445542,0.328,0.984,-0.046
71.786,S,445562,0.281,0.937,-0.093
71.807,S,445583,0.375,0.890,-0.140
71.836,S,445612,0.281,0.984,-0.046
71.857,S,445633,0.328,0.890,-0.046
71.879,S,445654,0.281,0.937,-0.046
71.908,S,445685,0.328,0.984,-0.093
71.938,S,445714,0.328,0.890,-0.046
71.960,S,445736,0.328,0.890,-0.046
71.989,S,445765,0.281,0.937,-0.093
72.024,READY
72.030,M,STILL
72.057,S,445833,0.328,0.937,-0.046
72.080,S,445856,0.328,0.937,-0.046
72.109,S,445885,0.281,0.984,-0.046
72.130,S,445906,0.328,1.031,-0.046
72.150,S,445927,0.328,0.890,-0.046
72.179,S,445955,0.375,0.984,-0.093
72.202,S,445978,0.328,0.937,-0.093
72.230,S,446006,0.375,0.843,-0.046
72.251,S,446027,0.281,0.937,-0.093
72.272,S,446048,0.328,0.937,-0.046
72.300,S,446076,0.234,0.937,-0.093
72.322,S,446098,0.281,0.937,-0.093
72.343,S,446119,0.328,0.984,-0.093
72.372,S,446148,0.328,0.937,-0.093
72.394,S,446170,0.328,0.843,-0.046
72.422,S,446198,0.375,0.890,-0.046
72.444,S,446220,0.375,0.890,-0.046
72.464,S,446240,0.281,0.937,-0.093
72.484,S,446260,0.421,0.984,-0.093
72.512,S,446288,0.328,0.890,-0.093
72.534,S,446310,0.281,0.937,-0.046
72.555,S,446331,0.328,0.984,-0.046
72.584,S,446359,0.328,0.937,-0.093
72.605,S,446381,0.281,0.937,-0.046
72.625,S,446402,0.328,0.937,-0.093
72.647,S,446422,0.328,0.984,-0.093
72.676,S,446451,0.281,0.890,-0.093
72.698,S,446473,0.281,0.937,-0.046
72.727,S,446502,0.328,0.937,-0.046
72.748,S,446524,0.328,0.937,-0.046
72.778,S,446553,0.328,0.984,-0.046
72.798,S,446574,0.281,0.890,-0.046
72.826,S,446602,0.281,0.984,-0.093
72.849,S,446624,0.281,0.937,-0.046
72.878,S,446654,0.328,0.890,-0.046
72.900,S,446676,0.281,0.984,-0.046
72.930,S,446705,0.328,0.890,-0.046
72.952,S,446727,0.375,0.937,-0.046
72.980,S,446755,0.328,0.937,-0.093
73.002,S,446778,0.328,0.890,-0.093
73.038,READY
73.044,M,STILL
73.070,S,446845,0.281,0.937,-0.093
73.092,S,446867,0.281,0.937,-0.046
73.113,S,446888,0.328,1.031,-0.093
73.140,S,446915,0.281,0.937,-0.093
73.162,S,446937,0.328,0.937,-0.046
73.183,S,446958,0.281,0.984,-0.093
73.212,S,446987,0.375,0.890,-0.093
73.234,S,447009,0.328,0.937,-0.093
73.262,S,447037,0.328,0.984,-0.093
73.284,S,447059,0.328,0.890,-0.093
73.313,S,447088,0.281,0.984,-0.093
73.335,S,447110,0.328,0.890,-0.046
73.365,S,447140,0.328,0.937,-0.046
73.385,S,447160,0.375,0.937,-0.093
73.414,S,447189,0.328,0.937,-0.140
73.436,S,447211,0.281,0.937,-0.046
73.465,S,447240,0.328,0.890,-0.093
73.487,S,447262,0.328,0.984,-0.093
73.516,S,447291,0.281,0.890,-0.093
73.538,S,447312,0.328,0.890,-0.046
73.567,S,447341,0.375,0.937,-0.046
73.588,S,447363,0.328,0.937,-0.046
73.616,S,447391,0.281,0.890,-0.093
73.639,S,447413,0.375,0.937,0.000
73.668,S,447442,0.328,0.937,-0.093
73.690,S,447465,0.328,0.937,-0.093
73.719,S,447494,0.281,0.984,-0.093
73.741,S,447516,0.281,0.890,-0.093
73.770,S,447545,0.281,0.984,-0.093
73.793,S,447567,0.328,0.937,-0.046
73.821,S,447596,0.328,0.937,-0.093
73.844,S,447618,0.281,0.984,-0.093
73.872,S,447647,0.328,0.937,-0.046
73.894,S,447669,0.328,0.937,-0.046
73.924,S,447698,0.281,0.937,-0.046
73.946,S,447720,0.375,0.843,-0.046
73.975,S,447749,0.328,0.984,-0.093
73.997,S,447771,0.328,0.984,-0.046
74.026,S,447800,0.328,0.984,-0.046
74.062,READY
74.067,M,STILL
74.096,S,447870,0.328,0.937,-0.093
74.118,S,447892,0.375,0.890,-0.093
74.147,S,447921,0.328,0.937,-0.046
74.169,S,447943,0.328,0.984,-0.046
74.198,S,447972,0.328,0.890,-0.046
74.219,S,447993,0.328,0.890,-0.046
74.248,S,448022,0.281,0.984,-0.046
74.270,S,448044,0.328,0.937,-0.093
74.299,S,448073,0.328,0.937,-0.093
74.742,S,448103,0.375,0.937,-0.093
74.743,S,448125,0.281,0.984,-0.093
74.743,S,448154,0.328,0.890,-0.046
74.743,S,448176,0.328,0.937,-0.093
74.743,S,448203,0.328,0.937,0.000
74.744,S,448225,0.281,0.937,-0.093
74.744,S,448255,0.375,0.937,-0.093
74.744,S,448276,0.328,0.937,-0.093
74.745,S,448297,0.328,0.890,-0.093
74.745,S,448326,0.281,0.890,-0.046
74.745,S,448348,0.281,0.937,-0.046
74.745,S,448377,0.281,0.937,-0.093
74.746,S,448398,0.281,0.937,-0.046
74.746,S,448427,0.281,1.031,-0.046
74.746,S,448448,0.328,0.890,-0.046
74.747,S,448477,0.328,0.984,-0.140
74.747,S,448497,0.328,0.890,-0.093
74.752,S,448527,0.375,0.984,-0.093
74.774,S,448549,0.281,0.890,-0.046
74.801,S,448575,0.328,0.890,-0.093
74.823,S,448597,0.281,0.890,-0.093
74.845,S,448619,0.328,0.937,-0.093
74.875,S,448648,0.281,0.937,-0.093
74.896,S,448669,0.281,0.937,-0.046
74.918,S,448691,0.375,0.937,-0.093
74.946,S,448719,0.281,0.937,-0.093
74.975,S,448748,0.281,0.984,-0.093
74.996,S,448769,0.375,0.937,-0.046
75.018,S,448791,0.281,0.937,-0.093
75.047,S,448820,0.328,0.890,-0.046
75.081,READY
75.087,M,STILL
75.115,S,448889,0.328,0.984,-0.093
75.138,S,448911,0.281,0.984,-0.093
75.166,S,448940,0.328,0.937,-0.093
75.188,S,448962,0.328,0.937,-0.093
75.217,S,448991,0.281,0.984,-0.046
75.240,S,449013,0.281,0.937,-0.093
75.268,S,449041,0.328,0.890,-0.046
75.288,S,449062,0.281,0.984,0.000
75.311,S,449084,0.328,0.937,-0.093
75.340,S,449113,0.281,0.937,-0.046
75.361,S,449135,0.375,0.890,-0.093
75.389,S,449162,0.328,0.937,-0.046
75.411,S,449184,0.375,0.937,-0.093
75.440,S,449213,0.328,0.937,-0.046
75.462,S,449235,0.234,0.937,-0.046
75.492,S,449264,0.328,0.937,-0.093
75.514,S,449286,0.328,0.937,-0.046
75.542,S,449315,0.375,0.984,-0.093
75.564,S,449337,0.375,0.937,-0.046
75.593,S,449366,0.281,0.937,-0.046
75.615,S,449388,0.281,0.937,-0.046
75.643,S,449416,0.328,0.984,-0.093
75.664,S,449437,0.328,0.984,-0.046
75.687,S,449459,0.328,0.890,-0.093
75.716,S,449489,0.328,0.890,-0.046
75.738,S,449511,0.375,0.937,-0.093
75.767,S,449540,0.328,0.984,-0.093
75.789,S,449562,0.328,0.937,-0.093
75.819,S,449591,0.328,0.937,-0.046
75.841,S,449613,0.328,0.937,-0.046
75.868,S,449641,0.328,0.937,-0.093
75.889,S,449662,0.328,0.984,-0.046
75.911,S,449684,0.375,0.890,0.000
75.940,S,449713,0.281,0.750,-0.187
75.963,S,449735,0.468,0.656,-0.375
75.992,S,449765,0.375,0.468,-0.843
76.015,S,449787,0.234,1.078,-0.093
76.044,S,449816,0.656,0.562,-0.656
76.066,S,449838,0.609,0.703,-0.656
76.101,READY
76.107,M,STILL
76.135,S,449908,0.234,0.796,-0.609
76.158,S,449930,0.515,0.656,-0.609
76.187,S,449958,0.703,-0.140,-0.937
76.205,S,449978,0.187,0.093,0.281
76.227,S,449999,1.078,-0.046,-0.609
76.246,S,450019,0.328,0.562,-0.234
76.273,S,450046,1.218,1.265,-0.750
76.295,S,450068,0.609,0.796,0.046
76.318,S,450090,1.078,0.984,-0.515
76.347,S,450119,0.328,1.125,-0.187
76.369,S,450142,0.515,0.984,-0.140
76.398,S,450170,0.796,0.984,-0.281
76.419,S,450192,0.796,0.703,-0.703
76.450,S,450221,0.796,0.796,-0.703
76.478,S,450250,1.359,-0.046,-1.453
76.501,S,450273,-0.562,0.703,0.140
76.522,S,450294,0.093,0.375,-0.750
76.551,S,450323,0.046,0.515,-0.562
76.572,S,450345,0.375,0.421,-0.609
76.602,S,450373,0.421,0.234,-0.796
76.624,S,450396,0.328,0.140,-0.796
76.652,S,450424,0.468,0.093,-0.796
76.674,S,450446,0.515,0.000,-0.843
76.703,S,450475,0.421,0.093,-0.609
76.724,S,450496,0.468,0.046,-0.750
76.752,S,450524,0.421,0.000,-0.890
76.774,S,450546,0.656,-0.187,-0.890
76.804,S,450575,0.562,-0.187,-0.984
76.826,S,450597,0.515,-0.187,-0.750
76.855,S,450626,0.656,-0.234,-0.890
76.883,S,450654,0.703,-0.515,-0.750
76.904,S,450676,0.515,-0.562,-0.609
76.926,S,450698,0.468,-0.468,-0.750
76.955,S,450727,0.281,-0.328,-0.468
76.977,S,450749,0.515,-0.796,-0.703
77.006,S,450778,0.562,-0.796,-0.609
77.026,S,450798,0.375,-0.703,-0.609
77.048,S,450819,0.468,-0.984,-0.937
77.077,S,450848,0.515,-1.125,-0.703
77.111,READY
77.117,M,STILL
77.146,S,450917,0.281,-0.843,-0.609
77.168,S,450939,0.234,-0.796,-0.515
77.195,S,450967,0.281,-0.890,-0.609
77.218,S,450989,0.234,-0.890,-0.562
77.247,S,451018,0.234,-0.656,-0.515
77.269,S,451040,0.281,-0.750,-0.562
77.298,S,451070,0.375,-0.796,-0.515
77.320,S,451091,0.328,-0.796,-0.515
77.348,S,451120,0.328,-0.796,-0.609
77.371,S,451142,0.187,-0.750,-0.609
77.400,S,451171,0.187,-0.703,-0.562
77.422,S,451193,0.281,-0.656,-0.656
77.451,S,451223,0.187,-0.515,-0.609
77.474,S,451245,0.421,-0.421,-0.937
77.502,S,451273,0.562,-0.421,-0.890
77.524,S,451295,0.515,-0.328,-0.562
77.553,S,451324,0.703,-0.375,-0.843
77.574,S,451345,0.890,-0.468,-0.843
77.603,S,451374,0.750,-0.234,-0.796
77.626,S,451396,0.890,-0.281,-0.656
77.655,S,451425,0.843,-0.234,-0.656
77.677,S,451448,0.843,-0.375,-0.750
77.683,M,WRITING
77.713,S,451483,0.796,-0.093,-0.468
77.735,S,451506,0.843,-0.187,-0.515
77.764,S,451535,0.796,-0.234,-0.656
77.786,S,451557,0.750,-0.140,-0.468
77.815,S,451586,0.890,-0.140,-0.421
77.835,S,451606,0.984,-0.093,-0.375
77.858,S,451628,0.843,0.046,-0.468
77.887,S,451657,1.125,-0.093,-0.421
77.915,S,451685,1.031,-0.046,-0.328
77.937,S,451708,0.937,0.000,-0.187
77.966,S,451737,0.984,-0.046,-0.281
77.993,S,451759,0.937,0.046,-0.187
78.017,S,451788,1.078,0.000,-0.187
78.039,S,451810,0.937,-0.093,-0.093
78.069,S,451839,1.078,0.000,-0.187
78.091,S,451861,0.984,-0.046,-0.140
78.126,READY
78.132,M,WRITING
78.160,S,451930,0.984,-0.187,-0.140
78.182,S,451951,1.031,-0.093,-0.046
78.210,S,451980,1.031,-0.093,-0.187
78.232,S,452003,1.265,-0.093,-0.468
78.260,S,452031,0.328,-0.140,0.187
78.283,S,452053,0.984,-0.281,-0.093
78.311,S,452082,0.984,0.140,-0.140
78.749,S,452104,0.843,0.000,-0.046
78.749,S,452133,1.031,-0.468,-0.234
78.749,S,452155,1.031,-0.375,-0.140
78.750,S,452185,1.312,-0.703,-0.468
78.750,S,452215,0.984,0.046,-0.375
78.750,S,452237,0.890,-0.421,-0.093
78.750,S,452266,0.890,0.046,-0.140
78.751,S,452287,1.078,-0.140,-0.234
78.751,S,452315,1.125,-0.140,-0.140
78.751,S,452337,0.937,-0.234,-0.140
78.751,S,452366,0.937,-0.234,-0.093
78.752,S,452397,1.078,-0.093,-0.140
78.752,S,452418,1.031,-0.187,0.000
78.752,S,452447,1.031,-0.187,-0.046
78.753,S,452476,0.843,0.140,0.093
78.753,S,452498,1.078,-0.187,-0.046
78.757,S,452527,0.890,-0.234,-0.140
78.779,S,452550,0.890,-0.234,-0.140
78.809,S,452579,0.843,-0.187,0.000
78.831,S,452601,0.843,-0.187,0.000
78.858,S,452628,0.937,-0.281,-0.046
78.880,S,452650,0.937,-0.281,-0.140
78.910,S,452679,1.031,-0.281,-0.187
78.931,S,452701,0.796,-0.468,0.046
78.961,S,452730,1.125,-0.421,-0.281
78.982,S,452751,0.890,-0.281,0.093
79.011,S,452781,0.937,-0.234,-0.328
79.033,S,452803,0.843,-0.468,-0.281
79.061,S,452831,1.125,-0.328,-0.328
79.083,S,452853,0.937,-0.140,-0.375
79.113,S,452882,0.984,-0.328,-0.234
79.147,READY
79.153,M,WRITING
79.183,S,452952,0.937,-0.421,-0.187
79.203,S,452973,0.703,-0.468,-0.093
79.231,S,453001,0.890,-0.609,-0.140
79.254,S,453023,0.609,-0.796,0.140
79.283,S,453052,0.937,-0.750,0.000
79.304,S,453073,0.843,-0.328,0.046
79.332,S,453101,0.937,-0.468,0.046
79.354,S,453124,0.937,-0.421,0.000
79.382,S,453152,0.937,-0.421,0.046
79.405,S,453174,0.984,-0.328,0.093
79.432,S,453202,1.125,-0.703,0.046
79.454,S,453223,1.031,-0.515,0.000
79.475,S,453244,1.031,-0.375,-0.093
79.504,S,453273,0.984,-0.375,0.000
79.526,S,453295,0.984,-0.375,0.046
79.555,S,453324,1.078,-0.281,0.000
79.578,S,453346,0.984,-0.328,0.000
79.606,S,453375,1.078,-0.421,0.046
79.628,S,453396,0.984,-0.468,0.000
79.656,S,453425,0.984,-0.375,-0.093
79.684,S,453453,0.843,-0.375,0.046
79.707,S,453476,0.937,-0.375,0.000
79.735,S,453504,0.937,-0.375,0.093
79.755,S,453525,0.984,-0.328,0.046
79.778,S,453547,0.890,-0.375,0.093
79.806,S,453575,0.890,-0.375,0.046
79.829,S,453597,0.937,-0.375,0.140
79.856,S,453624,1.031,-0.421,0.187
79.878,S,453647,0.937,-0.515,0.046
79.905,S,453674,1.031,-0.515,0.234
79.927,S,453696,0.796,-0.468,-0.093
79.947,S,453716,0.984,-0.515,0.187
79.975,S,453744,0.937,-0.515,0.140
79.998,S,453766,0.984,-0.562,0.093
80.026,S,453795,0.843,-0.562,0.046
80.049,S,453817,0.843,-0.562,0.093
80.076,S,453845,0.796,-0.562,0.000
80.098,S,453866,0.796,-0.796,0.093
80.120,S,453889,0.796,-0.703,0.093
80.155,READY
80.161,M,WRITING
80.189,S,453958,0.796,-0.750,0.281
80.212,S,453980,0.703,-0.843,0.187
80.241,S,454010,0.703,-0.796,0.187
80.264,S,454032,0.656,-0.843,0.140
80.292,S,454061,0.656,-0.796,0.234
80.315,S,454083,0.656,-0.843,0.281
80.343,S,454111,0.703,-0.796,0.375
80.366,S,454134,0.609,-0.843,0.328
80.394,S,454162,0.562,-0.796,0.328
80.417,S,454185,0.562,-0.843,0.328
80.447,S,454215,0.562,-0.937,0.468
80.468,S,454236,0.515,-0.843,0.375
80.497,S,454265,0.515,-0.937,0.515
80.519,S,454287,0.468,-0.796,0.562
80.548,S,454316,0.375,-0.843,0.515
80.570,S,454338,0.281,-0.890,0.421
80.598,S,454367,0.234,-1.031,0.468
80.621,S,454389,0.328,-0.796,0.421
80.650,S,454418,0.234,-0.937,0.515
80.672,S,454440,0.281,-0.890,0.562
80.702,S,454469,0.328,-0.937,0.750
80.724,S,454492,0.234,-0.843,0.609
80.753,S,454521,0.140,-0.890,0.609
80.775,S,454543,0.187,-0.890,0.656
80.804,S,454572,0.140,-0.796,0.562
80.826,S,454594,0.140,-0.796,0.609
80.855,S,454623,0.140,-0.890,0.656
80.878,S,454645,0.234,-0.843,0.750
80.906,S,454674,0.140,-0.890,0.656
80.928,S,454696,0.093,-0.843,0.703
80.956,S,454724,0.093,-0.937,0.609
80.980,S,454746,0.093,-0.890,0.656
81.009,S,454776,0.093,-0.937,0.656
81.030,S,454796,0.046,-0.890,0.750
81.059,S,454827,0.046,-0.843,0.703
81.079,S,454848,-0.046,-0.796,0.609
81.099,S,454868,-0.046,-0.843,0.609
81.120,S,454888,-0.046,-0.796,0.609
81.148,S,454916,-0.093,-0.796,0.562
81.181,READY
81.188,M,WRITING
81.216,S,454983,-0.093,-0.750,0.656
81.238,S,455005,-0.140,-0.796,0.609
81.267,S,455034,-0.140,-0.703,0.609
81.289,S,455056,-0.187,-0.890,0.656
81.315,S,455083,-0.140,-0.796,0.609
81.336,S,455103,-0.187,-0.843,0.609
81.358,S,455125,-0.187,-0.796,0.609
81.386,S,455155,-0.093,-0.890,0.609
81.408,S,455176,-0.140,-0.796,0.609
81.437,S,455204,-0.140,-0.796,0.562
81.459,S,455226,-0.093,-0.750,0.609
81.480,S,455247,-0.093,-0.796,0.515
81.508,S,455275,-0.093,-0.656,0.328
81.530,S,455297,0.046,-0.750,0.515
81.559,S,455326,0.093,-0.843,0.468
81.581,S,455348,0.187,-0.796,0.328
81.610,S,455377,0.281,-1.031,0.375
81.631,S,455398,0.281,-0.843,0.281
81.659,S,455426,0.375,-0.937,0.421
81.681,S,455448,0.562,-0.984,0.421
81.710,S,455477,0.562,-0.937,0.468
81.731,S,455498,0.562,-0.750,0.468
81.760,S,455527,0.609,-0.468,0.609
81.782,S,455549,0.703,-0.843,0.515
81.810,S,455578,0.609,-0.984,0.375
81.832,S,455599,0.515,-0.890,0.000
81.854,S,455621,0.843,-0.515,0.468
81.882,S,455649,1.078,-0.562,0.609
81.904,S,455671,1.171,-0.750,0.562
81.933,S,455700,0.984,-0.750,0.375
81.955,S,455722,0.890,-0.515,0.328
81.985,S,455751,0.796,-0.515,0.281
82.014,S,455781,0.750,-0.656,0.140
82.035,S,455802,0.656,-0.609,0.140
82.064,S,455831,0.750,-0.562,0.281
82.086,S,455853,0.890,-0.609,0.421
82.116,S,455882,0.937,-0.515,0.281
82.138,S,455905,0.843,-0.562,0.187
82.166,S,455933,0.703,-0.843,0.046
82.200,READY
82.206,M,WRITING
82.234,S,456001,0.796,-0.562,0.000
82.257,S,456023,0.890,-0.750,-0.093
82.286,S,456052,0.843,-0.656,-0.093
82.315,S,456082,0.796,-0.656,0.000
82.750,S,456104,0.796,-0.609,-0.046
82.750,S,456132,1.031,-0.187,-0.281
82.751,S,456155,0.937,-0.656,-0.093
82.751,S,456184,0.890,-0.656,-0.046
82.751,S,456214,0.750,-0.609,-0.046
82.752,S,456236,0.796,-0.656,0.000
82.752,S,456265,0.750,-0.562,0.000
82.752,S,456287,0.750,-0.562,0.000
82.753,S,456316,0.937,-0.703,-0.046
82.753,S,456338,1.031,-0.796,-0.140
82.754,S,456367,0.890,-0.609,-0.140
82.754,S,456389,0.515,-0.421,0.046
82.754,S,456418,0.843,-1.078,-0.187
82.755,S,456440,0.796,-0.890,-0.187
82.755,S,456471,0.796,-0.703,-0.187
82.755,S,456493,0.656,-0.656,-0.093
82.756,S,456522,0.656,-0.656,-0.046
82.778,S,456544,0.750,-0.796,0.046
82.806,S,456573,0.796,-0.843,0.046
82.829,S,456595,0.750,-0.750,0.000
82.856,S,456623,0.703,-0.609,0.046
82.878,S,456645,0.609,-0.515,0.234
82.899,S,456665,0.750,-0.750,0.093
82.928,S,456694,0.796,-0.984,0.000
82.950,S,456716,0.843,-0.750,0.140
82.977,S,456743,0.890,-0.796,0.093
82.999,S,456765,0.843,-0.609,0.093
83.028,S,456794,0.937,-0.703,0.046
83.050,S,456816,0.796,-0.609,0.000
83.077,S,456843,0.843,-0.609,0.000
83.099,S,456865,0.843,-0.562,0.093
83.120,S,456886,0.984,-0.515,0.046
83.147,S,456913,0.890,-0.468,0.046
83.169,S,456935,0.843,-0.562,0.046
83.205,READY
83.211,M,WRITING
83.240,S,457006,1.078,-0.562,0.140
83.261,S,457027,0.984,-0.562,0.140
83.290,S,457056,0.890,-0.515,0.140
83.312,S,457078,0.796,-0.421,0.093
83.341,S,457108,0.796,-0.421,0.140
83.371,S,457137,0.937,-0.562,0.000
83.393,S,457159,0.984,-0.421,0.140
83.423,S,457188,0.937,-0.421,0.187
83.445,S,457210,0.843,-0.328,0.328
83.475,S,457240,1.078,-0.515,0.140
83.497,S,457262,0.937,-0.421,0.375
83.526,S,457291,0.937,-0.421,0.187
83.548,S,457313,0.937,-0.609,0.140
83.577,S,457342,0.890,-0.468,0.140
83.599,S,457364,0.890,-0.421,0.187
83.627,S,457392,0.890,-0.328,0.281
83.650,S,457415,0.937,-0.468,0.187
83.671,S,457436,0.937,-0.562,0.187
83.700,S,457465,0.984,-0.375,0.093
83.722,S,457487,0.937,-0.375,0.093
83.751,S,457516,0.984,-0.421,0.093
83.772,S,457538,0.937,-0.281,0.187
83.802,S,457567,1.031,-0.375,0.140
83.824,S,457589,0.890,-0.375,0.140
83.852,S,457617,0.890,-0.421,0.140
83.874,S,457639,0.890,-0.468,0.140
83.903,S,457668,1.031,-0.375,0.187
83.925,S,457690,0.937,-0.421,0.187
83.954,S,457719,0.937,-0.375,0.187
83.977,S,457741,1.031,-0.328,0.187
84.005,S,457770,0.984,-0.375,0.140
84.027,S,457792,0.890,-0.468,0.140
84.033,M,MOVING
84.063,S,457828,0.937,-0.468,0.140
84.085,S,457850,0.937,-0.468,0.093
84.114,S,457879,0.796,-0.609,0.093
84.136,S,457901,0.843,-0.609,0.046
84.166,S,457930,0.843,-0.562,0.000
84.187,S,457952,0.796,-0.562,0.000
84.223,READY
84.229,M,MOVING
84.257,S,458022,0.843,-0.562,0.046
84.279,S,458044,0.796,-0.609,0.046
84.308,S,458073,0.843,-0.656,0.093
84.330,S,458095,0.890,-0.656,0.093
84.359,S,458123,0.890,-0.656,0.093
84.381,S,458145,0.843,-0.656,0.046
84.410,S,458174,0.843,-0.656,0.093
84.438,S,458202,0.843,-0.703,0.046
84.460,S,458225,0.796,-0.750,0.046
84.489,S,458254,0.750,-0.750,0.046
84.511,S,458276,0.843,-0.703,0.093
84.540,S,458304,0.703,-0.750,0.093
84.562,S,458327,0.796,-0.703,0.046
84.591,S,458355,0.703,-0.703,0.046
84.613,S,458378,0.796,-0.750,0.000
84.643,S,458407,0.750,-0.750,0.093
84.665,S,458429,0.796,-0.703,0.093
84.693,S,458457,0.750,-0.750,0.000
84.714,S,458478,0.750,-0.703,0.046
84.737,S,458500,0.796,-0.609,0.000
84.763,S,458528,0.843,-0.562,0.000
84.786,S,458550,0.843,-0.609,0.046
84.815,S,458580,0.796,-0.609,0.000
84.838,S,458602,0.843,-0.656,0.000
84.864,S,458629,0.843,-0.609,0.000
84.886,S,458651,0.843,-0.656,-0.046
84.915,S,458680,0.890,-0.703,0.046
84.938,S,458702,0.843,-0.656,0.000
84.966,S,458731,0.890,-0.656,0.000
84.987,S,458752,0.890,-0.656,0.000
85.017,S,458781,0.937,-0.609,0.000
85.039,S,458803,0.890,-0.562,0.000
85.069,S,458832,0.890,-0.562,0.000
85.091,S,458855,0.890,-0.562,0.046
85.120,S,458884,0.890,-0.609,0.000
85.142,S,458906,0.890,-0.656,0.046
85.172,S,458935,0.937,-0.515,0.046
85.194,S,458957,0.937,-0.375,0.000
85.227,READY
85.234,M,MOVING
85.262,S,459025,0.890,-0.515,-0.093
85.283,S,459046,0.937,-0.468,0.046
85.312,S,459076,0.984,-0.375,-0.093
85.334,S,459098,0.984,-0.375,-0.093
85.361,S,459125,0.984,-0.421,0.000
85.384,S,459147,1.031,-0.421,-0.046
85.413,S,459176,0.937,-0.281,0.000
85.435,S,459198,1.031,-0.234,-0.046
85.464,S,459227,1.031,-0.328,0.000
85.485,S,459248,0.984,-0.281,-0.093
85.507,S,459270,1.031,-0.187,-0.046
85.536,S,459299,0.984,-0.140,-0.046
85.559,S,459322,0.937,-0.140,-0.093
85.587,S,459350,0.984,-0.234,-0.093
85.609,S,459373,0.984,-0.187,-0.140
85.639,S,459402,1.031,-0.093,-0.140
85.660,S,459424,1.078,-0.046,-0.046
85.689,S,459453,1.078,0.093,-0.187
85.712,S,459475,1.078,-0.093,-0.093
85.741,S,459504,1.125,-0.187,-0.093
85.763,S,459527,1.078,0.000,-0.093
85.793,S,459556,1.031,0.093,-0.140
85.814,S,459577,0.984,0.187,-0.046
85.834,S,459598,0.984,0.187,-0.093
85.860,S,459624,1.125,0.187,-0.140
85.881,S,459645,1.078,0.046,-0.093
85.903,S,459666,0.984,0.000,-0.093
85.923,S,459686,1.031,0.093,-0.140
85.945,S,459707,0.937,0.187,-0.140
85.974,S,459737,0.937,0.093,-0.093
85.995,S,459758,1.031,0.140,-0.046
86.024,S,459787,0.937,0.187,-0.140
86.046,S,459809,0.937,0.234,-0.140
86.075,S,459838,0.937,0.328,-0.187
86.097,S,459860,0.984,0.281,-0.140
86.124,S,459887,0.984,0.234,-0.187
86.146,S,459909,0.937,0.187,-0.140
86.167,S,459930,0.843,0.234,-0.234
86.196,S,459959,0.890,0.281,-0.234
86.232,READY
86.239,M,MOVING
86.268,S,460030,0.890,0.328,-0.187
86.290,S,460052,0.937,0.328,-0.187
86.317,S,460080,0.937,0.328,-0.187
86.747,S,460102,0.843,0.375,-0.234
86.749,S,460129,0.890,0.375,-0.281
86.749,S,460152,0.984,0.375,-0.187
86.750,S,460174,0.890,0.375,-0.234
86.751,S,460203,0.890,0.234,-0.234
86.752,S,460225,0.937,0.281,-0.140
86.752,S,460254,1.031,0.328,-0.234
86.753,S,460277,1.031,0.375,-0.093
86.754,S,460306,0.984,0.281,-0.187
86.755,S,460327,1.031,0.234,-0.234
86.756,S,460356,0.843,0.234,-0.281
86.757,S,460378,0.937,0.234,-0.187
86.758,S,460406,0.937,0.328,-0.281
86.759,S,460428,0.984,0.328,-0.234
86.759,S,460449,0.937,0.328,-0.187
86.760,S,460477,0.890,0.328,-0.187
86.761,S,460498,0.937,0.281,-0.187
86.763,S,460525,0.843,0.328,-0.234
86.785,S,460547,0.890,0.281,-0.234
86.807,S,460569,0.890,0.375,-0.187
86.835,S,460598,0.937,0.375,-0.187
86.857,S,460620,0.890,0.328,-0.234
86.879,S,460641,0.890,0.281,-0.234
86.906,S,460669,0.984,0.328,-0.187
86.928,S,460690,0.937,0.375,-0.234
86.950,S,460712,0.937,0.328,-0.187
86.979,S,460741,0.890,0.234,-0.281
87.000,S,460762,0.937,0.328,-0.281
87.028,S,460790,0.890,0.328,-0.234
87.050,S,460812,0.890,0.421,-0.234
87.079,S,460841,0.937,0.421,-0.234
87.100,S,460862,0.984,0.375,-0.187
87.129,S,460891,0.937,0.375,-0.187
87.151,S,460913,0.890,0.375,-0.187
87.178,S,460940,0.937,0.328,-0.187
87.200,S,460961,0.890,0.375,-0.187
87.235,READY
87.241,M,MOVING
87.268,S,461030,0.890,0.375,-0.234
87.290,S,461052,0.984,0.421,-0.093
87.319,S,461080,0.890,0.375,-0.234
87.339,S,461102,0.937,0.375,-0.234
87.362,S,461124,0.984,0.328,-0.140
87.391,S,461153,0.890,0.421,-0.187
87.413,S,461175,1.031,0.421,-0.140
87.443,S,461204,0.937,0.375,-0.234
87.464,S,461226,0.890,0.375,-0.187
87.493,S,461255,0.984,0.375,-0.187
87.515,S,461277,0.937,0.421,-0.187
87.543,S,461305,0.937,0.375,-0.140
87.565,S,461326,0.984,0.375,-0.140
87.586,S,461348,0.890,0.375,-0.187
87.615,S,461377,0.890,0.375,-0.234
87.637,S,461399,0.843,0.421,-0.234
87.666,S,461428,0.843,0.421,-0.234
87.688,S,461450,0.843,0.468,-0.093
87.716,S,461477,0.890,0.421,-0.187
87.738,S,461499,0.937,0.421,-0.140
87.760,S,461521,0.937,0.421,-0.140
87.787,S,461549,0.843,0.375,-0.187
87.810,S,461571,0.843,0.375,-0.187
87.839,S,461600,0.937,0.421,-0.140
87.860,S,461621,0.937,0.515,-0.140
87.888,S,461649,0.937,0.515,-0.140
87.909,S,461670,0.937,0.421,-0.140
87.931,S,461692,0.890,0.375,-0.140
87.959,S,461720,0.843,0.468,-0.140
87.980,S,461741,0.937,0.468,-0.093
88.002,S,461763,0.937,0.375,-0.187
88.031,S,461792,0.937,0.375,-0.140
88.053,S,461814,0.843,0.375,-0.140
88.080,S,461841,0.937,0.281,-0.093
88.102,S,461864,0.890,0.375,-0.093
88.132,S,461893,0.937,0.421,-0.140
88.153,S,461914,0.890,0.375,-0.140
88.180,S,461941,0.937,0.375,-0.093
88.202,S,461963,0.937,0.468,-0.046
88.238,READY
88.245,M,MOVING
88.274,S,462035,0.843,0.421,-0.093
88.296,S,462057,0.890,0.375,-0.093
88.324,S,462085,0.937,0.328,-0.046
88.346,S,462107,0.843,0.421,-0.046
88.376,S,462136,0.937,0.421,-0.093
88.398,S,462159,0.890,0.468,-0.046
88.426,S,462187,0.890,0.375,-0.093
88.448,S,462209,0.890,0.375,-0.046
88.476,S,462237,0.937,0.375,-0.046
88.496,S,462257,0.937,0.421,0.046
88.518,S,462279,0.937,0.421,0.000
88.548,S,462308,0.937,0.468,-0.046
88.570,S,462330,0.937,0.468,0.046
88.599,S,462359,0.890,0.468,0.046
88.621,S,462381,0.890,0.468,0.000
88.650,S,462410,0.843,0.468,0.000
88.672,S,462432,0.843,0.515,-0.046
88.700,S,462461,0.843,0.515,0.000
88.730,S,462490,0.937,0.468,0.046
88.752,S,462513,0.984,0.468,0.140
88.779,S,462540,0.890,0.515,0.093
88.799,S,462560,0.843,0.515,0.046
88.821,S,462582,0.796,0.562,0.093
88.844,S,462604,0.796,0.562,0.093
88.873,S,462633,0.843,0.515,0.140
88.902,S,462662,0.890,0.468,0.140
88.923,S,462684,0.890,0.421,0.187
88.952,S,462713,0.843,0.468,0.187
88.973,S,462734,0.796,0.421,0.187
89.003,S,462763,0.843,0.468,0.234
89.023,S,462783,0.796,0.421,0.187
89.045,S,462805,0.796,0.562,0.187
89.074,S,462834,0.703,0.515,0.234
89.096,S,462857,0.750,0.609,0.187
89.125,S,462886,0.796,0.609,0.234
89.148,S,462908,0.703,0.609,0.140
89.175,S,462935,0.703,0.609,0.187
89.197,S,462957,0.796,0.515,0.281
89.226,S,462986,0.843,0.468,0.281
89.259,READY
89.265,M,MOVING
89.292,S,463052,0.937,0.515,0.328
89.314,S,463074,0.843,0.468,0.234
89.343,S,463103,0.843,0.515,0.234
89.363,S,463123,0.890,0.468,0.187
89.383,S,463144,0.890,0.421,0.234
89.413,S,463173,0.890,0.421,0.234
89.435,S,463195,0.937,0.468,0.375
89.464,S,463224,0.937,0.515,0.281
89.485,S,463245,0.843,0.562,0.281
89.506,S,463266,0.843,0.515,0.281
89.534,S,463295,0.843,0.468,0.328
89.555,S,463315,0.796,0.515,0.234
89.577,S,463337,0.703,0.515,0.187
89.598,S,463358,0.750,0.375,0.234
89.625,S,463385,0.796,0.468,0.281
89.647,S,463406,0.796,0.468,0.328
89.667,S,463427,0.890,0.515,0.375
89.694,S,463454,0.843,0.468,0.328
89.715,S,463475,0.843,0.468,0.328
89.738,S,463497,0.796,0.468,0.375
89.767,S,463526,0.796,0.515,0.375
89.788,S,463547,0.796,0.421,0.375
89.810,S,463569,0.796,0.468,0.375
89.839,S,463598,0.796,0.468,0.375
89.859,S,463618,0.796,0.468,0.375
89.881,S,463640,0.796,0.468,0.421
89.909,S,463669,0.796,0.468,0.421
89.931,S,463690,0.796,0.468,0.421
89.953,S,463712,0.796,0.421,0.328
89.981,S,463740,0.796,0.515,0.328
90.003,S,463762,0.750,0.515,0.328
90.032,S,463791,0.890,0.515,0.375
90.054,S,463813,0.796,0.515,0.375
90.082,S,463841,0.703,0.421,0.375
90.104,S,463863,0.796,0.375,0.328
90.131,S,463891,0.750,0.468,0.328
90.154,S,463913,0.796,0.468,0.421
90.182,S,463941,0.750,0.515,0.328
90.204,S,463963,0.703,0.468,0.328
90.231,S,463990,0.750,0.468,0.328
90.267,READY
90.274,M,MOVING
90.302,S,464061,0.796,0.468,0.421
90.324,S,464083,0.843,0.421,0.421
90.638,S,464112,0.796,0.421,0.375
90.638,S,464133,0.750,0.421,0.375
90.638,S,464162,0.703,0.375,0.375
90.639,S,464184,0.796,0.468,0.281
90.639,S,464212,0.750,0.468,0.375
90.639,S,464234,0.843,0.421,0.375
90.640,S,464262,0.890,0.468,0.328
90.640,S,464283,0.890,0.421,0.328
90.640,S,464305,0.843,0.421,0.281
90.641,S,464335,0.937,0.468,0.328
90.642,S,464357,0.890,0.468,0.281
90.642,S,464385,0.890,0.468,0.234
90.649,S,464407,0.843,0.421,0.281
90.678,S,464436,0.890,0.375,0.281
90.700,S,464459,0.937,0.375,0.328
90.729,S,464488,0.890,0.375,0.328
90.751,S,464510,0.937,0.421,0.281
90.781,S,464539,0.890,0.421,0.281
90.802,S,464561,0.890,0.421,0.281
90.831,S,464590,0.843,0.468,0.281
90.854,S,464612,0.796,0.421,0.328
90.883,S,464641,0.796,0.468,0.281
90.911,S,464670,0.843,0.421,0.328
90.934,S,464693,0.843,0.421,0.328
90.963,S,464721,0.843,0.375,0.281
90.985,S,464743,0.937,0.421,0.328
91.014,S,464772,0.890,0.421,0.281
91.036,S,464794,0.843,0.375,0.328
91.065,S,464823,0.890,0.375,0.234
91.094,S,464853,0.890,0.375,0.281
91.116,S,464875,0.843,0.375,0.281
91.146,S,464904,0.843,0.328,0.187
91.167,S,464925,0.890,0.328,0.187
91.194,S,464953,0.890,0.328,0.234
91.216,S,464975,0.843,0.375,0.234
91.246,S,465004,0.843,0.421,0.281
91.281,READY
91.287,M,MOVING
91.315,S,465073,0.890,0.375,0.281
91.337,S,465095,0.890,0.375,0.234
91.365,S,465124,0.937,0.421,0.234
91.388,S,465146,0.890,0.375,0.234
91.417,S,465175,0.937,0.375,0.234
91.439,S,465197,0.937,0.328,0.281
91.469,S,465226,0.984,0.375,0.234
91.490,S,465248,0.890,0.375,0.234
91.517,S,465275,0.937,0.281,0.187
91.539,S,465297,0.890,0.328,0.187
91.559,S,465317,1.031,0.375,0.140
91.589,S,465346,1.031,0.281,0.187
91.618,S,465377,0.984,0.328,0.234
91.640,S,465398,0.937,0.468,0.140
91.668,S,465426,0.890,0.468,0.140
91.689,S,465447,0.843,0.515,0.046
91.711,S,465469,0.890,0.468,0.140
91.738,S,465497,0.937,0.421,0.093
91.760,S,465518,0.890,0.421,0.140
91.782,S,465539,0.843,0.375,0.140
91.802,S,465560,0.937,0.375,0.140
91.830,S,465588,0.890,0.421,0.093
91.852,S,465609,0.890,0.375,0.140
91.872,S,465629,0.843,0.375,0.140
91.895,S,465651,0.937,0.421,0.093
91.922,S,465679,0.890,0.468,0.140
91.944,S,465701,0.890,0.421,0.140
91.972,S,465730,0.937,0.421,0.140
91.995,S,465753,0.890,0.468,0.140
92.024,S,465782,0.890,0.375,0.093
92.046,S,465804,0.890,0.421,0.093
92.075,S,465833,0.890,0.421,0.046
92.097,S,465855,0.796,0.421,0.093
92.125,S,465883,0.937,0.421,0.140
92.147,S,465904,0.890,0.562,0.140
92.304,S,465926,0.796,0.562,0.140
92.305,S,465955,0.843,0.468,0.140
92.305,S,465977,0.796,0.421,0.140
92.306,S,466007,0.796,0.421,0.140
92.306,S,466029,0.796,0.468,0.140
92.307,S,466058,0.796,0.421,0.140
92.335,READY
92.341,M,MOVING
92.369,S,466127,0.984,0.421,0.046
92.392,S,466149,0.937,0.375,0.093
92.421,S,466178,0.984,0.515,0.046
92.444,S,466200,0.890,0.468,0.000
92.473,S,466230,0.843,0.375,0.000
92.494,S,466252,0.843,0.375,0.093
92.522,S,466280,0.890,0.515,0.093
92.543,S,466301,0.843,0.468,0.140
92.566,S,466323,0.843,0.468,0.000
92.593,S,466350,0.843,0.468,0.000
92.615,S,466373,0.843,0.468,0.046
92.643,S,466400,0.890,0.562,0.046
92.665,S,466422,0.937,0.515,0.046
92.688,S,466444,0.937,0.515,0.046
92.716,S,466473,1.031,0.421,0.140
92.738,S,466494,0.984,0.375,0.000
92.765,S,466522,0.937,0.375,-0.046
92.787,S,466544,0.937,0.328,0.046
92.817,S,466573,0.890,0.421,0.000
92.839,S,466595,0.843,0.468,-0.093
92.867,S,466623,0.890,0.468,-0.046
92.889,S,466645,0.843,0.328,-0.046
92.911,S,466667,0.890,0.281,0.000
92.938,S,466695,0.890,0.421,-0.046
92.960,S,466717,0.890,0.421,-0.046
92.988,S,466745,0.843,0.468,0.000
93.013,S,466767,0.890,0.468,0.046
93.041,S,466797,0.843,0.562,0.000
93.060,S,466818,0.890,0.421,0.000
93.083,S,466840,0.843,0.468,-0.046
93.103,S,466860,0.890,0.515,0.046
93.124,S,466881,0.937,0.421,0.046
93.153,S,466910,0.890,0.421,0.046
93.308,S,466932,0.843,0.328,0.000
93.309,S,466961,0.937,0.375,0.000
93.309,S,466983,0.937,0.328,0.000
93.310,S,467012,0.890,0.468,-0.046
93.310,S,467034,0.937,0.421,-0.046
93.311,S,467063,0.984,0.468,0.000
93.343,READY
93.350,M,MOVING
93.378,S,467135,0.937,0.468,0.000
93.400,S,467157,0.843,0.515,-0.046
93.430,S,467186,0.890,0.562,-0.046
93.453,S,467208,0.843,0.609,-0.046
93.481,S,467238,0.890,0.515,0.000
93.511,S,467267,0.890,0.515,0.046
93.532,S,467288,0.843,0.515,-0.046
93.560,S,467316,0.750,0.421,0.000
93.581,S,467337,0.796,0.375,0.000
93.610,S,467366,0.890,0.562,0.000
93.632,S,467388,0.843,0.609,0.046
93.662,S,467417,0.796,0.609,0.000
93.684,S,467439,0.843,0.609,0.000
93.712,S,467469,0.890,0.562,0.046
93.735,S,467490,0.843,0.468,0.046
93.763,S,467519,0.843,0.468,0.046
93.786,S,467541,0.890,0.515,-0.046
93.815,S,467570,0.843,0.468,-0.046
93.842,S,467597,0.890,0.515,0.093
93.864,S,467620,0.843,0.468,0.046
93.886,S,467642,0.843,0.468,0.046
93.915,S,467671,0.890,0.468,-0.046
93.938,S,467693,0.843,0.562,0.000
93.967,S,467723,0.890,0.515,0.093
93.995,S,467750,0.843,0.375,-0.046
94.016,S,467771,0.890,0.421,-0.046
94.037,S,467792,0.796,0.328,0.000
94.059,S,467814,0.890,0.328,0.000
94.087,S,467842,0.937,0.421,-0.046
94.109,S,467864,0.890,0.375,-0.046
94.137,S,467892,0.890,0.421,-0.046
94.159,S,467914,1.031,0.421,0.046
94.321,S,467942,0.937,0.468,0.046
94.321,S,467963,0.937,0.421,0.000
94.321,S,467985,0.937,0.421,0.046
94.322,S,468014,0.937,0.281,0.000
94.322,S,468036,0.937,0.234,0.000
94.322,S,468065,0.890,0.328,0.046
94.352,READY
94.359,M,MOVING
94.374,S,468129,0.937,0.375,0.000
94.395,S,468150,1.031,0.328,0.000
94.417,S,468172,0.937,0.328,-0.046
94.439,S,468194,0.890,0.281,0.000
94.468,S,468223,0.937,0.281,0.000
94.491,S,468245,0.984,0.375,0.000
94.519,S,468275,0.984,0.328,0.000
94.540,S,468295,0.984,0.375,0.046
94.562,S,468317,0.984,0.328,0.000
94.590,S,468346,0.984,0.328,0.000
94.612,S,468368,1.031,0.281,0.093
94.641,S,468396,0.937,0.328,0.046
94.663,S,468418,0.984,0.328,0.000
94.692,S,468447,0.937,0.281,0.093
94.713,S,468468,0.937,0.234,0.046
94.742,S,468497,0.937,0.328,0.093
94.764,S,468519,0.984,0.281,0.000
94.793,S,468548,0.890,0.328,0.046
94.816,S,468570,0.984,0.328,0.093
94.844,S,468599,0.937,0.328,0.046
94.866,S,468621,0.984,0.281,0.046
94.896,S,468650,0.984,0.234,0.000
94.918,S,468672,0.937,0.281,0.046
94.947,S,468702,0.984,0.234,0.046
94.968,S,468723,0.984,0.234,0.046
94.997,S,468752,0.984,0.281,0.093
95.019,S,468774,0.984,0.328,0.046
95.048,S,468803,0.937,0.281,0.046
95.070,S,468825,0.890,0.328,0.000
95.099,S,468854,0.937,0.328,0.046
95.121,S,468876,0.984,0.234,0.046
95.151,S,468905,0.984,0.281,0.000
95.172,S,468927,0.937,0.328,0.093
95.689,S,468956,1.031,0.140,0.140
95.690,S,468978,0.937,0.234,0.093
95.690,S,469007,0.984,0.187,0.046
95.691,S,469028,0.984,0.281,0.093
95.692,S,469056,0.984,0.234,0.093
95.693,S,469078,0.937,0.234,0.140
95.693,S,469107,1.031,0.234,0.093
95.694,S,469129,0.984,0.234,0.046
95.695,S,469158,0.984,0.187,0.046
95.696,S,469180,1.031,0.187,0.093
95.697,S,469209,0.937,0.187,0.093
95.697,S,469230,0.937,0.234,0.046
95.698,S,469259,0.984,0.234,0.140
95.699,S,469281,1.031,0.187,0.140
95.699,S,469310,0.984,0.187,0.046
95.700,S,469332,0.984,0.187,0.093
95.701,S,469360,0.984,0.234,0.093
95.702,S,469382,1.031,0.187,0.046
95.702,S,469409,1.031,0.187,0.093
95.703,S,469430,0.984,0.234,0.046
95.704,S,469452,0.937,0.187,0.046
95.734,READY
95.740,M,MOVING
95.768,S,469522,0.984,0.234,0.093
95.790,S,469544,0.984,0.234,0.093
95.819,S,469573,0.984,0.234,0.046
95.825,M,STILL
95.855,S,469609,0.937,0.234,0.093
95.877,S,469631,0.890,0.234,0.093
95.906,S,469660,0.984,0.234,0.046
95.929,S,469682,0.937,0.234,0.046
95.957,S,469711,0.937,0.281,0.093
95.979,S,469733,0.937,0.281,0.093
96.008,S,469761,0.984,0.281,0.140
96.030,S,469784,0.984,0.234,0.093
96.059,S,469813,0.890,0.281,0.093
96.081,S,469835,0.937,0.281,0.093
96.110,S,469864,0.937,0.281,0.093
96.132,S,469885,1.078,0.281,0.093
96.160,S,469914,0.984,0.234,0.140
96.183,S,469936,0.937,0.281,0.093
96.212,S,469965,0.937,0.328,0.140
96.234,S,469987,0.937,0.234,0.093
96.263,S,470016,1.031,0.234,0.140
96.284,S,470037,0.984,0.234,0.093
96.312,S,470065,0.984,0.281,0.140
96.334,S,470087,0.984,0.234,0.093
96.363,S,470116,0.984,0.281,0.046
96.384,S,470137,0.984,0.281,0.093
96.412,S,470165,0.984,0.281,0.093
96.434,S,470187,0.937,0.281,0.093
96.464,S,470217,0.937,0.281,0.046
96.484,S,470238,0.937,0.234,0.093
96.514,S,470267,0.937,0.281,0.140
96.536,S,470289,0.984,0.281,0.093
96.565,S,470318,0.984,0.234,0.046
96.594,S,470348,0.984,0.281,0.046
96.617,S,470370,0.937,0.281,0.093
96.644,S,470397,0.937,0.234,0.093
96.667,S,470419,0.937,0.234,0.093
96.695,S,470448,0.984,0.234,0.093
96.731,READY
96.738,M,STILL
96.766,S,470519,0.937,0.281,0.093
96.788,S,470541,1.031,0.281,0.093
96.817,S,470570,0.937,0.234,0.093
96.839,S,470592,1.031,0.234,0.046
96.868,S,470621,0.984,0.281,0.093
96.891,S,470643,1.031,0.234,0.140
96.919,S,470673,0.984,0.234,0.140
96.941,S,470694,0.984,0.234,0.140
96.970,S,470723,0.984,0.281,0.093
96.992,S,470745,0.984,0.281,0.046
97.020,S,470773,0.984,0.281,0.093
97.042,S,470795,0.937,0.281,0.046
97.063,S,470816,0.937,0.281,0.046
97.091,S,470844,0.984,0.281,0.046
97.113,S,470866,0.984,0.281,0.093
97.143,S,470895,0.984,0.281,0.093
97.162,S,470915,0.937,0.281,0.140
97.184,S,470937,0.984,0.187,0.093
97.213,S,470966,0.937,0.234,0.093
97.235,S,470988,0.984,0.281,0.046
97.263,S,471016,0.937,0.234,0.046
97.285,S,471038,0.984,0.234,0.187
97.313,S,471066,0.984,0.234,0.093
97.336,S,471088,0.937,0.234,0.046
97.364,S,471117,0.984,0.281,0.093
97.386,S,471139,0.937,0.234,0.093
97.413,S,471165,0.937,0.281,0.046
97.435,S,471187,1.031,0.281,0.046
97.457,S,471210,0.984,0.234,0.093
97.487,S,471239,0.984,0.281,0.046
97.507,S,471260,0.984,0.281,0.093
97.536,S,471288,0.937,0.234,0.046
97.556,S,471309,0.937,0.234,0.046
97.577,S,471330,0.937,0.281,0.093
97.605,S,471357,0.890,0.234,0.140
97.628,S,471380,0.984,0.328,0.093
97.657,S,471409,0.984,0.281,0.093
97.679,S,471431,0.937,0.328,0.093
97.708,S,471460,0.937,0.281,0.093
97.743,READY
97.749,M,STILL
97.778,S,471530,1.031,0.281,0.046
97.801,S,471552,0.984,0.187,0.046
97.830,S,471582,0.984,0.281,0.093
97.852,S,471604,0.984,0.234,0.093
97.880,S,471632,0.937,0.281,0.046
97.902,S,471654,0.890,0.234,0.046
97.931,S,471683,0.984,0.234,0.093
97.954,S,471705,0.984,0.281,0.140
97.983,S,471736,0.984,0.281,0.093
98.012,S,471764,0.984,0.234,0.093
98.034,S,471786,0.984,0.328,0.140
98.063,S,471815,0.937,0.281,0.140
98.084,S,471837,0.937,0.234,0.093
98.114,S,471866,0.937,0.328,0.140
98.136,S,471888,0.984,0.281,0.093
98.164,S,471915,0.984,0.328,0.140
98.186,S,471937,0.937,0.281,0.093
98.215,S,471966,0.937,0.328,0.046
98.237,S,471989,0.937,0.281,0.046
98.266,S,472018,0.937,0.281,0.093
98.287,S,472039,0.937,0.281,0.093
98.316,S,472068,0.937,0.281,0.140
98.339,S,472090,1.031,0.375,0.140
98.366,S,472118,0.984,0.281,0.093
98.388,S,472139,0.937,0.281,0.140
98.410,S,472161,0.984,0.328,0.093
98.438,S,472189,0.984,0.281,0.093
98.459,S,472210,0.984,0.328,0.140
98.480,S,472232,0.937,0.281,0.140
98.509,S,472260,0.984,0.281,0.093
98.530,S,472282,0.890,0.328,0.093
98.552,S,472303,0.937,0.281,0.046
98.579,S,472330,0.890,0.281,0.140
98.601,S,472352,0.937,0.281,0.140
98.623,S,472374,0.984,0.281,0.140
98.651,S,472402,0.984,0.328,0.140
98.673,S,472424,0.984,0.375,0.093
98.702,S,472453,0.984,0.375,0.000
98.724,S,472475,1.031,0.375,0.046
98.759,READY
98.765,M,STILL
98.794,S,472545,0.984,0.281,0.093
98.816,S,472567,0.937,0.281,0.046
98.845,S,472596,0.890,0.328,0.140
98.867,S,472618,0.937,0.281,0.093
98.894,S,472645,0.937,0.140,0.140
98.916,S,472667,0.937,0.187,0.093
98.938,S,472689,0.937,0.234,0.093
98.967,S,472718,0.984,0.281,0.093
98.989,S,472740,0.937,0.328,0.093
98.995,M,MOVING
99.024,S,472775,0.937,0.234,0.046
99.046,S,472797,0.984,0.187,0.093
99.073,S,472824,1.031,0.281,0.093
99.095,S,472846,1.031,0.281,0.093
99.118,S,472868,0.984,0.234,0.093
99.147,S,472897,1.031,0.234,0.140
99.169,S,472919,0.984,0.187,0.093
99.198,S,472948,0.937,0.234,0.046
99.219,S,472970,0.937,0.281,0.046
99.247,S,472998,0.984,0.281,0.093
99.269,S,473021,0.937,0.281,0.093
99.299,S,473050,0.984,0.281,0.093
99.319,S,473070,0.984,0.234,0.046
99.341,S,473092,0.890,0.187,0.046
99.370,S,473121,0.984,0.234,0.046
99.399,S,473149,0.937,0.234,0.046
99.420,S,473171,0.937,0.187,0.046
99.441,S,473192,0.937,0.281,0.140
99.470,S,473221,0.984,0.328,0.093
99.492,S,473243,0.984,0.375,0.093
99.521,S,473272,0.984,0.281,0.046
99.543,S,473294,0.937,0.234,0.093
99.572,S,473323,0.937,0.281,0.093
99.594,S,473345,0.937,0.187,0.140
99.623,S,473374,0.984,0.281,0.140
99.646,S,473396,0.937,0.234,0.093
99.675,S,473425,0.984,0.234,0.140
99.697,S,473447,0.984,0.281,0.140
99.726,S,473476,0.984,0.281,0.093
99.762,READY
99.768,M,MOVING
99.796,S,473546,1.031,0.234,0.140
99.818,S,473568,1.031,0.234,0.093
99.848,S,473597,0.937,0.328,0.140
99.870,S,473620,0.937,0.375,0.093
99.898,S,473649,0.937,0.281,0.093
99.921,S,473671,0.984,0.281,0.140
99.949,S,473699,0.937,0.281,0.140
99.972,S,473721,0.937,0.328,0.093
100.001,S,473750,0.890,0.328,0.046
100.023,S,473772,0.890,0.281,0.093
100.052,S,473802,0.937,0.281,0.093
100.074,S,473824,0.890,0.281,0.093
100.103,S,473853,0.937,0.234,0.046
100.125,S,473875,0.984,0.328,0.140
100.154,S,473904,0.937,0.281,0.140
100.175,S,473925,0.984,0.281,0.140
100.204,S,473954,0.984,0.328,0.140
100.227,S,473976,0.937,0.328,0.093
100.254,S,474004,0.937,0.328,0.093
100.277,S,474026,0.984,0.328,0.093
100.306,S,474055,0.984,0.281,0.140
100.328,S,474077,0.937,0.234,0.093
100.355,S,474105,0.984,0.234,0.140
100.378,S,474128,0.937,0.281,0.140
100.407,S,474157,0.937,0.328,0.093
100.430,S,474179,0.890,0.281,0.140
100.458,S,474208,0.890,0.281,0.093
100.480,S,474230,0.984,0.328,0.093
100.508,S,474258,0.984,0.187,0.093
100.530,S,474280,0.890,0.281,0.046
100.559,S,474309,0.984,0.281,0.140
100.582,S,474331,0.937,0.281,0.093
100.610,S,474360,0.890,0.328,0.093
100.633,S,474382,0.937,0.281,0.093
100.659,S,474409,0.937,0.328,0.046
100.682,S,474431,0.984,0.234,0.093
100.704,S,474453,0.890,0.328,0.046
100.732,S,474481,1.031,0.328,0.140
100.766,READY
100.772,M,MOVING
100.800,S,474550,0.984,0.328,0.046
100.821,S,474571,0.843,0.281,0.046
100.842,S,474592,0.937,0.375,0.093
100.871,S,474620,0.890,0.328,0.046
100.893,S,474642,0.937,0.375,0.093
100.922,S,474671,1.031,0.421,0.093
100.944,S,474693,0.984,0.375,0.093
100.970,S,474720,0.984,0.328,0.000
100.992,S,474741,0.843,0.281,0.046
101.014,S,474763,0.937,0.234,0.046
101.043,S,474792,0.890,0.281,0.000
101.064,S,474813,0.937,0.328,0.000
101.092,S,474841,0.984,0.281,-0.046
101.113,S,474862,0.890,0.281,0.000
101.136,S,474884,0.937,0.281,-0.046
101.165,S,474913,0.890,0.328,0.046
101.187,S,474936,0.937,0.187,0.000
101.214,S,474963,0.984,0.234,0.046
101.237,S,474986,0.984,0.187,0.000
101.266,S,475015,0.890,0.234,0.000
101.288,S,475037,0.984,0.281,0.093
101.315,S,475065,0.937,0.421,0.000
101.338,S,475087,0.937,0.468,0.046
101.367,S,475116,0.937,0.421,0.046
101.389,S,475138,0.937,0.468,0.046
101.418,S,475167,1.031,0.375,0.093
101.439,S,475188,0.984,0.375,0.046
101.468,S,475217,0.890,0.375,0.140
101.490,S,475239,0.984,0.375,0.046
101.519,S,475268,0.984,0.328,0.140
101.541,S,475290,0.984,0.421,0.046
101.569,S,475318,1.031,0.375,-0.046
101.591,S,475339,0.890,0.375,-0.046
101.619,S,475368,0.937,0.328,-0.093
101.641,S,475389,0.843,0.281,0.000
101.669,S,475418,0.890,0.328,0.000
101.692,S,475440,0.937,0.328,0.000
101.721,S,475469,1.031,0.328,0.046
101.743,S,475491,1.031,0.281,0.187
101.778,READY
101.784,M,MOVING
101.812,S,475561,0.984,0.187,0.046
101.834,S,475582,0.703,0.421,-0.093
101.863,S,475611,0.937,0.375,-0.046
101.885,S,475634,1.031,0.281,0.140
101.913,S,475661,1.031,0.093,0.140
101.936,S,475683,0.937,-0.046,0.093
101.957,S,475705,0.890,0.000,0.093
101.985,S,475733,0.984,0.000,0.000
102.007,S,475755,0.750,0.000,-0.140
102.036,S,475784,0.984,0.234,0.000
102.066,S,475813,1.031,0.140,-0.093
102.088,S,475836,1.031,0.093,0.000
102.114,S,475862,1.171,0.234,-0.140
102.137,S,475885,1.125,0.187,0.000
102.159,S,475907,1.031,0.046,-0.140
102.189,S,475936,0.468,0.890,-0.093
102.217,S,475966,1.265,0.609,-0.187
102.239,S,475987,0.750,0.515,-0.046
102.260,S,476008,0.796,0.562,-0.187
102.289,S,476037,0.843,0.562,-0.093
102.311,S,476059,0.750,0.609,-0.140
102.339,S,476087,1.031,0.515,-0.046
102.361,S,476109,0.609,0.234,-0.328
102.389,S,476137,0.843,0.515,-0.187
102.410,S,476158,0.937,0.703,0.281
102.432,S,476179,1.171,0.703,-0.234
102.460,S,476207,1.031,0.281,-0.703
102.481,S,476228,0.890,0.609,-0.093
102.503,S,476250,0.937,0.375,0.000
102.532,S,476279,0.890,0.234,0.375
102.554,S,476302,0.656,0.656,0.000
102.584,S,476331,0.984,0.328,-0.375
102.605,S,476353,0.890,0.562,-0.234
102.634,S,476381,0.937,0.562,-0.046
102.655,S,476403,0.937,0.562,-0.093
102.684,S,476431,0.796,0.468,-0.046
102.706,S,476454,0.843,0.421,0.000
102.735,S,476483,0.890,0.515,0.046
102.758,S,476505,1.031,0.562,0.093
102.793,READY
102.799,M,MOVING
102.826,S,476573,0.750,0.375,0.000
102.847,S,476594,0.656,0.421,-0.093
102.868,S,476616,0.843,0.515,-0.093
102.897,S,476644,0.843,0.375,-0.187
102.919,S,476667,0.796,0.187,-0.046
102.948,S,476695,0.890,0.375,-0.140
102.969,S,476717,1.031,0.375,-0.140
102.997,S,476745,0.890,0.328,0.046
103.003,M,WRITING
103.032,S,476780,0.796,0.656,0.609
103.055,S,476801,0.656,0.562,0.234
103.081,S,476829,0.093,0.421,0.468
103.101,S,476849,0.187,0.187,0.328
103.121,S,476869,0.328,0.281,0.093
103.141,S,476889,0.656,0.281,-0.234
103.161,S,476909,0.468,-0.046,0.281
103.184,S,476931,0.796,0.140,-0.093
103.205,S,476952,0.937,0.328,0.562
103.234,S,476981,0.843,0.375,0.468
103.255,S,477002,0.937,0.609,0.421
103.276,S,477023,0.937,0.468,0.140
103.305,S,477052,0.937,0.234,0.421
103.327,S,477074,0.890,0.187,0.140
103.354,S,477102,1.031,0.046,0.140
103.377,S,477124,0.843,0.421,0.234
103.407,S,477153,0.843,0.468,0.234
103.429,S,477175,0.890,0.375,0.234
103.457,S,477203,0.890,0.421,0.234
103.479,S,477225,0.890,0.328,0.187
103.508,S,477254,0.937,0.328,0.234
103.530,S,477276,0.890,0.375,0.140
103.558,S,477305,0.937,0.375,0.187
103.581,S,477327,0.937,0.328,0.234
103.610,S,477356,0.937,0.328,0.187
103.632,S,477378,0.890,0.328,0.187
103.653,S,477399,0.937,0.375,0.187
103.682,S,477428,0.890,0.375,0.140
103.705,S,477450,0.843,0.281,0.234
103.733,S,477479,0.890,0.328,0.234
103.755,S,477501,0.890,0.328,0.281
103.784,S,477530,0.937,0.375,0.187
103.819,READY
103.825,M,WRITING
103.854,S,477601,0.890,0.421,0.187
103.876,S,477622,0.937,0.421,0.187
103.905,S,477651,0.937,0.421,0.187
103.927,S,477673,0.937,0.375,0.140
103.932,M,MOVING
103.963,S,477709,0.937,0.328,0.140
103.985,S,477731,0.937,0.421,0.187
104.014,S,477760,0.890,0.375,0.140
104.036,S,477782,0.890,0.328,0.187
104.064,S,477810,0.984,0.375,0.187
104.086,S,477832,0.890,0.375,0.140
104.116,S,477861,0.890,0.375,0.187
104.145,S,477891,0.937,0.375,0.187
104.167,S,477913,0.890,0.375,0.187
104.196,S,477942,0.890,0.375,0.187
104.217,S,477963,0.890,0.375,0.140
104.246,S,477992,0.890,0.375,0.140
104.268,S,478014,0.937,0.328,0.187
104.296,S,478042,0.890,0.375,0.140
104.318,S,478064,0.937,0.328,0.140
104.346,S,478093,0.937,0.328,0.187
104.353,M,STILL
104.381,S,478128,0.890,0.421,0.187
104.404,S,478149,0.937,0.421,0.140
104.432,S,478178,0.937,0.375,0.140
104.455,S,478201,0.890,0.421,0.140
104.484,S,478230,0.937,0.375,0.140
104.507,S,478252,0.937,0.328,0.140
104.535,S,478281,0.890,0.328,0.140
104.558,S,478303,0.890,0.375,0.187
104.587,S,478332,0.890,0.375,0.140
104.608,S,478354,0.937,0.328,0.187
104.637,S,478383,0.937,0.375,0.187
104.660,S,478405,0.890,0.328,0.140
104.689,S,478434,0.937,0.328,0.140
104.710,S,478456,0.937,0.328,0.140
104.739,S,478485,0.890,0.328,0.187
104.762,S,478507,0.937,0.281,0.140
104.790,S,478535,0.843,0.328,0.140
104.825,READY
104.831,M,STILL
104.858,S,478604,0.843,0.421,0.093
104.880,S,478626,0.890,0.328,0.093
104.909,S,478655,0.984,0.281,0.140
104.932,S,478677,0.984,0.328,0.187
104.959,S,478705,0.937,0.328,0.140
104.982,S,478727,0.890,0.328,0.140
105.010,S,478756,0.890,0.328,0.140
105.033,S,478778,0.984,0.375,0.140
105.062,S,478807,0.937,0.328,0.140
105.084,S,478829,0.937,0.328,0.187
105.112,S,478857,0.937,0.328,0.140
105.134,S,478879,0.937,0.328,0.140
105.163,S,478907,0.937,0.421,0.140
105.185,S,478930,0.937,0.375,0.140
105.214,S,478959,0.937,0.421,0.234
105.235,S,478981,0.937,0.421,0.140
105.265,S,479010,0.937,0.328,0.140
105.287,S,479032,0.890,0.375,0.140
105.315,S,479061,0.890,0.375,0.140
105.338,S,479083,0.984,0.375,0.140
105.367,S,479112,0.984,0.375,0.093
105.388,S,479133,0.937,0.281,0.187
105.418,S,479162,0.890,0.375,0.187
105.440,S,479185,0.937,0.375,0.140
105.469,S,479214,0.984,0.328,0.140
105.491,S,479236,0.890,0.375,0.140
105.520,S,479265,0.937,0.328,0.140
105.542,S,479287,0.890,0.375,0.140
105.572,S,479316,0.937,0.328,0.140
105.594,S,479338,0.937,0.328,0.140
105.622,S,479367,0.937,0.375,0.140
105.649,S,479393,0.937,0.375,0.140
105.671,S,479416,0.890,0.375,0.093
105.693,S,479438,0.890,0.421,0.140
105.722,S,479467,0.890,0.375,0.140
105.744,S,479489,0.890,0.328,0.140
105.772,S,479518,0.890,0.328,0.093
105.796,S,479540,0.937,0.328,0.140
105.829,READY
105.836,M,STILL
105.864,S,479608,0.890,0.328,0.140
105.886,S,479630,0.890,0.375,0.140
105.915,S,479659,0.890,0.328,0.140
105.936,S,479680,0.937,0.421,0.140
105.958,S,479702,0.937,0.421,0.093
105.986,S,479730,0.937,0.328,0.140
106.016,S,479761,0.937,0.328,0.140
106.039,S,479783,0.984,0.375,0.093
106.068,S,479812,0.937,0.375,0.140
106.090,S,479834,0.937,0.281,0.187
106.119,S,479863,0.937,0.328,0.187
106.142,S,479886,0.890,0.281,0.093
106.170,S,479915,0.937,0.328,0.093
106.193,S,479937,0.890,0.375,0.140
106.221,S,479965,0.890,0.281,0.140
106.243,S,479987,0.937,0.375,0.140
106.272,S,480016,0.937,0.328,0.093
106.302,S,480045,0.890,0.328,0.093
106.323,S,480068,0.937,0.328,0.093
106.351,S,480096,0.984,0.328,0.140
106.373,S,480118,0.890,0.328,0.093
106.394,S,480139,0.937,0.328,0.093
106.424,S,480168,0.984,0.328,0.093
106.446,S,480190,0.937,0.375,0.140
106.475,S,480219,0.890,0.328,0.093
106.496,S,480240,0.937,0.328,0.093
106.525,S,480269,0.937,0.328,0.140
106.547,S,480291,0.937,0.328,0.093
106.576,S,480320,0.937,0.328,0.093
106.598,S,480342,0.937,0.375,0.093
106.627,S,480371,0.937,0.328,0.046
106.650,S,480393,0.937,0.328,0.140
106.679,S,480422,0.937,0.328,0.187
106.700,S,480443,0.984,0.375,0.140
106.728,S,480471,0.937,0.281,0.093
106.750,S,480493,0.890,0.375,0.093
106.779,S,480522,0.937,0.328,0.093
106.801,S,480544,0.984,0.328,0.093
106.836,READY
106.842,M,STILL
106.870,S,480614,0.984,0.375,0.140
106.892,S,480636,0.937,0.375,0.093
106.921,S,480665,0.937,0.281,0.140
106.944,S,480687,0.890,0.328,0.093
106.973,S,480716,0.890,0.375,0.140
106.995,S,480738,0.937,0.328,0.140
107.024,S,480767,0.937,0.328,0.140
107.046,S,480790,0.890,0.328,0.140
107.075,S,480819,1.031,0.375,0.093
107.098,S,480841,0.890,0.421,0.140
107.127,S,480870,0.937,0.375,0.187
107.148,S,480891,0.890,0.328,0.093
107.175,S,480919,0.937,0.328,0.140
107.198,S,480941,0.890,0.375,0.140
107.226,S,480970,0.937,0.375,0.093
107.248,S,480992,0.984,0.328,0.140
107.278,S,481021,0.937,0.281,0.093
107.300,S,481043,0.984,0.281,0.140
107.329,S,481072,0.890,0.328,0.093
107.351,S,481094,0.890,0.328,0.140
107.380,S,481123,0.984,0.328,0.140
107.410,S,481153,0.984,0.328,0.093
107.429,S,481173,0.937,0.375,0.093
107.452,S,481195,1.031,0.281,0.093
107.481,S,481224,0.937,0.328,0.093
107.503,S,481246,0.984,0.281,0.140
107.532,S,481275,0.984,0.328,0.140
107.554,S,481297,0.937,0.328,0.093
107.584,S,481326,0.937,0.375,0.093
107.613,S,481356,0.984,0.375,0.140
107.635,S,481378,0.937,0.328,0.140
107.663,S,481406,0.890,0.375,0.093
107.685,S,481428,0.937,0.375,0.140
107.714,S,481456,0.937,0.328,0.140
107.735,S,481478,0.937,0.375,0.093
107.764,S,481507,0.937,0.328,0.140
107.785,S,481528,0.937,0.328,0.093
107.814,S,481557,0.984,0.328,0.140
107.849,READY
107.854,M,STILL
107.883,S,481625,0.890,0.375,0.093
107.905,S,481647,0.984,0.375,0.046
107.934,S,481676,0.890,0.328,0.140
107.955,S,481697,0.937,0.281,0.140
107.984,S,481726,0.984,0.281,0.140
108.005,S,481748,0.984,0.421,0.140
108.035,S,481777,0.890,0.328,0.140
108.057,S,481799,0.890,0.375,0.140
108.086,S,481828,0.937,0.328,0.140
108.108,S,481850,0.937,0.375,0.140
108.135,S,481877,0.937,0.375,0.093
108.157,S,481899,0.937,0.375,0.093
108.178,S,481921,0.937,0.375,0.140
108.208,S,481950,0.984,0.328,0.093
108.230,S,481972,0.984,0.421,0.093
108.258,S,482000,0.937,0.375,0.093
108.280,S,482023,0.937,0.421,0.093
108.308,S,482051,0.890,0.281,0.140
108.329,S,482072,0.937,0.375,0.093
108.351,S,482093,0.984,0.328,0.093
108.378,S,482121,0.937,0.328,0.093
108.401,S,482143,0.937,0.375,0.187
108.430,S,482172,0.937,0.421,0.093
108.452,S,482194,0.937,0.375,0.093
108.481,S,482223,0.937,0.375,0.140
108.503,S,482245,0.890,0.375,0.093
108.532,S,482274,0.937,0.328,0.093
108.554,S,482296,0.937,0.328,0.093
108.581,S,482323,0.937,0.375,0.093
108.603,S,482345,0.937,0.281,0.093
108.633,S,482374,0.984,0.234,0.140
108.655,S,482396,0.937,0.328,0.046
108.683,S,482424,0.890,0.328,0.093
108.710,S,482452,0.937,0.375,0.093
108.732,S,482473,0.937,0.328,0.093
108.754,S,482496,0.937,0.375,0.093
108.783,S,482525,0.937,0.421,0.093
108.805,S,482547,0.984,0.375,0.093
108.834,S,482576,0.937,0.375,0.140
108.869,READY
108.875,M,STILL
108.903,S,482645,0.890,0.375,0.093
108.924,S,482666,0.937,0.328,0.093
108.953,S,482695,0.890,0.328,0.093
108.976,S,482718,0.937,0.375,0.140
109.003,S,482744,0.890,0.328,0.093
109.025,S,482767,0.937,0.328,0.046
109.048,S,482789,0.984,0.375,0.140
109.076,S,482818,0.984,0.375,0.093
109.098,S,482840,0.890,0.328,0.093
109.126,S,482868,0.890,0.328,0.093
109.148,S,482890,0.937,0.328,0.093
109.178,S,482919,0.984,0.375,0.140
109.199,S,482940,0.984,0.375,0.140
109.228,S,482969,0.890,0.328,0.140
109.249,S,482991,0.890,0.328,0.140
109.277,S,483019,0.984,0.375,0.093
109.300,S,483041,0.937,0.328,0.093
109.328,S,483069,0.984,0.375,0.140
109.349,S,483091,0.984,0.328,0.046
109.379,S,483120,0.937,0.328,0.093
109.400,S,483142,0.937,0.328,0.093
109.430,S,483171,0.984,0.328,0.093
109.452,S,483193,0.937,0.375,0.093
109.481,S,483221,0.890,0.375,0.140
109.503,S,483244,0.937,0.328,0.140
109.532,S,483273,0.937,0.328,0.093
109.562,S,483302,0.937,0.328,0.093
109.584,S,483325,0.937,0.328,0.140
109.613,S,483354,0.937,0.375,0.140
109.635,S,483376,0.890,0.328,0.093
109.664,S,483405,0.890,0.328,0.093
109.687,S,483427,0.890,0.328,0.140
109.715,S,483456,0.937,0.328,0.140
109.736,S,483477,0.890,0.375,0.140
109.764,S,483505,0.937,0.281,0.046
109.786,S,483527,0.937,0.375,0.140
109.815,S,483556,0.890,0.328,0.140
109.838,S,483578,0.937,0.328,0.093
109.873,READY
109.879,M,STILL
109.907,S,483648,0.984,0.328,0.093
109.930,S,483670,0.937,0.328,0.093
109.959,S,483699,0.937,0.328,0.046
109.981,S,483721,0.937,0.375,0.093
110.010,S,483750,0.890,0.281,0.093
110.032,S,483772,0.937,0.375,0.140
110.061,S,483801,0.890,0.421,0.046
110.082,S,483823,0.937,0.281,0.140
110.110,S,483851,0.984,0.328,0.046
110.132,S,483872,0.890,0.328,0.093
110.154,S,483894,0.890,0.375,0.093
110.183,S,483923,1.031,0.281,0.093
110.212,S,483952,0.937,0.328,0.093
110.233,S,483974,0.937,0.375,0.093
110.261,S,484002,0.937,0.328,0.046
110.284,S,484024,0.890,0.375,0.093
110.313,S,484053,0.937,0.375,0.046
110.343,S,484083,0.937,0.375,0.140
110.365,S,484105,0.937,0.281,0.093
110.393,S,484133,0.937,0.328,0.093
110.415,S,484155,0.937,0.328,0.093
110.443,S,484183,0.937,0.328,0.140
110.465,S,484205,0.937,0.375,0.140
110.494,S,484234,0.937,0.375,0.093
110.514,S,484255,0.984,0.375,0.140
110.542,S,484283,0.937,0.328,0.093
110.564,S,484304,0.937,0.328,0.140
110.586,S,484326,0.937,0.328,0.093
110.615,S,484355,0.890,0.328,0.046
110.637,S,484378,0.984,0.281,0.093
110.666,S,484405,0.890,0.328,0.093
110.685,S,484426,0.937,0.328,0.093
110.706,S,484446,0.937,0.421,0.093
110.727,S,484467,0.937,0.328,0.140
110.749,S,484489,0.890,0.328,0.093
110.778,S,484518,0.937,0.328,0.140
110.800,S,484540,0.937,0.375,0.093
110.830,S,484569,0.890,0.375,0.093
110.851,S,484591,0.984,0.328,0.093
110.887,READY
110.894,M,STILL
110.921,S,484661,0.937,0.375,0.093
110.944,S,484684,0.890,0.328,0.140
110.973,S,484713,0.937,0.328,0.093
110.996,S,484735,0.937,0.421,0.140
111.024,S,484764,0.890,0.328,0.140
111.046,S,484785,0.937,0.328,0.093
111.075,S,484814,0.937,0.375,0.093
111.103,S,484843,0.937,0.375,0.093
111.125,S,484865,0.890,0.375,0.093
111.154,S,484894,0.890,0.281,0.093
111.175,S,484915,0.937,0.375,0.093
111.204,S,484944,0.937,0.375,0.046
111.226,S,484966,0.890,0.328,0.093
111.255,S,484994,0.984,0.281,0.093
111.276,S,485016,0.937,0.375,0.046
111.306,S,485045,0.937,0.375,0.093
111.328,S,485067,0.890,0.375,0.093
111.356,S,485096,0.890,0.328,0.093
111.379,S,485119,0.937,0.328,0.140
111.409,S,485148,0.937,0.375,0.046
111.431,S,485170,0.937,0.328,0.093
111.460,S,485199,0.937,0.375,0.140
111.482,S,485221,0.890,0.328,0.093
111.510,S,485249,0.937,0.328,0.140
111.531,S,485270,0.890,0.328,0.093
111.560,S,485299,0.890,0.281,0.093
111.580,S,485319,0.937,0.328,0.140
111.609,S,485348,0.937,0.375,0.046
111.631,S,485371,0.937,0.375,0.093
111.661,S,485400,0.937,0.375,0.093
111.683,S,485422,0.937,0.328,0.093
111.712,S,485451,0.984,0.328,0.140
111.734,S,485473,0.937,0.375,0.093
111.763,S,485502,0.937,0.328,0.093
111.785,S,485524,0.984,0.281,0.093
111.814,S,485552,0.984,0.328,0.140
111.834,S,485573,0.890,0.375,0.093
111.863,S,485601,0.890,0.281,0.093
111.897,READY
111.904,M,STILL
111.933,S,485672,0.937,0.328,0.093
111.955,S,485694,0.890,0.421,0.046
111.982,S,485721,0.890,0.375,0.093
112.005,S,485743,0.984,0.328,0.140
112.027,S,485765,0.937,0.328,0.093
112.055,S,485793,0.890,0.375,0.046
112.076,S,485814,0.937,0.328,0.093
112.098,S,485836,0.937,0.375,0.046
112.127,S,485865,0.937,0.328,0.093
112.149,S,485887,0.984,0.281,0.093
112.178,S,485917,0.937,0.328,0.140
112.198,S,485937,0.890,0.328,0.093
112.220,S,485959,0.890,0.328,0.093
112.249,S,485988,0.937,0.421,0.093
112.271,S,486010,0.984,0.328,0.093
112.299,S,486038,0.937,0.328,0.140
112.322,S,486060,0.984,0.328,0.093
112.351,S,486089,0.937,0.375,0.093
112.373,S,486111,0.937,0.328,0.093
112.402,S,486140,0.984,0.328,0.093
112.423,S,486162,0.937,0.328,0.046
112.452,S,486191,0.984,0.375,0.046
112.473,S,486212,0.937,0.375,0.093
112.494,S,486232,0.937,0.328,0.140
112.523,S,486261,0.937,0.375,0.046
112.544,S,486282,0.937,0.375,0.046
112.571,S,486309,0.890,0.375,0.093
112.594,S,486332,0.890,0.375,0.093
112.616,S,486354,0.937,0.375,0.140
112.644,S,486383,0.937,0.281,0.046
112.666,S,486405,0.937,0.375,0.093
112.694,S,486432,0.937,0.375,0.046
112.716,S,486454,0.937,0.328,0.093
112.744,S,486482,0.937,0.328,0.046
112.766,S,486504,0.890,0.375,0.093
112.794,S,486532,0.937,0.375,0.046
112.816,S,486554,0.984,0.328,0.140
112.845,S,486583,0.984,0.375,0.093
112.868,S,486605,0.937,0.328,0.046
112.903,READY
112.909,M,STILL
112.937,S,486675,0.937,0.375,0.093
112.958,S,486696,0.937,0.375,0.140
112.986,S,486724,0.937,0.328,0.093
113.008,S,486746,0.890,0.375,0.046
113.035,S,486773,0.937,0.328,0.093
113.056,S,486793,0.984,0.375,0.093
113.078,S,486816,0.937,0.328,0.093
113.106,S,486843,0.937,0.328,0.093
113.128,S,486866,0.937,0.328,0.093
113.149,S,486887,0.937,0.328,0.046
113.178,S,486916,0.937,0.328,0.093
113.200,S,486938,0.937,0.328,0.093
113.227,S,486965,0.937,0.375,0.046
113.249,S,486986,0.937,0.375,0.093
113.271,S,487009,0.937,0.328,0.093
113.300,S,487038,0.937,0.468,0.093
113.321,S,487059,0.890,0.328,0.093
113.342,S,487080,0.890,0.375,0.093
113.369,S,487107,0.937,0.375,0.093
113.391,S,487129,0.937,0.328,0.093
113.413,S,487150,0.890,0.375,0.140
113.442,S,487180,0.937,0.328,0.046
113.464,S,487201,0.937,0.328,0.140
113.492,S,487230,0.984,0.375,0.140
113.515,S,487252,0.937,0.328,0.093
113.543,S,487280,0.937,0.281,0.093
113.565,S,487302,0.890,0.328,0.140
113.594,S,487331,0.890,0.328,0.046
113.614,S,487351,0.937,0.328,0.093
113.635,S,487372,0.984,0.328,0.093
113.664,S,487401,0.937,0.328,0.093
113.686,S,487423,0.890,0.328,0.093
113.713,S,487450,0.984,0.328,0.093
113.734,S,487471,0.984,0.281,0.093
113.754,S,487491,0.937,0.421,0.093
113.776,S,487513,0.984,0.328,0.093
113.804,S,487541,0.890,0.375,0.093
113.826,S,487562,0.890,0.375,0.093
113.855,S,487592,0.984,0.375,0.093
113.876,S,487613,0.890,0.281,0.093
113.909,READY
113.915,M,STILL
113.944,S,487680,0.937,0.328,0.093
113.965,S,487702,0.984,0.375,0.140
113.994,S,487731,0.937,0.281,0.093
114.015,S,487752,0.937,0.328,0.140
114.044,S,487781,0.984,0.375,0.093
114.065,S,487802,0.937,0.328,0.140
114.094,S,487831,0.937,0.421,0.093
114.114,S,487851,0.937,0.328,0.093
114.135,S,487872,0.984,0.375,0.093
114.164,S,487901,0.984,0.328,0.046
114.186,S,487923,0.937,0.375,0.046
114.212,S,487949,0.984,0.375,0.093
114.233,S,487970,0.937,0.328,0.093
114.253,S,487990,0.890,0.421,0.046
114.275,S,488012,0.937,0.375,0.093
114.305,S,488041,0.890,0.328,0.140
114.326,S,488063,0.937,0.281,0.093
114.355,S,488092,0.890,0.328,0.093
114.378,S,488114,0.937,0.328,0.046
114.406,S,488143,0.984,0.375,0.046
114.429,S,488165,0.984,0.375,0.093
114.458,S,488194,0.937,0.328,0.093
114.480,S,488216,0.937,0.328,0.093
114.509,S,488245,0.937,0.328,0.093
114.531,S,488267,0.890,0.328,0.046
114.561,S,488296,0.984,0.375,0.093
114.591,S,488327,0.890,0.328,0.140
114.613,S,488349,0.984,0.375,0.093
114.641,S,488377,0.937,0.328,0.093
114.663,S,488400,0.937,0.375,0.046
114.693,S,488429,0.937,0.328,0.046
114.723,S,488459,0.937,0.375,0.140
114.745,S,488481,0.890,0.328,0.093
114.774,S,488510,0.937,0.375,0.093
114.797,S,488533,0.937,0.328,0.046
114.826,S,488562,0.984,0.328,0.046
114.856,S,488592,0.890,0.328,0.093
114.886,S,488622,0.937,0.328,0.140
114.923,READY
114.930,M,STILL
114.959,S,488695,0.937,0.375,0.140
114.989,S,488725,0.984,0.328,0.093
115.020,S,488755,0.937,0.281,0.093
115.049,S,488785,0.937,0.375,0.046
115.079,S,488815,0.890,0.328,0.093
115.101,S,488837,0.937,0.281,0.140
115.130,S,488866,0.937,0.421,0.140
115.153,S,488888,0.984,0.281,0.093
115.182,S,488918,0.937,0.375,0.046
115.205,S,488941,0.937,0.328,0.093
115.234,S,488970,0.890,0.375,0.046
115.256,S,488992,0.890,0.375,0.046
115.286,S,489021,0.984,0.328,0.046
115.307,S,489043,0.937,0.375,0.046
115.336,S,489072,0.890,0.281,0.093
115.359,S,489094,0.890,0.375,0.046
115.388,S,489123,0.984,0.375,0.046
115.410,S,489145,0.937,0.281,0.093
115.439,S,489174,0.890,0.375,0.093
115.468,S,489204,0.890,0.421,0.093
115.491,S,489226,0.937,0.328,0.093
115.519,S,489255,0.890,0.281,0.046
115.542,S,489277,0.890,0.421,0.093
115.572,S,489307,0.937,0.328,0.046
115.593,S,489329,0.937,0.375,0.093
115.623,S,489358,0.937,0.328,0.140
115.645,S,489380,0.937,0.375,0.093
115.674,S,489409,0.937,0.281,0.093
115.696,S,489431,0.937,0.375,0.093
115.725,S,489460,0.984,0.281,0.140
115.747,S,489482,0.937,0.375,0.093
115.776,S,489511,0.984,0.328,0.046
115.798,S,489533,0.937,0.328,0.093
115.829,S,489564,0.937,0.375,0.093
115.859,S,489594,0.984,0.328,0.046
115.882,S,489616,0.937,0.375,0.093
115.911,S,489645,0.937,0.328,0.046
115.946,READY
115.953,M,STILL
115.982,S,489717,0.937,0.328,0.093
116.005,S,489739,0.890,0.328,0.093
116.033,S,489768,0.937,0.328,0.093
116.056,S,489791,0.984,0.328,0.093
116.085,S,489820,0.937,0.328,0.093
116.108,S,489842,0.890,0.281,0.093
116.137,S,489871,0.984,0.281,0.093
116.159,S,489893,0.890,0.328,0.046
116.188,S,489923,0.937,0.328,0.093
116.210,S,489945,0.937,0.328,0.093
116.241,S,489975,0.937,0.281,0.046
116.263,S,489998,0.937,0.281,0.046
116.292,S,490027,0.937,0.328,0.046
116.315,S,490049,0.937,0.375,0.046
116.344,S,490078,0.937,0.375,0.140
116.365,S,490100,0.843,0.375,0.093
116.395,S,490129,0.937,0.328,0.093
116.417,S,490151,0.937,0.328,0.093
116.446,S,490181,0.937,0.328,0.046
116.469,S,490203,0.937,0.375,0.093
116.498,S,490232,0.937,0.281,0.093
116.520,S,490254,0.937,0.375,0.093
116.550,S,490284,0.937,0.375,0.046
116.579,S,490313,0.890,0.375,0.046
116.608,S,490343,0.890,0.375,0.046
116.631,S,490365,0.890,0.328,0.093
116.660,S,490394,0.984,0.375,0.093
116.682,S,490416,0.937,0.328,0.093
116.711,S,490445,0.937,0.328,0.093
116.734,S,490467,0.937,0.375,0.093
116.764,S,490498,0.937,0.281,0.093
116.786,S,490520,0.890,0.328,0.046
116.815,S,490549,0.937,0.281,0.093
116.838,S,490571,0.937,0.375,0.093
116.867,S,490600,0.937,0.375,0.093
116.896,S,490630,0.937,0.375,0.093
116.918,S,490652,0.937,0.328,0.140
116.954,READY
116.961,M,STILL
116.985,S,490719,0.937,0.375,0.093
117.007,S,490741,0.937,0.375,0.093
117.029,S,490763,0.937,0.375,0.140
117.052,S,490785,0.937,0.328,0.046
117.080,S,490814,0.937,0.281,0.093
117.102,S,490835,0.937,0.281,0.093
117.131,S,490864,0.890,0.328,0.093
117.153,S,490887,0.984,0.421,0.093
117.182,S,490916,0.937,0.328,0.140
117.212,S,490946,0.890,0.328,0.140
117.234,S,490968,0.937,0.328,0.046
117.264,S,490997,0.937,0.421,0.046
117.294,S,491027,0.937,0.375,0.000
117.316,S,491050,0.937,0.328,0.093
117.345,S,491079,0.890,0.328,0.093
117.367,S,491101,0.937,0.375,0.093
117.396,S,491130,0.937,0.375,0.046
117.419,S,491153,0.937,0.328,0.093
117.448,S,491182,0.937,0.375,0.093
117.471,S,491204,0.937,0.281,0.093
117.500,S,491233,0.890,0.328,0.093
117.522,S,491256,0.890,0.375,0.093
117.552,S,491285,0.937,0.375,0.093
117.574,S,491307,0.890,0.281,0.093
117.603,S,491336,0.937,0.328,0.046
117.625,S,491358,0.937,0.375,0.093
117.655,S,491387,0.937,0.328,0.093
117.684,S,491417,0.937,0.328,0.140
117.706,S,491439,0.984,0.375,0.093
117.736,S,491469,0.984,0.328,0.046
117.767,S,491499,0.937,0.328,0.140
117.797,S,491530,0.937,0.328,0.046
117.827,S,491560,0.937,0.328,0.140
117.857,S,491590,0.984,0.328,0.046
117.880,S,491612,0.984,0.328,0.093
117.910,S,491643,0.890,0.281,0.140
117.932,S,491665,0.890,0.328,0.093
117.970,READY
117.977,M,STILL
118.006,S,491739,0.984,0.328,0.046
118.036,S,491769,0.984,0.375,0.093
118.067,S,491799,0.890,0.375,0.093
118.097,S,491830,0.937,0.375,0.093
118.127,S,491860,0.937,0.375,0.093
118.149,S,491882,0.937,0.328,0.046
118.180,S,491912,0.890,0.375,0.093
118.209,S,491942,0.984,0.281,0.093
118.238,S,491971,0.937,0.328,0.093
118.269,S,492001,0.937,0.281,0.046
118.299,S,492032,0.937,0.375,0.046
118.329,S,492062,0.890,0.375,0.140
118.351,S,492084,0.937,0.421,0.046
118.381,S,492113,0.937,0.375,0.093
118.412,S,492144,0.937,0.375,0.093
118.434,S,492166,0.984,0.328,0.140
118.463,S,492195,0.843,0.375,0.093
118.493,S,492226,0.890,0.328,0.046
118.524,S,492256,0.890,0.421,0.093
118.554,S,492286,0.984,0.375,0.046
118.576,S,492308,0.890,0.328,0.140
118.605,S,492337,0.937,0.375,0.093
118.635,S,492368,0.937,0.421,0.093
118.657,S,492390,0.890,0.328,0.046
118.688,S,492420,0.984,0.421,0.093
118.719,S,492450,0.937,0.328,0.093
118.748,S,492480,0.937,0.375,0.046
118.772,S,492504,0.937,0.375,0.093
118.802,S,492534,0.937,0.328,0.093
118.824,S,492556,0.937,0.375,0.046
118.853,S,492585,0.937,0.328,0.093
118.882,S,492614,0.890,0.375,0.093
118.905,S,492637,0.984,0.328,0.046
118.935,S,492667,0.937,0.375,0.093
118.971,READY
118.978,M,STILL
119.007,S,492739,0.937,0.375,0.093
119.037,S,492769,0.937,0.328,0.093
119.060,S,492791,0.937,0.375,0.140
119.090,S,492822,0.937,0.328,0.093
119.120,S,492852,0.937,0.328,0.046
119.151,S,492882,0.937,0.328,0.093
119.173,S,492904,0.984,0.281,0.093
119.203,S,492934,0.984,0.375,0.046
119.225,S,492957,0.937,0.375,0.093
119.255,S,492986,0.937,0.375,0.046
119.284,S,493016,0.937,0.328,0.093
119.316,S,493048,0.937,0.375,0.046
119.347,S,493078,0.937,0.375,0.093
119.369,S,493100,0.890,0.281,0.093
119.398,S,493129,0.937,0.281,0.093
119.429,S,493160,0.984,0.328,0.093
119.459,S,493190,0.890,0.375,0.046
119.489,S,493220,0.937,0.375,0.093
119.519,S,493250,0.890,0.375,0.093
119.549,S,493280,0.937,0.375,0.046
119.580,S,493311,0.890,0.328,0.093
119.610,S,493341,0.937,0.328,0.093
119.639,S,493371,0.890,0.375,0.093
119.670,S,493401,0.890,0.375,0.140
119.700,S,493431,0.937,0.328,0.093
119.731,S,493462,0.890,0.375,0.046
119.753,S,493484,0.937,0.328,0.093
119.782,S,493513,0.984,0.375,0.093
119.812,S,493544,0.984,0.375,0.046
119.843,S,493574,0.937,0.375,0.093
119.865,S,493596,0.937,0.375,0.093
119.895,S,493625,0.937,0.328,0.093
119.925,S,493656,0.937,0.328,0.093
119.956,S,493687,0.937,0.328,0.046
119.993,READY
119.998,M,STILL
120.028,S,493759,0.890,0.328,0.093
120.051,S,493781,0.937,0.281,0.046
120.080,S,493810,0.937,0.375,0.093
120.102,S,493833,0.937,0.328,0.093
120.131,S,493862,0.937,0.375,0.046
120.153,S,493884,0.937,0.375,0.046
120.182,S,493913,0.890,0.375,0.093
120.204,S,493935,0.937,0.328,0.046
120.233,S,493964,0.937,0.375,0.046
120.256,S,493987,0.890,0.375,0.046
120.285,S,494016,0.890,0.328,0.093
120.308,S,494038,0.937,0.375,0.093
120.338,S,494068,0.937,0.375,0.093
120.368,S,494098,0.984,0.281,0.093
120.397,S,494128,0.937,0.421,0.093
120.420,S,494150,0.937,0.328,0.093
120.449,S,494179,0.937,0.328,0.093
120.471,S,494201,0.984,0.328,0.093
120.501,S,494231,0.937,0.328,0.093
120.523,S,494253,0.984,0.328,0.046
120.552,S,494283,0.890,0.328,0.093
120.575,S,494305,0.937,0.328,0.046
120.604,S,494334,0.937,0.375,0.093
120.634,S,494364,0.984,0.328,0.093
120.656,S,494386,0.937,0.375,0.093
120.685,S,494415,0.843,0.375,0.093
120.715,S,494446,0.984,0.281,0.093
120.738,S,494468,0.937,0.375,0.093
120.767,S,494497,0.984,0.328,0.046
120.790,S,494519,0.890,0.375,0.093
120.820,S,494550,0.984,0.375,0.046
120.842,S,494572,0.937,0.375,0.093
120.872,S,494602,0.984,0.328,0.093
120.903,S,494633,0.937,0.328,0.093
120.933,S,494663,0.937,0.328,0.093
120.955,S,494685,0.937,0.421,0.093
120.984,S,494714,0.937,0.375,0.046
121.021,READY
121.028,M,STILL
121.057,S,494787,0.937,0.328,0.093
121.088,S,494817,0.984,0.328,0.093
121.118,S,494848,0.984,0.375,0.046
121.140,S,494870,0.937,0.375,0.046
121.169,S,494899,0.937,0.421,0.046
121.191,S,494921,0.937,0.375,0.046
121.220,S,494950,0.937,0.375,0.046
121.249,S,494980,0.890,0.375,0.093
121.272,S,495002,0.937,0.328,0.093
121.301,S,495031,0.937,0.281,0.093
121.330,S,495061,0.937,0.328,0.046
121.353,S,495083,0.937,0.375,0.093
121.383,S,495112,0.890,0.328,0.046
121.413,S,495143,0.937,0.375,0.093
121.444,S,495173,0.937,0.375,0.046
121.474,S,495203,0.984,0.281,0.093
121.504,S,495233,0.937,0.375,0.093
121.534,S,495263,0.937,0.328,0.046
121.556,S,495286,0.937,0.375,0.093
121.586,S,495315,0.890,0.375,0.093
121.608,S,495337,0.984,0.328,0.093
121.638,S,495367,0.937,0.328,0.046
121.660,S,495389,0.937,0.328,0.046
121.689,S,495419,0.937,0.328,0.093
121.711,S,495441,0.937,0.375,0.093
121.740,S,495470,0.937,0.375,0.046
121.771,S,495500,0.937,0.375,0.046
121.793,S,495522,0.937,0.328,0.046
121.823,S,495553,0.890,0.328,0.093
121.853,S,495583,0.937,0.328,0.140
121.883,S,495613,0.984,0.281,0.046
121.906,S,495635,0.937,0.375,0.046
121.936,S,495666,0.890,0.375,0.093
121.958,S,495688,0.937,0.375,0.046
121.988,S,495718,0.937,0.375,0.093
122.025,READY
122.032,M,STILL
122.061,S,495790,0.937,0.328,0.093
122.083,S,495812,0.937,0.328,0.046
122.113,S,495842,0.937,0.328,0.093
122.143,S,495873,0.937,0.328,0.046
122.165,S,495895,0.890,0.328,0.093
122.195,S,495925,0.937,0.328,0.093
122.218,S,495947,0.984,0.375,0.093
122.248,S,495977,0.937,0.328,0.046
122.270,S,495999,0.937,0.375,0.093
122.300,S,496029,0.937,0.328,0.093
122.321,S,496051,0.984,0.375,0.093
122.351,S,496080,0.937,0.375,0.093
122.382,S,496111,0.984,0.375,0.140
122.403,S,496133,0.890,0.375,0.093
122.432,S,496162,0.984,0.281,0.093
122.455,S,496184,0.937,0.375,0.046
122.484,S,496214,0.890,0.328,0.093
122.514,S,496244,0.890,0.328,0.093
122.545,S,496274,0.984,0.375,0.093
122.575,S,496304,0.937,0.421,0.093
122.597,S,496326,0.937,0.328,0.046
122.626,S,496355,0.937,0.328,0.093
122.657,S,496385,0.937,0.328,0.093
122.687,S,496416,0.890,0.375,0.140
122.709,S,496438,0.937,0.328,0.046
122.739,S,496467,0.937,0.328,0.093
122.761,S,496489,0.890,0.328,0.093
122.791,S,496519,0.937,0.328,0.046
122.820,S,496549,0.890,0.375,0.093
122.842,S,496571,0.937,0.328,0.046
122.871,S,496600,0.937,0.328,0.093
122.894,S,496622,0.984,0.281,0.046
122.923,S,496652,0.890,0.375,0.140
122.954,S,496682,0.890,0.375,0.046
122.984,S,496712,0.937,0.375,0.046
123.014,S,496742,0.890,0.375,0.046
123.050,READY
123.057,M,STILL
123.086,S,496814,0.937,0.375,0.046
123.109,S,496836,0.890,0.375,0.093
123.139,S,496866,0.890,0.328,0.093
123.161,S,496889,0.937,0.375,0.046
123.191,S,496919,0.984,0.375,0.093
123.213,S,496941,0.937,0.328,0.093
123.243,S,496971,0.937,0.421,0.093
123.274,S,497001,0.984,0.375,0.093
123.304,S,497031,0.937,0.328,0.093
123.334,S,497062,0.890,0.375,0.093
123.357,S,497084,0.937,0.328,0.093
123.386,S,497113,0.984,0.281,0.093
123.415,S,497143,0.890,0.375,0.093
123.438,S,497165,0.937,0.375,0.046
123.467,S,497194,0.937,0.328,0.093
123.489,S,497216,0.937,0.421,0.046
123.518,S,497246,0.890,0.328,0.093
123.541,S,497268,0.937,0.328,0.046
123.570,S,497297,0.890,0.375,0.046
123.592,S,497319,0.890,0.375,0.093
123.623,S,497350,0.984,0.421,0.046
123.645,S,497372,0.843,0.375,0.140
123.675,S,497402,0.984,0.375,0.140
123.697,S,497424,0.890,0.281,0.046
123.728,S,497456,0.890,0.375,0.093
123.751,S,497478,0.937,0.281,0.046
123.781,S,497508,0.890,0.375,0.093
123.811,S,497538,0.890,0.328,0.046
123.841,S,497568,0.937,0.375,0.046
123.871,S,497598,0.984,0.375,0.093
123.901,S,497628,0.937,0.328,0.093
123.931,S,497659,0.890,0.375,0.046
123.954,S,497681,0.890,0.375,0.093
123.984,S,497711,0.890,0.375,0.093
124.015,S,497741,0.890,0.375,0.046
124.043,S,497770,0.937,0.328,0.093
124.079,READY
124.086,M,STILL
124.115,S,497842,0.937,0.328,0.093
124.137,S,497864,0.937,0.375,0.093
124.165,S,497893,0.937,0.328,0.093
124.188,S,497915,0.890,0.375,0.093
124.217,S,497944,0.937,0.328,0.093
124.247,S,497974,0.984,0.328,0.093
124.269,S,497996,0.890,0.375,0.093
124.300,S,498026,0.984,0.421,0.046
124.329,S,498056,0.937,0.328,0.046
124.359,S,498086,0.937,0.328,0.046
124.389,S,498116,0.937,0.281,0.046
124.420,S,498146,0.937,0.328,0.046
124.442,S,498168,0.984,0.328,0.046
124.472,S,498198,0.937,0.375,0.093
124.503,S,498229,0.937,0.375,0.093
124.525,S,498251,0.937,0.328,0.093
124.555,S,498282,0.937,0.375,0.093
124.585,S,498312,0.937,0.375,0.093
124.607,S,498334,0.937,0.375,0.046
124.636,S,498363,0.937,0.328,0.046
124.659,S,498385,0.937,0.328,0.046
124.688,S,498414,0.984,0.375,0.046
124.710,S,498436,0.937,0.375,0.046
124.739,S,498466,0.937,0.375,0.093
124.762,S,498488,0.937,0.421,0.093
124.791,S,498517,0.890,0.328,0.046
124.821,S,498547,0.937,0.375,0.093
124.851,S,498577,0.937,0.375,0.046
124.881,S,498607,0.937,0.328,0.093
124.911,S,498637,0.937,0.375,0.093
124.941,S,498668,0.890,0.375,0.093
124.971,S,498697,0.937,0.328,0.093
125.000,S,498727,0.937,0.281,0.140
125.023,S,498749,0.937,0.375,0.093
125.053,S,498779,0.984,0.375,0.093
125.090,READY
125.097,M,STILL
125.126,S,498852,0.937,0.328,0.093
125.148,S,498874,0.937,0.375,0.046
125.177,S,498903,0.937,0.375,0.046
125.200,S,498925,0.937,0.375,0.046
125.228,S,498954,0.890,0.281,0.093
125.258,S,498984,0.937,0.375,0.046
125.280,S,499006,0.937,0.328,0.046
125.310,S,499036,0.890,0.328,0.093
125.332,S,499058,0.937,0.421,0.093
125.362,S,499088,0.937,0.375,0.093
125.384,S,499110,0.937,0.375,0.093
125.414,S,499139,0.937,0.328,0.140
125.436,S,499161,0.937,0.375,0.093
125.465,S,499191,0.937,0.328,0.046
125.495,S,499221,0.937,0.375,0.046
125.517,S,499243,0.890,0.328,0.046
125.547,S,499272,0.890,0.375,0.046
125.577,S,499302,0.890,0.375,0.093
125.607,S,499333,0.890,0.328,0.093
125.636,S,499362,0.984,0.281,0.046
125.658,S,499384,0.937,0.328,0.046
125.688,S,499413,0.937,0.375,0.093
125.710,S,499435,0.890,0.375,0.046
125.739,S,499464,0.890,0.328,0.046
125.761,S,499486,0.937,0.375,0.093
125.791,S,499517,0.984,0.375,0.046
125.821,S,499547,0.890,0.375,0.046
125.844,S,499569,0.937,0.375,0.093
125.873,S,499598,0.890,0.328,0.093
125.895,S,499621,0.984,0.328,0.093
125.924,S,499650,0.937,0.375,0.046
125.947,S,499672,0.937,0.375,0.093
125.976,S,499701,0.937,0.375,0.046
125.999,S,499724,0.937,0.328,0.093
126.028,S,499753,0.937,0.375,0.046
126.057,S,499783,0.984,0.328,0.046
126.094,READY
126.100,M,STILL
126.129,S,499855,0.937,0.328,0.046
126.152,S,499877,0.937,0.328,0.093
126.181,S,499906,0.890,0.328,0.046
126.204,S,499928,0.937,0.375,0.046
126.233,S,499958,0.890,0.328,0.046
126.548,S,499980,0.937,0.375,0.093
126.549,S,500009,0.890,0.375,0.046
126.549,S,500031,0.937,0.328,0.046
126.550,S,500061,0.890,0.328,0.046
126.551,S,500083,0.890,0.328,0.093
126.551,S,500113,0.937,0.375,0.093
126.552,S,500143,0.890,0.375,0.093
126.553,S,500174,0.890,0.375,0.140
126.554,S,500204,0.937,0.375,0.046
126.555,S,500226,0.984,0.328,0.093
126.556,S,500255,0.984,0.375,0.093
126.560,S,500285,0.890,0.375,0.093
126.582,S,500307,0.984,0.375,0.093
126.612,S,500336,0.984,0.375,0.093
126.641,S,500366,0.937,0.375,0.046
126.671,S,500397,0.890,0.375,0.093
126.694,S,500419,0.937,0.375,0.046
126.723,S,500448,0.937,0.328,0.046
126.746,S,500470,0.937,0.375,0.046
126.774,S,500498,0.937,0.328,0.093
126.796,S,500520,0.984,0.421,0.046
126.825,S,500550,0.937,0.375,0.093
126.854,S,500579,0.890,0.375,0.046
126.877,S,500601,0.937,0.421,0.093
126.907,S,500631,1.031,0.328,0.093
126.929,S,500653,0.890,0.328,0.046
126.958,S,500683,0.984,0.375,0.046
126.981,S,500705,0.937,0.375,0.093
127.010,S,500734,0.937,0.375,0.093
127.032,S,500756,0.937,0.375,0.046
127.063,S,500787,0.937,0.328,0.046
127.100,READY
127.107,M,STILL
127.136,S,500860,0.937,0.375,0.093
127.167,S,500891,0.937,0.375,0.093
127.189,S,500913,0.890,0.328,0.093
127.218,S,500942,0.937,0.421,0.093
127.241,S,500964,0.890,0.375,0.046
127.270,S,500994,0.890,0.375,0.140
127.300,S,501024,0.937,0.328,0.093
127.322,S,501046,0.890,0.375,0.046
127.351,S,501075,1.031,0.375,0.046
127.381,S,501105,0.937,0.375,0.046
127.412,S,501136,0.937,0.328,0.093
127.434,S,501158,0.937,0.328,0.093
127.463,S,501187,0.937,0.328,0.140
127.485,S,501209,0.937,0.421,0.093
127.515,S,501238,0.937,0.328,0.093
127.545,S,501268,0.937,0.328,0.046
127.575,S,501299,0.937,0.375,0.046
127.597,S,501321,0.937,0.375,0.046
127.626,S,501350,0.890,0.328,0.093
127.657,S,501380,0.937,0.328,0.093
127.679,S,501402,0.937,0.375,0.046
127.709,S,501431,0.984,0.328,0.046
127.737,S,501461,0.937,0.375,0.046
127.760,S,501483,0.937,0.375,0.093
127.790,S,501513,0.890,0.328,0.093
127.811,S,501535,0.937,0.328,0.046
127.842,S,501565,0.937,0.375,0.093
127.864,S,501587,0.890,0.375,0.046
127.894,S,501617,0.937,0.328,0.046
127.924,S,501647,0.937,0.328,0.046
127.945,S,501669,0.843,0.328,0.093
127.975,S,501698,0.890,0.328,0.140
127.997,S,501720,0.937,0.375,0.046
128.026,S,501749,0.937,0.328,0.046
128.056,S,501780,0.890,0.375,0.046
128.218,S,501802,1.031,0.328,0.046
128.218,S,501832,0.984,0.328,0.093
128.218,S,501854,0.937,0.375,0.046
128.219,S,501884,0.937,0.375,0.046
128.219,S,501913,0.843,0.328,0.046
128.220,S,501935,0.937,0.328,0.140
128.254,READY
128.262,M,STILL
128.277,S,501999,0.937,0.328,0.093
128.299,S,502022,0.937,0.421,0.093
128.321,S,502044,0.890,0.281,0.093
128.351,S,502073,0.890,0.375,0.046
128.380,S,502104,0.937,0.328,0.093
128.411,S,502134,0.937,0.375,0.093
128.441,S,502164,0.890,0.375,0.093
128.464,S,502186,0.984,0.281,0.093
128.492,S,502215,0.937,0.375,0.046
128.523,S,502246,0.937,0.375,0.046
128.545,S,502268,0.890,0.375,0.093
128.574,S,502297,0.937,0.375,0.093
128.597,S,502319,0.984,0.375,0.046
128.627,S,502350,0.937,0.375,0.046
128.657,S,502380,0.937,0.375,0.093
128.687,S,502410,0.890,0.421,0.093
128.718,S,502440,0.937,0.375,0.093
128.748,S,502470,0.937,0.328,0.046
128.778,S,502501,0.937,0.328,0.046
128.808,S,502531,0.937,0.421,0.046
128.838,S,502560,0.984,0.375,0.093
128.868,S,502590,0.984,0.328,0.046
128.898,S,502620,0.984,0.375,0.093
128.929,S,502651,0.984,0.375,0.046
128.951,S,502673,0.937,0.375,0.046
128.981,S,502703,0.890,0.328,0.046
129.003,S,502725,0.890,0.328,0.093
129.032,S,502754,0.937,0.328,0.093
129.054,S,502776,0.984,0.281,0.046
129.083,S,502805,0.984,0.375,0.093
129.237,S,502836,0.937,0.375,0.093
129.237,S,502858,0.890,0.421,0.046
129.238,S,502887,0.937,0.375,0.046
129.238,S,502909,0.937,0.375,0.046
129.238,S,502938,0.890,0.375,0.093
129.246,S,502968,0.937,0.328,0.093
129.282,READY
129.289,M,STILL
129.318,S,503041,0.937,0.375,0.093
129.348,S,503070,0.890,0.375,0.046
129.378,S,503100,0.890,0.375,0.140
129.400,S,503123,0.937,0.421,0.046
129.431,S,503153,0.890,0.375,0.093
129.461,S,503183,0.937,0.375,0.093
129.484,S,503205,0.984,0.328,0.046
129.514,S,503236,0.937,0.375,0.140
129.544,S,503266,0.890,0.375,0.046
129.575,S,503296,0.984,0.375,0.046
129.605,S,503326,0.937,0.375,0.046
129.635,S,503357,0.937,0.421,0.046
129.665,S,503387,0.937,0.328,0.046
129.688,S,503409,0.890,0.375,0.046
129.718,S,503439,0.937,0.375,0.046
129.740,S,503462,0.937,0.375,0.046
129.769,S,503491,0.984,0.468,0.093
129.800,S,503521,0.937,0.328,0.046
129.822,S,503543,0.890,0.328,0.046
129.852,S,503573,0.937,0.375,0.046
129.874,S,503595,0.937,0.421,0.046
129.905,S,503626,0.937,0.421,0.093
129.935,S,503656,0.890,0.375,0.093
129.957,S,503678,0.937,0.375,0.046
129.988,S,503708,0.984,0.375,0.093
130.017,S,503739,0.937,0.328,0.046
130.039,S,503761,0.890,0.328,0.093
130.069,S,503790,0.890,0.375,0.093
130.091,S,503812,0.890,0.281,0.046
130.254,S,503841,0.890,0.375,0.046
130.255,S,503871,0.937,0.328,0.093
130.256,S,503901,0.937,0.281,0.046
130.256,S,503923,0.890,0.375,0.046
130.257,S,503952,0.937,0.375,0.000
130.261,S,503982,0.984,0.375,0.093
130.298,READY
130.305,M,STILL
130.334,S,504055,0.937,0.375,0.046
130.356,S,504077,0.937,0.375,0.093
130.385,S,504106,0.937,0.328,0.046
130.408,S,504128,0.937,0.375,0.046
130.438,S,504159,0.937,0.375,0.093
130.468,S,504189,0.890,0.328,0.046
130.490,S,504211,0.937,0.328,0.046
130.519,S,504240,0.937,0.375,0.000
130.542,S,504262,0.937,0.328,0.000
130.572,S,504293,0.937,0.375,0.093
130.602,S,504323,0.843,0.328,0.093
130.633,S,504353,0.890,0.421,0.093
130.663,S,504383,0.937,0.375,0.046
130.694,S,504414,0.937,0.328,0.140
130.716,S,504436,0.937,0.375,0.046
130.745,S,504466,0.890,0.328,0.093
130.775,S,504496,0.937,0.281,0.093
130.806,S,504526,0.890,0.375,0.093
130.835,S,504556,0.937,0.421,0.093
130.858,S,504578,0.890,0.375,0.093
130.887,S,504607,0.937,0.328,0.093
130.909,S,504630,0.937,0.281,0.046
130.939,S,504660,0.937,0.281,0.000
130.962,S,504682,0.890,0.375,0.140
130.991,S,504711,0.890,0.421,0.046
131.013,S,504733,0.937,0.375,0.046
131.042,S,504763,0.937,0.328,0.046
131.073,S,504793,0.937,0.375,0.093
131.103,S,504823,0.890,0.375,0.093
131.616,S,504853,0.937,0.375,0.093
131.617,S,504875,0.890,0.375,0.046
131.617,S,504906,0.937,0.421,0.093
131.618,S,504928,0.890,0.328,0.000
131.619,S,504957,0.937,0.375,0.093
131.619,S,504979,0.984,0.421,0.093
131.620,S,505009,0.984,0.375,0.046
131.621,S,505038,0.937,0.281,0.093
131.621,S,505068,0.937,0.328,0.093
131.622,S,505098,0.937,0.375,0.000
131.623,S,505128,0.937,0.328,0.046
131.623,S,505150,0.890,0.375,0.093
131.624,S,505180,0.890,0.421,0.093
131.625,S,505202,0.937,0.375,0.046
131.626,S,505232,0.937,0.375,0.046
131.626,S,505262,0.890,0.421,0.046
131.627,S,505292,0.937,0.375,0.000
131.628,S,505323,0.937,0.328,0.093
131.629,S,505345,0.937,0.421,0.046
131.662,READY
131.669,M,STILL
131.698,S,505418,0.937,0.375,0.093
131.720,S,505440,0.890,0.375,0.093
131.749,S,505469,0.984,0.281,0.046
131.772,S,505491,0.890,0.328,0.093
131.801,S,505520,0.937,0.375,0.046
131.824,S,505543,0.890,0.375,0.000
131.853,S,505573,0.890,0.375,0.093
131.883,S,505603,0.890,0.421,0.093
131.913,S,505633,0.937,0.328,0.000
131.944,S,505663,0.890,0.375,0.000
131.966,S,505685,0.937,0.375,0.046
131.996,S,505715,0.890,0.328,0.046
132.018,S,505738,0.984,0.375,0.046
132.047,S,505766,0.890,0.375,0.046
132.070,S,505789,0.937,0.375,0.046
132.100,S,505819,0.937,0.328,0.046
132.130,S,505849,0.890,0.375,0.046
132.160,S,505879,0.937,0.328,0.093
132.190,S,505909,0.984,0.421,0.140
132.221,S,505940,0.890,0.328,0.046
132.251,S,505970,0.937,0.328,0.046
132.272,S,505992,0.890,0.375,0.093
132.303,S,506022,0.984,0.328,0.046
132.325,S,506044,0.937,0.375,0.000
132.355,S,506075,0.890,0.421,0.046
132.386,S,506105,0.984,0.375,0.046
132.409,S,506127,0.984,0.328,0.046
132.438,S,506157,0.937,0.375,0.046
132.467,S,506186,0.937,0.328,0.000
132.489,S,506208,0.890,0.375,0.046
132.519,S,506238,0.890,0.375,0.046
132.549,S,506268,0.937,0.375,0.093
132.571,S,506290,0.937,0.328,0.046
132.600,S,506319,0.984,0.375,0.046
132.623,S,506342,0.937,0.375,0.046
132.659,READY
132.666,M,STILL
132.695,S,506413,0.890,0.375,0.093
132.717,S,506435,0.890,0.375,0.093
132.745,S,506464,0.937,0.375,0.046
132.768,S,506487,0.937,0.328,0.093
132.797,S,506516,0.937,0.421,0.046
132.819,S,506538,0.890,0.375,0.046
132.848,S,506567,0.984,0.375,0.046
132.872,S,506591,0.890,0.375,0.046
132.902,S,506620,0.937,0.375,0.093
132.932,S,506650,0.984,0.468,0.046
132.954,S,506672,0.937,0.328,0.046
132.985,S,506703,0.984,0.375,0.093
133.015,S,506733,0.937,0.375,0.046
133.037,S,506755,0.937,0.421,0.093
133.066,S,506784,0.937,0.375,0.093
133.096,S,506814,0.937,0.375,0.000
133.117,S,506836,0.984,0.375,0.046
133.146,S,506865,0.937,0.328,0.046
133.169,S,506887,0.890,0.375,0.093
133.198,S,506916,0.937,0.328,0.046
133.219,S,506938,0.937,0.421,0.093
133.249,S,506967,0.937,0.375,0.093
133.270,S,506989,0.937,0.375,0.046
133.300,S,507018,0.890,0.328,0.140
133.322,S,507040,0.937,0.375,0.093
133.351,S,507070,0.937,0.375,0.046
133.373,S,507092,0.937,0.328,0.093
133.403,S,507121,0.937,0.421,0.046
133.425,S,507143,0.937,0.328,0.093
133.454,S,507172,0.937,0.328,0.093
133.476,S,507194,0.890,0.328,0.046
133.505,S,507223,0.937,0.375,0.046
133.536,S,507253,0.937,0.375,0.046
133.558,S,507276,0.937,0.375,0.046
133.587,S,507305,0.984,0.328,0.046
133.609,S,507327,0.890,0.375,0.046
133.638,S,507356,0.937,0.328,0.000
133.674,READY
133.680,M,STILL
133.709,S,507427,0.890,0.421,0.046
133.731,S,507449,0.937,0.375,0.093
133.761,S,507478,0.890,0.375,0.000
133.783,S,507500,0.984,0.328,0.000
133.812,S,507530,0.984,0.375,0.093
133.840,S,507559,0.937,0.421,0.093
133.871,S,507589,0.890,0.375,0.046
133.894,S,507611,0.937,0.375,0.140
133.924,S,507641,0.937,0.328,0.140
133.946,S,507663,0.937,0.328,0.093
133.976,S,507693,0.937,0.421,0.093
133.998,S,507716,0.937,0.328,0.093
134.027,S,507745,0.937,0.328,0.046
134.050,S,507767,0.937,0.328,0.046
134.079,S,507796,0.890,0.328,0.046
134.109,S,507826,0.890,0.375,0.046
134.139,S,507856,0.890,0.375,0.046
134.161,S,507879,0.937,0.375,0.046
134.190,S,507907,0.937,0.375,0.046
134.212,S,507929,0.937,0.375,0.093
134.241,S,507959,0.890,0.375,0.046
134.263,S,507981,0.984,0.328,0.093
134.293,S,508010,0.984,0.375,0.046
134.315,S,508032,0.937,0.375,0.093
134.345,S,508062,0.937,0.328,0.000
134.374,S,508092,0.890,0.328,0.046
134.397,S,508114,0.937,0.328,0.046
134.427,S,508143,0.937,0.421,0.046
134.456,S,508173,0.890,0.375,0.046
134.478,S,508195,0.890,0.375,0.046
134.507,S,508224,0.890,0.375,0.093
134.529,S,508246,0.937,0.375,0.093
134.558,S,508275,0.890,0.421,0.093
134.579,S,508296,0.984,0.328,0.046
134.608,S,508325,0.890,0.328,0.093
134.638,S,508355,0.890,0.328,0.093
134.660,S,508377,0.890,0.328,0.093
134.698,READY
134.705,M,STILL
134.734,S,508451,0.937,0.375,0.093
134.756,S,508473,0.937,0.375,0.093
134.785,S,508502,0.937,0.328,0.046
134.807,S,508524,0.937,0.375,0.093
134.836,S,508553,0.937,0.375,0.093
134.858,S,508575,0.984,0.328,0.046
134.887,S,508604,0.937,0.281,0.046
134.910,S,508626,0.937,0.328,0.000
134.939,S,508655,0.937,0.328,0.093
134.969,S,508685,0.890,0.328,0.093
134.991,S,508708,0.937,0.328,0.093
135.020,S,508737,0.843,0.375,0.046
135.050,S,508767,0.937,0.328,0.093
135.072,S,508789,0.937,0.328,0.046
135.102,S,508818,0.890,0.328,0.046
135.124,S,508841,0.984,0.375,0.000
135.153,S,508870,0.890,0.421,0.046
135.176,S,508892,0.890,0.328,0.046
135.204,S,508921,1.031,0.328,0.046
135.227,S,508943,0.937,0.328,0.046
135.256,S,508973,1.031,0.375,0.046
135.285,S,509002,0.890,0.375,0.046
135.307,S,509024,0.937,0.375,0.046
135.336,S,509053,0.937,0.328,0.046
135.359,S,509075,0.984,0.375,0.093
135.387,S,509104,0.937,0.328,0.046
135.419,S,509135,0.890,0.328,0.093
135.441,S,509157,0.937,0.375,0.093
135.470,S,509186,0.937,0.375,0.046
135.500,S,509216,0.984,0.328,0.046
135.522,S,509238,0.890,0.375,0.046
135.552,S,509268,0.890,0.375,0.093
135.574,S,509290,0.984,0.421,0.093
135.603,S,509319,0.984,0.375,0.046
135.625,S,509341,0.937,0.375,0.046
135.655,S,509371,0.937,0.421,0.000
135.683,S,509400,0.984,0.375,0.046
135.719,READY
135.726,M,STILL
135.754,S,509470,0.890,0.375,0.046
135.777,S,509492,0.937,0.375,0.046
135.805,S,509521,0.890,0.421,0.046
135.835,S,509550,0.937,0.375,0.093
135.857,S,509573,0.890,0.375,0.093
135.886,S,509602,0.937,0.375,0.093
135.916,S,509632,0.890,0.375,0.046
135.939,S,509654,0.937,0.328,0.046
135.968,S,509683,0.890,0.375,0.093
135.998,S,509714,0.937,0.328,0.093
136.028,S,509744,0.937,0.421,0.046
136.051,S,509766,0.937,0.421,0.046
136.080,S,509795,0.937,0.375,0.093
136.108,S,509824,0.843,0.328,0.093
136.131,S,509847,0.937,0.375,0.046
136.161,S,509876,0.937,0.328,0.000
136.183,S,509898,0.937,0.375,0.046
136.211,S,509927,0.890,0.375,0.046
136.233,S,509949,0.937,0.328,0.093
136.263,S,509978,0.937,0.375,0.046
136.284,S,510000,0.937,0.328,0.046
136.313,S,510029,0.937,0.375,0.046
136.335,S,510051,0.890,0.375,0.046
136.364,S,510080,0.937,0.328,0.000
136.387,S,510102,0.937,0.375,0.046
136.416,S,510131,0.890,0.375,0.093
136.438,S,510154,0.937,0.375,0.046
136.467,S,510183,0.890,0.375,0.046
136.490,S,510205,0.890,0.421,0.046
136.519,S,510234,0.890,0.421,0.046
136.541,S,510256,0.937,0.328,0.093
136.571,S,510287,0.937,0.375,0.046
136.594,S,510309,0.984,0.328,0.000
136.623,S,510338,0.937,0.328,0.093
136.645,S,510360,0.937,0.328,0.093
136.676,S,510390,0.937,0.328,0.046
136.705,S,510420,0.890,0.375,0.093
136.741,READY
136.748,M,STILL
136.777,S,510492,0.937,0.421,0.046
136.800,S,510515,0.937,0.421,0.046
136.829,S,510544,0.937,0.328,0.093
136.851,S,510566,0.937,0.328,0.046
136.881,S,510595,0.937,0.328,0.000
136.903,S,510617,0.984,0.328,0.000
136.934,S,510646,0.937,0.328,0.093
136.965,S,510680,0.937,0.421,0.046
136.996,S,510710,0.937,0.375,0.046
137.025,S,510739,0.890,0.328,0.093
137.047,S,510762,0.937,0.328,0.046
137.076,S,510791,0.937,0.375,0.046
137.107,S,510821,0.984,0.328,0.093
137.129,S,510843,0.937,0.375,0.046
137.159,S,510874,0.937,0.375,0.046
137.190,S,510904,0.937,0.328,0.093
137.219,S,510934,0.984,0.328,0.093
137.242,S,510956,0.937,0.375,0.046
137.272,S,510986,0.937,0.328,0.093
137.302,S,511017,0.937,0.328,0.093
137.332,S,511047,0.937,0.328,0.046
137.362,S,511077,0.890,0.328,0.093
137.393,S,511107,0.937,0.421,0.046
137.423,S,511137,0.937,0.328,0.093
137.453,S,511167,0.937,0.375,0.046
137.483,S,511197,0.984,0.328,0.093
137.505,S,511219,0.937,0.375,0.000
137.535,S,511249,0.984,0.375,0.046
137.558,S,511272,0.984,0.328,0.046
137.587,S,511301,0.937,0.375,0.140
137.617,S,511331,0.890,0.421,0.046
137.640,S,511353,0.937,0.328,0.093
137.670,S,511383,0.937,0.421,0.093
137.692,S,511406,0.984,0.375,0.093
137.721,S,511435,0.937,0.328,0.093
137.758,READY
137.765,M,STILL
137.794,S,511508,0.937,0.375,0.046
137.816,S,511530,0.890,0.328,0.093
137.846,S,511559,0.937,0.375,0.046
137.876,S,511589,0.890,0.375,0.093
137.906,S,511619,0.984,0.281,0.046
137.928,S,511642,0.937,0.375,0.093
137.958,S,511671,0.937,0.281,0.046
137.988,S,511701,0.937,0.375,0.093
138.018,S,511731,0.937,0.375,0.046
138.048,S,511761,0.937,0.328,0.046
138.078,S,511791,0.890,0.328,0.093
138.108,S,511822,0.937,0.375,0.093
138.139,S,511852,0.984,0.375,0.046
138.169,S,511882,0.937,0.421,0.046
138.191,S,511904,0.937,0.375,0.046
138.220,S,511933,0.890,0.328,0.046
138.242,S,511956,0.984,0.328,0.046
138.272,S,511985,0.937,0.328,0.093
138.293,S,512007,0.937,0.328,0.093
138.324,S,512037,0.937,0.375,0.000
138.346,S,512059,0.937,0.375,0.093
138.376,S,512089,0.937,0.375,0.046
138.399,S,512112,0.937,0.375,0.093
138.429,S,512142,0.890,0.328,0.093
138.459,S,512172,0.937,0.375,0.046
138.481,S,512194,0.937,0.375,0.093
138.511,S,512224,0.984,0.421,0.093
138.541,S,512254,0.890,0.375,0.046
138.571,S,512285,0.937,0.375,0.000
138.602,S,512315,0.937,0.281,0.093
138.624,S,512337,0.890,0.328,0.046
138.653,S,512366,0.937,0.328,0.046
138.675,S,512388,0.937,0.421,0.093
138.705,S,512417,0.937,0.421,0.093
138.734,S,512447,0.984,0.328,0.093
138.770,READY
138.777,M,STILL
138.806,S,512519,0.937,0.421,0.046
138.829,S,512542,0.890,0.375,0.046
138.858,S,512571,0.937,0.375,0.046
138.881,S,512593,0.937,0.328,0.046
138.911,S,512623,0.937,0.375,0.046
138.940,S,512653,0.937,0.375,0.093
138.970,S,512683,0.937,0.375,0.046
138.993,S,512705,0.937,0.375,0.046
139.022,S,512735,0.937,0.375,0.046
139.052,S,512765,0.890,0.375,0.046
139.082,S,512795,0.890,0.375,0.046
139.113,S,512825,0.937,0.375,0.046
139.143,S,512855,0.937,0.328,0.093
139.173,S,512885,0.890,0.375,0.046
139.202,S,512914,0.890,0.375,0.046
139.232,S,512945,0.937,0.375,0.046
139.254,S,512967,0.890,0.421,0.093
139.285,S,512997,0.937,0.375,0.093
139.306,S,513019,0.937,0.328,0.046
139.336,S,513048,0.937,0.328,0.046
139.358,S,513070,0.937,0.375,0.093
139.387,S,513099,0.890,0.375,0.046
139.416,S,513129,0.984,0.375,0.046
139.439,S,513151,0.937,0.328,0.046
139.468,S,513180,0.984,0.375,0.046
139.491,S,513203,0.937,0.375,0.000
139.521,S,513233,0.890,0.375,0.093
139.551,S,513263,0.937,0.375,0.093
139.581,S,513293,0.937,0.328,0.046
139.612,S,513325,0.890,0.328,0.046
139.634,S,513347,0.890,0.328,0.093
139.664,S,513375,0.890,0.328,0.046
139.686,S,513398,0.890,0.328,0.093
139.715,S,513427,0.890,0.328,0.093
139.737,S,513449,0.937,0.328,0.093
139.775,READY
139.782,M,STILL
139.811,S,513523,0.937,0.375,0.093
139.834,S,513545,0.937,0.375,0.046
139.863,S,513575,0.937,0.375,0.046
139.886,S,513597,0.937,0.375,0.093
139.915,S,513627,0.937,0.375,0.046
139.938,S,513650,0.890,0.421,0.046
139.967,S,513679,0.937,0.375,0.093
139.990,S,513701,0.937,0.375,0.093
140.019,S,513730,0.984,0.421,0.093
140.049,S,513761,0.937,0.328,0.093
140.080,S,513791,0.937,0.375,0.046
140.109,S,513821,0.890,0.375,0.093
140.131,S,513843,0.890,0.328,0.093
140.161,S,513872,0.937,0.421,0.046
140.183,S,513894,0.984,0.375,0.046
140.212,S,513924,0.937,0.375,0.000
140.235,S,513946,0.937,0.328,0.046
140.264,S,513975,0.890,0.328,0.046
140.294,S,514006,0.984,0.375,0.000
140.323,S,514035,0.890,0.375,0.093
140.345,S,514057,0.937,0.421,0.046
140.375,S,514086,0.937,0.375,0.046
140.397,S,514108,0.890,0.421,0.093
140.426,S,514138,0.937,0.328,0.046
140.449,S,514160,0.984,0.328,0.046
140.478,S,514189,0.937,0.375,0.093
140.508,S,514220,0.984,0.375,0.046
140.531,S,514242,0.937,0.375,0.093
140.560,S,514271,0.890,0.328,0.046
140.582,S,514293,0.890,0.328,0.093
140.611,S,514323,0.890,0.328,0.000
140.640,S,514352,0.937,0.375,0.093
140.663,S,514374,0.937,0.375,0.093
140.692,S,514403,0.937,0.281,0.046
140.714,S,514425,0.937,0.375,0.046
140.743,S,514454,0.984,0.375,0.046
140.779,READY
140.785,M,STILL
140.814,S,514525,0.984,0.421,0.046
140.836,S,514547,0.937,0.375,0.093
140.866,S,514576,0.890,0.375,0.046
140.888,S,514599,0.890,0.375,0.046
140.917,S,514628,0.937,0.375,0.093
140.939,S,514650,0.984,0.375,0.093
140.968,S,514679,0.937,0.421,0.093
140.991,S,514701,0.890,0.421,0.093
141.020,S,514731,0.937,0.375,0.046
141.042,S,514753,0.937,0.421,0.046
141.071,S,514782,0.890,0.375,0.046
141.094,S,514804,0.890,0.375,0.093
141.124,S,514835,0.984,0.328,0.000
141.147,S,514857,0.937,0.375,0.093
141.177,S,514887,0.937,0.328,0.046
141.206,S,514917,0.937,0.421,0.140
141.229,S,514939,0.937,0.375,0.046
141.259,S,514969,0.937,0.375,0.000
141.281,S,514991,0.937,0.328,0.093
141.311,S,515021,0.937,0.375,0.093
141.340,S,515051,0.937,0.375,0.046
141.362,S,515073,0.937,0.328,0.046
141.393,S,515103,0.937,0.375,0.093
141.423,S,515133,0.890,0.375,0.046
141.445,S,515155,0.937,0.375,0.046
141.474,S,515184,0.890,0.328,0.093
141.503,S,515214,0.937,0.375,0.046
141.526,S,515236,0.937,0.328,0.046
141.555,S,515265,0.890,0.421,0.046
141.585,S,515295,0.937,0.328,0.093
141.607,S,515317,0.890,0.421,0.046
141.636,S,515347,0.890,0.328,0.093
141.658,S,515369,0.937,0.375,0.046
141.688,S,515398,0.890,0.375,0.046
141.718,S,515428,0.937,0.375,0.093
141.740,S,515450,0.937,0.328,0.046
141.771,S,515481,0.890,0.375,0.093
141.806,READY
141.814,M,STILL
141.842,S,515552,0.984,0.328,0.093
141.865,S,515575,0.937,0.328,0.000
141.894,S,515604,0.937,0.375,0.046
141.916,S,515626,0.843,0.328,0.046
141.945,S,515655,0.890,0.328,0.046
141.976,S,515686,0.937,0.328,0.093
142.006,S,515716,0.890,0.328,0.046
142.029,S,515738,0.937,0.375,0.046
142.059,S,515768,0.937,0.375,0.093
142.081,S,515790,0.937,0.421,0.093
142.111,S,515821,0.937,0.281,0.046
142.134,S,515843,0.937,0.421,0.093
142.163,S,515872,0.937,0.375,0.093
142.193,S,515902,0.937,0.328,0.046
142.223,S,515933,0.937,0.421,0.140
142.244,S,515954,0.984,0.421,0.046
142.273,S,515983,0.937,0.328,0.046
142.295,S,516005,0.890,0.375,0.046
142.325,S,516034,0.937,0.375,0.093
142.347,S,516056,0.937,0.328,0.093
142.376,S,516086,0.937,0.375,0.046
142.398,S,516108,0.984,0.421,0.000
142.427,S,516136,0.984,0.328,0.046
142.449,S,516158,0.937,0.421,0.046
142.478,S,516187,0.937,0.328,0.046
142.509,S,516217,0.937,0.421,0.093
142.530,S,516240,0.890,0.328,0.093
142.560,S,516270,0.937,0.375,0.046
142.583,S,516292,0.937,0.375,0.093
142.612,S,516321,0.937,0.375,0.046
142.634,S,516343,0.937,0.375,0.000
142.664,S,516373,0.937,0.375,0.046
142.686,S,516395,0.890,0.328,0.046
142.716,S,516425,0.890,0.375,0.046
142.747,S,516456,0.937,0.375,0.046
142.769,S,516478,0.937,0.375,0.046
142.798,S,516507,0.937,0.375,0.046
142.836,READY
142.842,M,STILL
142.871,S,516580,0.937,0.375,0.046
142.894,S,516602,0.937,0.328,0.093
142.922,S,516632,0.937,0.375,0.093
142.945,S,516654,0.937,0.328,0.046
142.974,S,516683,0.937,0.328,0.000
142.997,S,516705,0.937,0.421,0.046
143.026,S,516735,0.937,0.421,0.093
143.048,S,516757,0.890,0.328,0.046
143.077,S,516786,0.984,0.328,0.046
143.100,S,516808,0.984,0.375,0.093
143.130,S,516839,0.984,0.281,0.093
143.152,S,516861,0.890,0.375,0.046
143.181,S,516890,0.984,0.421,0.046
143.204,S,516912,0.984,0.375,0.093
143.234,S,516942,0.937,0.375,0.000
143.263,S,516971,0.937,0.281,0.093
143.293,S,517002,0.984,0.375,0.093
143.315,S,517024,0.890,0.375,0.046
143.346,S,517054,0.890,0.421,0.093
143.376,S,517084,0.937,0.328,0.093
143.405,S,517114,0.890,0.328,0.000
143.435,S,517144,0.937,0.375,0.046
143.458,S,517166,0.937,0.375,0.046
143.489,S,517197,0.937,0.421,0.093
143.519,S,517227,0.937,0.328,0.093
143.549,S,517257,0.890,0.328,0.046
143.579,S,517287,0.937,0.281,0.093
143.601,S,517309,0.890,0.375,0.093
143.631,S,517339,0.937,0.375,0.093
143.660,S,517369,0.890,0.328,0.093
143.683,S,517391,0.890,0.328,0.046
143.712,S,517420,0.937,0.375,0.046
143.743,S,517450,0.937,0.375,0.046
143.773,S,517481,0.937,0.375,0.046
143.795,S,517503,0.937,0.375,0.046
143.824,S,517532,0.890,0.328,0.046
143.861,READY
143.868,M,STILL
143.896,S,517605,0.890,0.421,0.093
143.920,S,517627,0.937,0.328,0.046
143.949,S,517657,0.937,0.328,0.046
143.972,S,517679,0.890,0.375,0.093
144.001,S,517710,0.890,0.468,0.000
144.025,S,517732,0.890,0.328,0.093
144.054,S,517762,0.937,0.375,0.046
144.085,S,517792,0.890,0.375,0.046
144.107,S,517814,0.937,0.375,0.046
144.137,S,517845,0.937,0.375,0.093
144.159,S,517867,0.937,0.375,0.046
144.190,S,517897,0.984,0.328,0.046
144.219,S,517927,0.984,0.375,0.000
144.249,S,517957,0.937,0.328,0.093
144.271,S,517979,0.937,0.375,0.046
144.300,S,518008,0.937,0.281,0.093
144.323,S,518031,0.937,0.375,0.093
144.353,S,518060,0.984,0.328,0.000
144.383,S,518090,0.890,0.328,0.046
144.405,S,518112,0.984,0.328,0.093
144.435,S,518143,0.937,0.328,0.093
144.458,S,518165,0.984,0.375,0.046
144.488,S,518195,0.937,0.375,0.046
144.510,S,518217,0.937,0.281,0.046
144.539,S,518247,0.937,0.328,0.093
144.568,S,518275,0.937,0.328,0.046
144.590,S,518298,0.937,0.375,0.140
144.620,S,518327,0.937,0.328,0.046
144.642,S,518349,0.937,0.375,0.046
144.671,S,518378,0.984,0.375,0.093
144.702,S,518409,0.937,0.375,0.093
144.724,S,518431,0.937,0.375,0.046
144.754,S,518461,0.937,0.375,0.046
144.776,S,518483,0.890,0.375,0.093
144.805,S,518513,0.984,0.328,0.093
144.835,S,518542,0.843,0.375,0.093
144.870,READY
144.877,M,STILL
144.906,S,518613,0.937,0.375,0.093
144.935,S,518642,0.984,0.375,0.046
144.958,S,518664,0.890,0.328,0.046
144.987,S,518693,0.937,0.421,0.046
145.017,S,518724,0.890,0.375,0.093
145.039,S,518746,0.937,0.375,0.093
145.069,S,518776,0.984,0.375,0.093
145.092,S,518798,0.890,0.421,0.046
145.122,S,518829,0.937,0.375,0.046
145.152,S,518859,0.890,0.328,0.093
145.174,S,518881,0.890,0.375,0.046
145.203,S,518910,0.984,0.328,0.046
145.225,S,518932,0.937,0.328,0.093
145.255,S,518961,0.937,0.375,0.093
145.277,S,518983,0.937,0.375,0.140
145.307,S,519013,0.890,0.375,0.093
145.336,S,519043,0.890,0.375,0.046
145.366,S,519073,0.890,0.328,0.046
145.397,S,519103,0.937,0.328,0.046
145.426,S,519133,0.890,0.375,0.093
145.449,S,519155,0.890,0.328,0.046
145.479,S,519186,0.937,0.328,0.046
145.502,S,519208,0.937,0.328,0.093
145.532,S,519238,0.890,0.328,0.046
145.554,S,519260,0.937,0.375,0.046
145.583,S,519290,0.984,0.375,0.046
145.613,S,519320,0.937,0.375,0.093
145.636,S,519342,0.890,0.375,0.046
145.666,S,519372,0.937,0.375,0.046
145.695,S,519402,0.937,0.328,0.046
145.718,S,519424,0.984,0.375,0.093
145.748,S,519454,0.937,0.328,0.046
145.778,S,519484,0.984,0.328,0.046
145.808,S,519514,0.937,0.375,0.093
145.830,S,519536,0.937,0.375,0.046
145.860,S,519566,0.937,0.328,0.093
145.897,READY
145.904,M,STILL
145.933,S,519639,0.937,0.328,0.046
145.955,S,519661,0.984,0.375,0.093
145.986,S,519691,0.937,0.328,0.046
146.016,S,519722,0.984,0.328,0.046
146.038,S,519744,0.984,0.375,0.046
146.068,S,519774,0.937,0.375,0.046
146.098,S,519804,0.937,0.328,0.046
146.129,S,519834,0.984,0.375,0.093
146.159,S,519865,0.937,0.421,0.046
146.189,S,519895,0.937,0.328,0.046
146.219,S,519925,0.937,0.328,0.046
146.242,S,519947,0.937,0.375,0.046
146.271,S,519976,0.937,0.328,0.093
146.300,S,520005,0.937,0.328,0.046
146.330,S,520036,0.937,0.328,0.046
146.352,S,520058,0.937,0.375,0.093
146.383,S,520088,0.937,0.328,0.093
146.405,S,520110,0.937,0.281,0.000
146.435,S,520140,0.937,0.375,0.093
146.457,S,520163,0.937,0.375,0.093
146.487,S,520192,0.937,0.421,0.093
146.509,S,520214,0.937,0.421,0.093
146.538,S,520243,0.890,0.375,0.093
146.560,S,520265,0.937,0.328,0.046
146.590,S,520295,0.937,0.421,0.046
146.612,S,520318,0.984,0.375,0.046
146.642,S,520347,0.890,0.375,0.093
146.672,S,520377,0.937,0.375,0.093
146.701,S,520407,0.984,0.375,0.093
146.724,S,520429,0.890,0.375,0.046
146.754,S,520459,0.937,0.375,0.046
146.784,S,520489,0.937,0.328,0.000
146.808,S,520513,0.843,0.421,0.140
146.838,S,520543,0.937,0.375,0.046
146.869,S,520573,0.984,0.375,0.000
146.905,READY
146.912,M,STILL
146.941,S,520646,0.937,0.375,0.140
146.971,S,520676,0.937,0.375,0.000
146.993,S,520698,0.843,0.375,0.000
147.024,S,520729,0.937,0.328,0.093
147.053,S,520759,0.890,0.328,0.046
147.077,S,520781,0.890,0.375,0.093
147.106,S,520811,0.937,0.328,0.046
147.136,S,520841,0.937,0.375,0.046
