# marks: kind,expected_taps,t_start,t_end
# single,1,4.1303064823150635,8.130306482315063
# single,1,8.157714128494263,12.157714128494263
# single,1,12.174471616744995,16.174471616744995
# single,1,16.191827535629272,20.191827535629272
# single,1,20.198614597320557,24.198614597320557
# single,1,24.217281103134155,28.217281103134155
# single,1,28.24306559562683,32.24306559562683
# single,1,32.25952339172363,36.25952339172363
# single,1,36.26372241973877,40.26372241973877
# single,1,40.265294551849365,44.265294551849365
# double,2,50.24799060821533,54.24799060821533
# double,2,54.25059700012207,58.25059700012207
# double,2,58.255650997161865,62.255650997161865
# double,2,62.266348123550415,66.26634812355042
# double,2,66.28492164611816,70.28492164611816
# double,2,70.30258440971375,74.30258440971375
# double,2,74.31755328178406,78.31755328178406
# double,2,78.3191888332367,82.3191888332367
# double,2,82.32278227806091,86.32278227806091
# double,2,86.32730960845947,90.32730960845947
# active,0,96.2470154762268,126.2470154762268
# still,0,132.21474957466125,147.21474957466125
0.188,READY
0.194,M,STILL
0.223,S,232021,0.515,0.796,-0.281
0.245,S,232043,0.515,0.843,-0.328
0.273,S,232073,0.515,0.796,-0.328
0.296,S,232095,0.515,0.750,-0.328
0.324,S,232123,0.562,0.843,-0.328
0.346,S,232145,0.562,0.796,-0.328
0.376,S,232174,0.515,0.796,-0.234
0.398,S,232197,0.562,0.796,-0.328
0.427,S,232226,0.515,0.796,-0.328
0.450,S,232248,0.515,0.796,-0.328
0.479,S,232277,0.515,0.796,-0.375
0.501,S,232299,0.515,0.796,-0.328
0.529,S,232328,0.515,0.843,-0.281
0.559,S,232358,0.515,0.843,-0.281
0.580,S,232379,0.468,0.796,-0.281
0.609,S,232408,0.515,0.796,-0.328
0.631,S,232430,0.515,0.843,-0.328
0.660,S,232458,0.515,0.750,-0.328
0.682,S,232481,0.515,0.796,-0.328
0.711,S,232510,0.515,0.796,-0.328
0.736,S,232532,0.421,0.796,-0.375
0.762,S,232561,0.515,0.796,-0.328
0.784,S,232583,0.515,0.796,-0.281
0.814,S,232612,0.515,0.796,-0.328
0.836,S,232634,0.515,0.843,-0.328
0.866,S,232664,0.515,0.796,-0.328
0.895,S,232693,0.515,0.750,-0.281
0.919,S,232716,0.562,0.796,-0.328
0.947,S,232745,0.562,0.796,-0.328
0.969,S,232767,0.562,0.796,-0.328
0.997,S,232796,0.515,0.796,-0.281
1.020,S,232818,0.515,0.843,-0.328
1.182,S,232847,0.468,0.843,-0.375
1.183,S,232869,0.468,0.796,-0.328
1.184,S,232898,0.468,0.796,-0.328
1.184,S,232921,0.468,0.796,-0.328
1.185,S,232950,0.515,0.750,-0.281
1.186,S,232972,0.468,0.796,-0.234
1.216,READY
1.222,M,STILL
1.237,S,233036,0.562,0.796,-0.328
1.260,S,233058,0.515,0.796,-0.328
1.282,S,233080,0.562,0.843,-0.328
1.304,S,233102,0.515,0.843,-0.328
1.334,S,233131,0.515,0.796,-0.328
1.356,S,233153,0.562,0.796,-0.375
1.384,S,233182,0.515,0.843,-0.328
1.408,S,233204,0.515,0.796,-0.281
1.436,S,233233,0.515,0.796,-0.281
1.457,S,233255,0.468,0.796,-0.328
1.487,S,233284,0.562,0.703,-0.328
1.516,S,233314,0.515,0.843,-0.328
1.538,S,233336,0.515,0.796,-0.328
1.567,S,233365,0.562,0.843,-0.328
1.589,S,233387,0.562,0.796,-0.328
1.618,S,233416,0.515,0.750,-0.375
1.640,S,233438,0.562,0.750,-0.281
1.668,S,233466,0.468,0.750,-0.328
1.691,S,233488,0.515,0.796,-0.375
1.721,S,233518,0.515,0.796,-0.328
1.744,S,233540,0.515,0.796,-0.328
1.773,S,233570,0.515,0.750,-0.328
1.802,S,233599,0.562,0.796,-0.281
1.823,S,233621,0.515,0.796,-0.375
1.853,S,233650,0.562,0.750,-0.328
1.883,S,233680,0.515,0.796,-0.375
1.905,S,233703,0.515,0.796,-0.328
1.934,S,233732,0.562,0.796,-0.328
1.955,S,233753,0.562,0.796,-0.328
1.984,S,233782,0.515,0.843,-0.328
2.007,S,233804,0.515,0.843,-0.328
2.036,S,233834,0.515,0.796,-0.328
2.255,S,233856,0.562,0.796,-0.375
2.262,S,233885,0.515,0.796,-0.328
2.263,S,233907,0.515,0.843,-0.328
2.263,S,233935,0.515,0.796,-0.281
2.264,S,233958,0.562,0.750,-0.328
2.265,S,233986,0.515,0.796,-0.328
2.266,S,234008,0.562,0.750,-0.375
2.267,S,234037,0.468,0.843,-0.328
2.267,S,234059,0.562,0.796,-0.328
2.297,READY
2.304,M,STILL
2.332,S,234129,0.515,0.843,-0.375
2.354,S,234151,0.515,0.750,-0.328
2.384,S,234180,0.515,0.750,-0.281
2.405,S,234202,0.515,0.796,-0.328
2.435,S,234231,0.515,0.750,-0.328
2.457,S,234253,0.562,0.750,-0.375
2.486,S,234282,0.562,0.703,-0.328
2.507,S,234304,0.515,0.843,-0.375
2.536,S,234333,0.562,0.843,-0.281
2.565,S,234363,0.562,0.796,-0.328
2.588,S,234385,0.562,0.796,-0.328
2.617,S,234414,0.515,0.843,-0.281
2.639,S,234436,0.515,0.750,-0.328
2.667,S,234464,0.515,0.796,-0.281
2.688,S,234485,0.562,0.843,-0.328
2.710,S,234507,0.562,0.750,-0.328
2.740,S,234536,0.515,0.796,-0.281
2.762,S,234558,0.515,0.750,-0.328
2.792,S,234587,0.468,0.796,-0.281
2.814,S,234610,0.515,0.703,-0.328
2.843,S,234639,0.562,0.796,-0.281
2.864,S,234660,0.562,0.796,-0.281
2.892,S,234688,0.515,0.796,-0.328
2.913,S,234709,0.515,0.843,-0.375
2.936,S,234731,0.515,0.750,-0.375
2.966,S,234761,0.562,0.796,-0.328
2.988,S,234783,0.562,0.796,-0.328
3.018,S,234812,0.562,0.796,-0.328
3.046,S,234840,0.515,0.750,-0.281
3.068,S,234863,0.562,0.843,-0.328
3.100,S,234892,0.515,0.796,-0.328
3.118,S,234913,0.515,0.843,-0.328
3.624,S,234942,0.515,0.796,-0.375
3.626,S,234964,0.468,0.750,-0.375
3.627,S,234993,0.562,0.750,-0.328
3.628,S,235014,0.562,0.843,-0.328
3.629,S,235043,0.515,0.796,-0.375
3.630,S,235064,0.515,0.843,-0.328
3.631,S,235087,0.562,0.796,-0.328
3.632,S,235115,0.515,0.796,-0.375
3.632,S,235137,0.515,0.796,-0.328
3.633,S,235165,0.515,0.796,-0.375
3.634,S,235187,0.515,0.796,-0.328
3.635,S,235216,0.515,0.796,-0.328
3.636,S,235239,0.515,0.750,-0.328
3.637,S,235268,0.562,0.796,-0.375
3.638,S,235290,0.562,0.796,-0.375
3.639,S,235318,0.468,0.750,-0.328
3.640,S,235340,0.468,0.843,-0.328
3.641,S,235368,0.562,0.796,-0.328
3.643,S,235389,0.515,0.843,-0.328
3.644,S,235411,0.562,0.796,-0.281
3.656,READY
3.663,M,STILL
3.677,S,235474,0.562,0.796,-0.328
3.699,S,235495,0.562,0.843,-0.281
3.721,S,235517,0.562,0.750,-0.328
3.743,S,235539,0.515,0.843,-0.328
3.772,S,235568,0.515,0.796,-0.328
3.794,S,235590,0.562,0.796,-0.328
3.823,S,235619,0.609,0.750,-0.328
3.853,S,235649,0.468,0.750,-0.328
3.875,S,235671,0.515,0.843,-0.328
3.903,S,235699,0.515,0.796,-0.328
3.926,S,235721,0.515,0.796,-0.281
3.955,S,235750,0.515,0.843,-0.234
3.978,S,235773,0.562,0.843,-0.328
4.007,S,235801,0.468,0.843,-0.328
4.028,S,235823,0.515,0.843,-0.328
4.056,S,235851,0.515,0.796,-0.375
4.078,S,235874,0.515,0.843,-0.281
4.108,S,235903,0.562,0.796,-0.328
4.130,S,235925,0.515,0.796,-0.375
4.452,S,235954,0.562,0.796,-0.281
4.453,S,235976,0.515,0.796,-0.281
4.455,S,236004,0.562,0.750,-0.281
4.456,S,236025,0.515,0.796,-0.281
4.458,S,236047,0.562,0.796,-0.328
4.459,S,236075,0.609,0.796,-0.281
4.461,S,236097,0.562,0.796,-0.281
4.462,S,236126,0.468,0.750,-0.328
4.463,S,236147,0.515,0.843,-0.281
4.465,S,236176,0.515,0.843,-0.328
4.466,S,236206,0.515,0.796,-0.328
4.468,S,236228,0.468,0.796,-0.281
4.469,S,236257,0.468,0.796,-0.328
4.485,S,236279,0.562,0.796,-0.328
4.514,S,236308,0.515,0.750,-0.328
4.534,S,236330,0.562,0.750,-0.281
4.565,S,236359,0.468,0.750,-0.328
4.586,S,236381,0.515,0.796,-0.328
4.615,S,236410,0.515,0.750,-0.375
4.636,S,236431,0.562,0.796,-0.328
4.669,READY
4.676,M,STILL
4.706,S,236500,0.562,0.843,-0.328
4.728,S,236523,0.515,0.796,-0.281
4.757,S,236552,0.515,0.750,-0.328
4.779,S,236574,0.515,0.796,-0.281
4.808,S,236603,0.562,0.750,-0.281
4.831,S,236625,0.515,0.843,-0.328
4.859,S,236654,0.515,0.796,-0.281
4.881,S,236675,0.562,0.750,-0.328
4.910,S,236704,0.609,0.843,-0.328
4.932,S,236726,0.515,0.750,-0.328
4.962,S,236755,0.609,0.937,-0.375
4.984,S,236778,0.609,0.937,-0.421
5.014,S,236807,0.515,1.031,-0.375
5.019,M,MOVING
5.049,S,236843,0.468,0.750,-0.328
5.072,S,236865,0.515,0.609,-0.328
5.100,S,236894,0.375,0.281,-0.281
5.123,S,236916,0.328,0.093,-0.234
5.153,S,236945,0.187,0.093,-0.421
5.157,M,WRITING
5.188,S,236981,0.375,0.187,-0.140
5.210,S,237003,0.515,1.078,-0.140
5.239,S,237032,0.046,0.843,-0.515
5.261,S,237054,0.140,0.609,0.000
5.291,S,237083,0.093,1.078,-0.046
5.319,S,237111,0.046,0.984,-0.046
5.340,S,237133,0.187,0.984,-0.140
5.362,S,237155,0.140,1.125,-0.187
5.389,S,237182,0.187,1.312,-0.234
5.412,S,237204,0.234,1.171,-0.281
5.433,S,237227,0.281,0.890,-0.281
5.461,S,237254,0.281,0.843,-0.421
5.484,S,237277,0.421,0.421,-0.281
5.512,S,237306,0.468,0.328,-0.375
5.535,S,237328,0.375,0.468,-0.515
5.562,S,237355,0.375,0.656,-0.562
5.583,S,237377,0.562,0.750,-0.609
5.612,S,237406,0.468,0.890,-0.562
5.634,S,237429,0.468,0.796,-0.562
5.663,S,237457,0.468,0.703,-0.468
5.697,READY
5.703,M,WRITING
5.730,S,237524,0.421,0.890,-0.515
5.752,S,237545,0.468,0.890,-0.515
5.774,S,237567,0.421,0.796,-0.421
5.804,S,237596,0.468,0.750,-0.468
5.825,S,237618,0.375,0.750,-0.515
5.853,S,237646,0.421,0.750,-0.515
5.876,S,237669,0.468,0.796,-0.468
5.905,S,237698,0.421,0.750,-0.468
5.927,S,237720,0.468,0.796,-0.468
5.955,S,237749,0.421,0.750,-0.468
5.977,S,237771,0.421,0.796,-0.421
6.006,S,237800,0.421,0.750,-0.468
6.012,M,MOVING
6.041,S,237834,0.375,0.750,-0.468
6.064,S,237856,0.468,0.750,-0.468
6.093,S,237885,0.468,0.796,-0.468
6.116,S,237908,0.375,0.750,-0.468
6.144,S,237937,0.421,0.796,-0.515
6.166,S,237959,0.421,0.750,-0.468
6.196,S,237988,0.421,0.703,-0.468
6.218,S,238011,0.421,0.750,-0.515
6.222,M,STILL
6.250,S,238043,0.421,0.796,-0.468
6.271,S,238065,0.468,0.796,-0.468
6.294,S,238087,0.421,0.703,-0.515
6.324,S,238116,0.375,0.750,-0.468
6.344,S,238137,0.421,0.796,-0.421
6.373,S,238165,0.375,0.750,-0.468
6.392,S,238186,0.468,0.750,-0.468
6.415,S,238208,0.468,0.750,-0.515
6.444,S,238236,0.421,0.796,-0.468
6.465,S,238257,0.421,0.796,-0.468
6.487,S,238279,0.421,0.843,-0.468
6.516,S,238308,0.468,0.843,-0.468
6.537,S,238329,0.468,0.796,-0.468
6.566,S,238358,0.421,0.750,-0.468
6.588,S,238380,0.421,0.796,-0.468
6.618,S,238409,0.421,0.843,-0.468
6.639,S,238431,0.421,0.750,-0.468
6.668,S,238460,0.468,0.750,-0.515
6.703,READY
6.710,M,STILL
6.736,S,238528,0.421,0.750,-0.421
6.759,S,238550,0.468,0.843,-0.468
6.787,S,238579,0.421,0.750,-0.421
6.809,S,238601,0.468,0.750,-0.515
6.837,S,238629,0.468,0.843,-0.421
6.860,S,238651,0.421,0.750,-0.468
6.888,S,238680,0.421,0.843,-0.421
6.910,S,238702,0.421,0.750,-0.468
6.939,S,238731,0.421,0.796,-0.468
6.960,S,238753,0.468,0.796,-0.468
6.989,S,238781,0.468,0.796,-0.421
7.011,S,238803,0.421,0.796,-0.421
7.039,S,238831,0.421,0.750,-0.421
7.062,S,238854,0.421,0.796,-0.375
7.091,S,238883,0.468,0.843,-0.421
7.113,S,238905,0.421,0.750,-0.375
7.141,S,238933,0.468,0.796,-0.468
7.163,S,238955,0.421,0.796,-0.375
7.194,S,238984,0.375,0.750,-0.468
7.213,S,239005,0.421,0.843,-0.468
7.242,S,239034,0.421,0.796,-0.515
7.264,S,239056,0.421,0.843,-0.468
7.293,S,239085,0.421,0.750,-0.421
7.315,S,239107,0.421,0.796,-0.421
7.344,S,239136,0.375,0.796,-0.421
7.365,S,239157,0.468,0.796,-0.421
7.394,S,239186,0.375,0.796,-0.421
7.416,S,239208,0.468,0.796,-0.468
7.445,S,239237,0.421,0.796,-0.468
7.474,S,239267,0.468,0.750,-0.468
7.497,S,239289,0.421,0.843,-0.468
7.527,S,239318,0.468,0.750,-0.421
7.548,S,239340,0.375,0.750,-0.421
7.578,S,239369,0.421,0.750,-0.468
7.599,S,239391,0.468,0.796,-0.421
7.629,S,239420,0.421,0.750,-0.421
7.650,S,239441,0.468,0.796,-0.468
7.679,S,239470,0.375,0.796,-0.375
7.714,READY
7.720,M,STILL
7.748,S,239539,0.468,0.843,-0.468
7.770,S,239561,0.421,0.750,-0.421
7.799,S,239591,0.421,0.796,-0.421
7.820,S,239612,0.375,0.796,-0.421
7.848,S,239640,0.421,0.796,-0.421
7.871,S,239663,0.468,0.750,-0.421
7.900,S,239692,0.421,0.843,-0.421
7.922,S,239714,0.375,0.796,-0.468
7.951,S,239743,0.421,0.843,-0.421
7.973,S,239765,0.468,0.796,-0.468
8.003,S,239795,0.375,0.843,-0.421
8.025,S,239817,0.421,0.796,-0.421
8.055,S,239846,0.421,0.796,-0.468
8.078,S,239868,0.421,0.796,-0.468
8.106,S,239897,0.421,0.750,-0.468
8.128,S,239919,0.421,0.796,-0.421
8.158,S,239948,0.375,0.796,-0.375
8.468,S,239970,0.468,0.796,-0.421
8.468,S,239999,0.421,0.750,-0.375
8.469,S,240021,0.421,0.750,-0.468
8.470,S,240050,0.375,0.796,-0.421
8.471,S,240072,0.468,0.796,-0.421
8.472,S,240101,0.468,0.750,-0.468
8.473,S,240123,0.421,0.750,-0.421
8.474,S,240152,0.421,0.796,-0.421
8.475,S,240174,0.421,0.843,-0.421
8.476,S,240203,0.421,0.796,-0.375
8.477,S,240225,0.421,0.796,-0.421
8.478,S,240254,0.421,0.796,-0.421
8.485,S,240277,0.328,0.796,-0.468
8.516,S,240307,0.421,0.843,-0.468
8.538,S,240329,0.421,0.750,-0.421
8.566,S,240358,0.421,0.796,-0.468
8.589,S,240380,0.468,0.796,-0.421
8.617,S,240408,0.375,0.750,-0.468
8.639,S,240429,0.421,0.796,-0.421
8.660,S,240451,0.421,0.796,-0.468
8.688,S,240480,0.421,0.750,-0.421
8.722,READY
8.728,M,STILL
8.756,S,240547,0.468,0.750,-0.421
8.782,S,240569,0.421,0.750,-0.375
8.807,S,240598,0.468,0.796,-0.375
8.829,S,240620,0.375,0.656,-0.421
8.859,S,240649,0.421,0.375,-0.515
8.888,S,240679,0.375,0.562,-0.468
8.911,S,240702,0.328,0.750,-0.328
8.917,M,MOVING
8.947,S,240737,-0.421,1.312,0.234
8.970,S,240760,0.093,0.984,-0.234
8.999,S,240789,0.234,1.031,-0.093
9.005,M,WRITING
9.035,S,240825,0.140,1.031,-0.187
9.057,S,240846,0.187,1.406,-0.140
9.088,S,240875,0.234,1.031,-0.140
9.108,S,240897,0.328,0.703,-0.234
9.136,S,240926,0.375,0.750,-0.281
9.159,S,240948,0.421,0.937,-0.421
9.188,S,240978,0.375,0.656,-0.328
9.217,S,241007,0.515,0.562,-0.468
9.238,S,241028,0.375,0.703,-0.515
9.267,S,241057,0.421,0.890,-0.468
9.290,S,241079,0.375,0.750,-0.421
9.318,S,241108,0.468,0.796,-0.375
9.340,S,241130,0.468,0.843,-0.328
9.369,S,241158,0.421,0.890,-0.328
9.389,S,241179,0.468,0.796,-0.375
9.411,S,241201,0.468,0.796,-0.468
9.440,S,241230,0.468,0.843,-0.421
9.462,S,241251,0.421,0.843,-0.375
9.491,S,241280,0.421,0.843,-0.375
9.513,S,241302,0.468,0.796,-0.328
9.542,S,241332,0.468,0.796,-0.375
9.564,S,241354,0.421,0.890,-0.375
9.570,M,MOVING
9.600,S,241389,0.421,0.796,-0.375
9.622,S,241412,0.421,0.796,-0.375
9.651,S,241441,0.328,0.796,-0.421
9.673,S,241463,0.375,0.796,-0.421
9.703,S,241492,0.421,0.843,-0.375
9.737,READY
9.744,M,MOVING
9.773,S,241562,0.421,0.843,-0.375
9.795,S,241584,0.375,0.843,-0.375
9.825,S,241613,0.421,0.843,-0.375
9.847,S,241636,0.421,0.843,-0.421
9.876,S,241665,0.468,0.796,-0.421
9.898,S,241687,0.421,0.843,-0.421
9.903,M,STILL
9.934,S,241723,0.375,0.796,-0.328
9.956,S,241745,0.468,0.890,-0.375
9.986,S,241774,0.468,0.796,-0.375
10.008,S,241796,0.375,0.796,-0.375
10.038,S,241826,0.375,0.796,-0.375
10.059,S,241848,0.468,0.843,-0.375
10.089,S,241877,0.421,0.796,-0.328
10.110,S,241899,0.375,0.890,-0.328
10.139,S,241928,0.421,0.890,-0.375
10.161,S,241951,0.421,0.843,-0.421
10.190,S,241980,0.421,0.796,-0.375
10.212,S,242002,0.375,0.843,-0.375
10.241,S,242031,0.421,0.796,-0.328
10.264,S,242053,0.421,0.843,-0.328
10.293,S,242083,0.375,0.843,-0.328
10.323,S,242113,0.328,0.796,-0.375
10.347,S,242135,0.421,0.843,-0.421
10.376,S,242164,0.421,0.843,-0.375
10.397,S,242186,0.375,0.843,-0.421
10.426,S,242215,0.421,0.843,-0.468
10.448,S,242237,0.421,0.796,-0.421
10.477,S,242267,0.375,0.890,-0.375
10.507,S,242297,0.421,0.843,-0.375
10.530,S,242319,0.421,0.890,-0.375
10.560,S,242348,0.375,0.843,-0.375
10.583,S,242371,0.375,0.750,-0.421
10.611,S,242400,0.375,0.843,-0.375
10.633,S,242422,0.375,0.843,-0.328
10.662,S,242451,0.421,0.843,-0.328
10.685,S,242473,0.375,0.843,-0.328
10.714,S,242502,0.421,0.843,-0.328
10.748,READY
10.754,M,STILL
10.783,S,242572,0.421,0.843,-0.375
10.805,S,242594,0.375,0.843,-0.375
10.835,S,242623,0.328,0.843,-0.328
10.857,S,242645,0.468,0.843,-0.328
10.885,S,242673,0.421,0.843,-0.328
10.907,S,242695,0.421,0.843,-0.328
10.936,S,242724,0.421,0.843,-0.375
10.958,S,242746,0.421,0.843,-0.375
10.987,S,242775,0.328,0.843,-0.421
11.008,S,242797,0.421,0.843,-0.375
11.037,S,242826,0.421,0.843,-0.375
11.059,S,242848,0.375,0.796,-0.375
11.088,S,242877,0.375,0.843,-0.375
11.110,S,242899,0.421,0.843,-0.328
11.139,S,242928,0.375,0.796,-0.375
11.161,S,242950,0.375,0.843,-0.375
11.190,S,242979,0.421,0.890,-0.375
11.213,S,243001,0.468,0.796,-0.375
11.241,S,243030,0.375,0.796,-0.375
11.264,S,243053,0.468,0.843,-0.375
11.293,S,243081,0.375,0.890,-0.375
11.315,S,243104,0.375,0.890,-0.375
11.345,S,243133,0.375,0.843,-0.375
11.367,S,243155,0.421,0.843,-0.375
11.396,S,243184,0.468,0.843,-0.375
11.419,S,243206,0.421,0.890,-0.421
11.447,S,243235,0.421,0.843,-0.375
11.469,S,243258,0.421,0.843,-0.375
11.499,S,243287,0.468,0.937,-0.375
11.522,S,243309,0.421,0.843,-0.375
11.550,S,243338,0.421,0.796,-0.375
11.573,S,243360,0.421,0.890,-0.375
11.603,S,243390,0.421,0.843,-0.328
11.625,S,243412,0.421,0.796,-0.375
11.654,S,243441,0.421,0.843,-0.328
11.675,S,243462,0.375,0.843,-0.421
11.704,S,243491,0.375,0.890,-0.375
11.725,S,243512,0.421,0.843,-0.281
11.761,READY
11.768,M,STILL
11.796,S,243584,0.375,0.890,-0.375
11.818,S,243605,0.375,0.796,-0.375
11.847,S,243634,0.421,0.843,-0.375
11.868,S,243656,0.375,0.937,-0.328
11.898,S,243685,0.421,0.937,-0.328
11.920,S,243707,0.421,0.890,-0.328
11.949,S,243736,0.421,0.843,-0.328
11.971,S,243758,0.421,0.843,-0.328
12.000,S,243788,0.421,0.890,-0.328
12.023,S,243810,0.421,0.843,-0.328
12.052,S,243839,0.375,0.843,-0.328
12.074,S,243860,0.375,0.843,-0.375
12.101,S,243888,0.421,0.843,-0.328
12.123,S,243910,0.375,0.890,-0.281
12.153,S,243940,0.421,0.843,-0.375
12.174,S,243962,0.421,0.843,-0.375
12.482,S,243990,0.375,0.843,-0.375
12.483,S,244020,0.375,0.796,-0.421
12.485,S,244042,0.375,0.796,-0.328
12.486,S,244071,0.375,0.843,-0.328
12.487,S,244093,0.375,0.937,-0.375
12.489,S,244122,0.421,0.890,-0.328
12.490,S,244144,0.421,0.796,-0.328
12.491,S,244173,0.421,0.796,-0.328
12.492,S,244195,0.375,0.843,-0.328
12.493,S,244224,0.468,0.843,-0.375
12.494,S,244246,0.421,0.843,-0.375
12.495,S,244275,0.375,0.843,-0.375
12.510,S,244298,0.421,0.843,-0.328
12.540,S,244327,0.375,0.890,-0.328
12.560,S,244348,0.328,0.796,-0.328
12.589,S,244377,0.421,0.843,-0.328
12.612,S,244399,0.328,0.843,-0.328
12.640,S,244428,0.421,0.796,-0.328
12.661,S,244450,0.421,0.937,-0.375
12.691,S,244478,0.421,0.843,-0.375
12.712,S,244499,0.421,0.843,-0.375
12.740,S,244528,0.421,0.843,-0.375
12.775,READY
12.781,M,STILL
12.810,S,244597,0.515,0.750,-0.281
12.832,S,244619,0.562,0.750,-0.328
12.858,S,244645,0.468,0.656,-0.328
12.880,S,244667,0.515,0.515,-0.328
12.886,M,MOVING
12.916,S,244703,0.234,0.187,-0.375
12.938,S,244725,0.046,0.656,-0.375
12.967,S,244754,0.468,0.609,0.093
12.972,M,WRITING
13.002,S,244789,0.093,0.937,-0.140
13.024,S,244810,0.093,0.890,-0.234
13.053,S,244839,0.234,1.359,-0.328
13.075,S,244861,0.187,1.125,-0.140
13.104,S,244890,0.281,0.703,-0.140
13.127,S,244912,0.281,0.937,-0.234
13.156,S,244941,0.375,0.984,-0.375
13.177,S,244963,0.328,0.750,-0.328
13.206,S,244991,0.375,0.656,-0.375
13.227,S,245013,0.375,0.703,-0.421
13.257,S,245043,0.375,0.796,-0.421
13.279,S,245065,0.375,0.796,-0.375
13.308,S,245094,0.375,0.890,-0.375
13.331,S,245116,0.375,0.843,-0.328
13.360,S,245145,0.421,0.937,-0.375
13.389,S,245175,0.421,0.890,-0.375
13.411,S,245197,0.328,0.890,-0.375
13.440,S,245226,0.375,0.843,-0.375
13.462,S,245248,0.375,0.890,-0.375
13.493,S,245277,0.375,0.890,-0.328
13.514,S,245299,0.375,0.937,-0.328
13.542,S,245329,0.375,0.843,-0.375
13.548,M,MOVING
13.577,S,245362,0.375,0.890,-0.375
13.599,S,245384,0.375,0.843,-0.328
13.620,S,245406,0.375,0.890,-0.375
13.650,S,245435,0.375,0.843,-0.328
13.672,S,245458,0.328,0.843,-0.328
13.700,S,245485,0.328,0.937,-0.375
13.706,M,STILL
13.736,S,245521,0.281,0.843,-0.375
13.757,S,245542,0.328,0.890,-0.375
13.791,READY
13.798,M,STILL
13.827,S,245613,0.328,0.890,-0.375
13.850,S,245635,0.375,0.843,-0.375
13.879,S,245664,0.328,0.890,-0.375
13.901,S,245686,0.375,0.890,-0.375
13.931,S,245715,0.375,0.843,-0.375
13.953,S,245738,0.375,0.843,-0.375
13.982,S,245767,0.328,0.843,-0.328
14.003,S,245789,0.375,0.843,-0.375
14.033,S,245818,0.328,0.843,-0.328
14.055,S,245840,0.328,0.843,-0.328
14.085,S,245870,0.328,0.890,-0.328
14.107,S,245892,0.375,0.937,-0.375
14.136,S,245921,0.328,0.890,-0.375
14.158,S,245943,0.328,0.890,-0.328
14.187,S,245972,0.375,0.890,-0.328
14.209,S,245994,0.375,0.890,-0.375
14.239,S,246024,0.375,0.890,-0.328
14.262,S,246046,0.328,0.796,-0.375
14.288,S,246074,0.328,0.890,-0.375
14.311,S,246096,0.328,0.796,-0.328
14.340,S,246125,0.375,0.890,-0.375
14.362,S,246147,0.328,0.843,-0.281
14.390,S,246175,0.375,0.890,-0.375
14.412,S,246197,0.421,0.843,-0.328
14.441,S,246226,0.328,0.843,-0.375
14.462,S,246248,0.375,0.890,-0.328
14.492,S,246277,0.375,0.890,-0.328
14.516,S,246298,0.421,0.843,-0.375
14.540,S,246326,0.328,0.843,-0.375
14.562,S,246347,0.375,0.890,-0.375
14.584,S,246369,0.328,0.890,-0.421
14.611,S,246396,0.375,0.890,-0.375
14.634,S,246418,0.375,0.843,-0.375
14.663,S,246447,0.328,0.843,-0.375
14.684,S,246469,0.375,0.890,-0.281
14.715,S,246499,0.328,0.890,-0.375
14.744,S,246528,0.375,0.890,-0.328
14.765,S,246550,0.375,0.843,-0.375
14.801,READY
14.807,M,STILL
14.836,S,246620,0.328,0.843,-0.328
14.857,S,246642,0.328,0.796,-0.375
14.886,S,246671,0.375,0.890,-0.328
14.909,S,246693,0.375,0.843,-0.421
14.939,S,246722,0.421,0.890,-0.328
14.959,S,246745,0.375,0.890,-0.375
14.988,S,246774,0.375,0.890,-0.328
15.009,S,246795,0.375,0.937,-0.328
15.038,S,246824,0.328,0.890,-0.328
15.061,S,246846,0.421,0.843,-0.375
15.088,S,246873,0.375,0.984,-0.328
15.110,S,246895,0.375,0.937,-0.328
15.132,S,246917,0.375,0.890,-0.375
15.162,S,246946,0.375,0.843,-0.328
15.184,S,246968,0.375,0.890,-0.328
15.213,S,246997,0.375,0.843,-0.375
15.235,S,247019,0.375,0.750,-0.375
15.264,S,247048,0.328,0.890,-0.375
15.284,S,247069,0.375,0.843,-0.328
15.315,S,247098,0.328,0.890,-0.328
15.344,S,247128,0.328,0.843,-0.328
15.372,S,247157,0.375,0.890,-0.375
15.395,S,247180,0.375,0.937,-0.328
15.424,S,247209,0.328,0.890,-0.328
15.446,S,247231,0.328,0.937,-0.375
15.475,S,247260,0.375,0.843,-0.375
15.498,S,247282,0.328,0.843,-0.281
15.527,S,247311,0.421,0.890,-0.375
15.549,S,247334,0.375,0.843,-0.375
15.579,S,247363,0.375,0.843,-0.328
15.602,S,247385,0.328,0.890,-0.328
15.631,S,247414,0.328,0.890,-0.328
15.660,S,247443,0.375,0.796,-0.375
15.683,S,247466,0.375,0.890,-0.375
15.711,S,247495,0.328,0.843,-0.375
15.733,S,247517,0.328,0.843,-0.328
15.763,S,247546,0.375,0.890,-0.375
15.785,S,247568,0.375,0.843,-0.328
15.820,READY
15.826,M,STILL
15.855,S,247639,0.375,0.937,-0.375
15.877,S,247661,0.328,0.890,-0.421
15.906,S,247690,0.328,0.890,-0.375
15.928,S,247712,0.328,0.843,-0.375
15.957,S,247741,0.328,0.890,-0.328
15.986,S,247770,0.375,0.890,-0.375
16.008,S,247792,0.328,0.890,-0.328
16.037,S,247820,0.328,0.890,-0.328
16.059,S,247843,0.375,0.843,-0.328
16.088,S,247872,0.375,0.843,-0.328
16.111,S,247894,0.375,0.890,-0.375
16.141,S,247924,0.328,0.890,-0.328
16.170,S,247953,0.375,0.937,-0.328
16.192,S,247975,0.328,0.843,-0.375
16.503,S,248004,0.328,0.890,-0.375
16.506,S,248026,0.328,0.890,-0.328
16.508,S,248055,0.281,0.843,-0.328
16.511,S,248077,0.375,0.890,-0.375
16.512,S,248106,0.375,0.843,-0.375
16.514,S,248129,0.375,0.843,-0.328
16.515,S,248158,0.375,0.890,-0.328
16.517,S,248180,0.421,0.890,-0.375
16.518,S,248208,0.375,0.890,-0.328
16.521,S,248230,0.328,0.890,-0.375
16.522,S,248251,0.375,0.843,-0.328
16.524,S,248278,0.375,0.843,-0.328
16.525,S,248300,0.375,0.890,-0.328
16.545,S,248329,0.328,0.890,-0.375
16.567,S,248351,0.375,0.843,-0.421
16.596,S,248380,0.281,0.843,-0.375
16.619,S,248402,0.421,0.890,-0.375
16.648,S,248431,0.328,0.843,-0.375
16.669,S,248453,0.375,0.843,-0.328
16.698,S,248482,0.375,0.937,-0.375
16.720,S,248504,0.375,0.843,-0.375
16.749,S,248533,0.421,0.796,-0.375
16.771,S,248555,0.375,0.843,-0.421
16.800,S,248584,0.375,0.890,-0.328
16.835,READY
16.842,M,STILL
16.874,S,248655,0.421,0.468,-0.375
16.893,S,248677,0.375,0.140,-0.375
16.922,S,248706,0.046,0.703,-0.187
16.944,S,248728,0.421,0.703,0.046
16.950,M,WRITING
16.980,S,248763,0.140,0.984,-0.046
17.002,S,248785,0.093,0.890,-0.140
17.032,S,248814,0.140,1.031,-0.140
17.055,S,248836,0.421,1.359,-0.140
17.083,S,248865,0.234,0.890,-0.046
17.105,S,248887,0.281,0.656,-0.093
17.134,S,248916,0.421,0.890,-0.328
17.156,S,248938,0.281,0.937,-0.375
17.186,S,248967,0.375,0.703,-0.328
17.206,S,248989,0.421,0.796,-0.375
17.235,S,249018,0.375,0.890,-0.375
17.256,S,249040,0.421,0.937,-0.281
17.286,S,249069,0.375,0.843,-0.281
17.307,S,249090,0.515,0.843,-0.234
17.336,S,249119,0.421,0.890,-0.281
17.359,S,249142,0.375,0.843,-0.281
17.388,S,249171,0.421,0.750,-0.281
17.411,S,249193,0.328,0.937,-0.281
17.440,S,249222,0.375,0.843,-0.281
17.460,S,249243,0.375,0.843,-0.281
17.489,S,249272,0.375,0.890,-0.328
17.512,S,249294,0.375,0.796,-0.281
17.541,S,249323,0.421,0.937,-0.281
17.546,M,MOVING
17.580,S,249359,0.468,0.890,-0.281
17.599,S,249381,0.375,0.890,-0.234
17.628,S,249410,0.375,0.890,-0.328
17.650,S,249432,0.375,0.843,-0.281
17.679,S,249461,0.421,0.890,-0.281
17.701,S,249483,0.375,0.890,-0.281
17.730,S,249512,0.421,0.890,-0.328
17.761,S,249542,0.421,0.890,-0.281
17.783,S,249564,0.421,0.890,-0.281
17.811,S,249593,0.421,0.843,-0.281
17.846,READY
17.852,M,MOVING
17.879,S,249661,0.375,0.890,-0.281
17.901,S,249683,0.375,0.890,-0.328
17.907,M,STILL
17.936,S,249718,0.328,0.937,-0.281
17.959,S,249740,0.421,0.843,-0.281
17.988,S,249769,0.328,0.937,-0.281
18.009,S,249790,0.375,0.890,-0.281
18.038,S,249819,0.375,0.937,-0.281
18.067,S,249850,0.375,0.843,-0.328
18.089,S,249871,0.328,0.890,-0.281
18.118,S,249900,0.328,0.843,-0.281
18.141,S,249922,0.375,0.890,-0.234
18.171,S,249951,0.375,0.890,-0.281
18.200,S,249982,0.328,0.890,-0.281
18.230,S,250010,0.421,0.937,-0.281
18.251,S,250033,0.375,0.984,-0.281
18.280,S,250062,0.328,0.843,-0.281
18.302,S,250083,0.375,0.890,-0.234
18.332,S,250112,0.421,0.890,-0.234
18.353,S,250134,0.468,0.843,-0.328
18.381,S,250163,0.375,0.890,-0.328
18.403,S,250185,0.375,0.890,-0.281
18.433,S,250214,0.328,0.890,-0.234
18.455,S,250236,0.421,0.843,-0.281
18.483,S,250265,0.328,0.890,-0.328
18.506,S,250286,0.375,0.843,-0.328
18.535,S,250315,0.421,0.890,-0.281
18.557,S,250338,0.421,0.843,-0.281
18.586,S,250367,0.375,0.937,-0.281
18.616,S,250397,0.375,0.937,-0.281
18.639,S,250419,0.375,0.890,-0.234
18.667,S,250448,0.328,0.890,-0.281
18.689,S,250470,0.375,0.890,-0.281
18.719,S,250499,0.375,0.843,-0.281
18.740,S,250521,0.375,0.890,-0.281
18.769,S,250550,0.375,0.890,-0.234
18.791,S,250572,0.375,0.984,-0.281
18.820,S,250601,0.375,0.937,-0.281
18.856,READY
18.862,M,STILL
18.890,S,250670,0.328,0.890,-0.281
18.912,S,250692,0.375,0.890,-0.328
18.934,S,250714,0.421,0.890,-0.281
18.963,S,250743,0.375,0.890,-0.234
18.984,S,250764,0.375,0.890,-0.328
19.013,S,250793,0.328,0.843,-0.281
19.035,S,250815,0.375,0.890,-0.281
19.063,S,250843,0.375,0.843,-0.281
19.084,S,250864,0.421,0.843,-0.281
19.114,S,250893,0.328,0.843,-0.281
19.135,S,250916,0.328,0.843,-0.281
19.164,S,250945,0.375,0.890,-0.234
19.184,S,250965,0.328,0.937,-0.281
19.206,S,250987,0.328,0.890,-0.281
19.235,S,251016,0.328,0.890,-0.281
19.258,S,251038,0.375,0.796,-0.281
19.288,S,251067,0.421,0.890,-0.281
19.309,S,251089,0.421,0.890,-0.328
19.338,S,251118,0.375,0.937,-0.234
19.359,S,251139,0.375,0.937,-0.328
19.388,S,251168,0.375,0.843,-0.281
19.416,S,251197,0.421,0.937,-0.328
19.447,S,251228,0.375,0.890,-0.234
19.469,S,251250,0.421,0.843,-0.234
19.496,S,251278,0.375,0.890,-0.281
19.517,S,251299,0.375,0.843,-0.328
19.537,S,251319,0.328,0.843,-0.281
19.559,S,251340,0.375,0.890,-0.328
19.587,S,251368,0.375,0.843,-0.281
19.608,S,251389,0.375,0.890,-0.281
19.630,S,251412,0.375,0.890,-0.234
19.658,S,251439,0.375,0.843,-0.234
19.682,S,251461,0.375,0.937,-0.328
19.704,S,251483,0.375,0.890,-0.281
19.732,S,251512,0.328,0.843,-0.234
19.754,S,251534,0.328,0.843,-0.281
19.783,S,251563,0.375,0.843,-0.234
19.805,S,251585,0.375,0.937,-0.281
19.834,S,251614,0.421,0.890,-0.234
19.868,READY
19.875,M,STILL
19.902,S,251681,0.375,0.843,-0.281
19.924,S,251703,0.375,0.937,-0.281
19.952,S,251732,0.375,0.890,-0.281
19.975,S,251754,0.375,0.890,-0.234
20.003,S,251783,0.375,0.937,-0.281
20.027,S,251805,0.375,0.937,-0.281
20.054,S,251833,0.375,0.843,-0.281
20.076,S,251855,0.421,0.890,-0.328
20.105,S,251885,0.328,0.937,-0.281
20.127,S,251907,0.375,0.890,-0.328
20.157,S,251936,0.375,0.890,-0.281
20.177,S,251956,0.375,0.843,-0.281
20.199,S,251979,0.375,0.937,-0.187
20.509,S,252007,0.421,0.890,-0.328
20.511,S,252028,0.375,0.890,-0.281
20.512,S,252056,0.375,0.890,-0.375
20.513,S,252078,0.421,0.890,-0.281
20.515,S,252107,0.421,0.890,-0.281
20.516,S,252129,0.375,0.843,-0.281
20.517,S,252158,0.328,0.890,-0.281
20.518,S,252189,0.375,0.890,-0.234
20.520,S,252211,0.328,0.937,-0.281
20.521,S,252240,0.375,0.843,-0.281
20.523,S,252262,0.328,0.890,-0.328
20.524,S,252291,0.421,0.890,-0.328
20.534,S,252313,0.328,0.843,-0.281
20.563,S,252342,0.421,0.890,-0.281
20.584,S,252364,0.375,0.890,-0.328
20.613,S,252392,0.375,0.890,-0.281
20.635,S,252415,0.375,0.937,-0.281
20.663,S,252444,0.375,0.937,-0.281
20.687,S,252466,0.281,1.125,-0.328
20.715,S,252495,0.375,0.843,-0.281
20.737,S,252517,0.468,0.656,-0.234
20.743,M,MOVING
20.773,S,252552,0.562,0.703,-0.328
20.794,S,252574,0.468,0.703,-0.234
20.823,S,252603,0.562,0.656,-0.234
20.852,S,252633,0.562,0.421,-0.187
20.888,READY
20.894,M,MOVING
20.922,S,252702,0.000,1.031,-0.328
20.945,S,252724,0.140,0.750,-0.421
20.951,M,WRITING
20.981,S,252760,0.000,0.937,-0.140
21.010,S,252789,0.187,1.031,-0.093
21.032,S,252811,0.187,1.031,-0.140
21.061,S,252840,0.234,0.984,-0.234
21.082,S,252861,0.234,1.125,-0.234
21.103,S,252882,0.281,0.890,-0.187
21.133,S,252911,0.328,0.890,-0.187
21.155,S,252933,0.281,0.937,-0.234
21.184,S,252962,0.234,0.984,-0.234
21.207,S,252985,0.234,0.984,-0.281
21.235,S,253014,0.234,0.937,-0.187
21.257,S,253035,0.328,0.937,-0.187
21.286,S,253064,0.281,0.937,-0.187
21.306,S,253085,0.281,0.984,-0.234
21.336,S,253113,0.234,0.984,-0.234
21.356,S,253134,0.281,0.937,-0.234
21.386,S,253163,0.281,0.937,-0.234
21.407,S,253186,0.281,0.937,-0.187
21.412,M,MOVING
21.441,S,253221,0.281,0.937,-0.234
21.464,S,253243,0.281,0.984,-0.234
21.493,S,253272,0.281,0.937,-0.187
21.515,S,253293,0.281,1.031,-0.234
21.544,S,253322,0.234,0.937,-0.234
21.548,M,STILL
21.577,S,253356,0.281,0.984,-0.187
21.600,S,253377,0.281,1.031,-0.234
21.629,S,253406,0.234,0.984,-0.187
21.650,S,253429,0.281,0.937,-0.187
21.679,S,253458,0.234,0.937,-0.187
21.701,S,253480,0.234,0.937,-0.187
21.731,S,253509,0.281,0.937,-0.281
21.751,S,253530,0.234,0.937,-0.234
21.780,S,253559,0.281,0.890,-0.234
21.801,S,253580,0.281,0.890,-0.234
21.830,S,253609,0.234,0.890,-0.234
21.852,S,253632,0.234,0.890,-0.234
21.882,S,253661,0.234,0.984,-0.234
21.917,READY
21.923,M,STILL
21.953,S,253731,0.234,0.984,-0.234
21.975,S,253753,0.234,0.984,-0.234
22.005,S,253782,0.281,0.984,-0.234
22.027,S,253805,0.281,0.937,-0.234
22.055,S,253834,0.234,0.937,-0.234
22.078,S,253856,0.328,0.937,-0.140
22.108,S,253885,0.234,0.890,-0.281
22.128,S,253906,0.328,0.984,-0.234
22.156,S,253935,0.281,0.937,-0.234
22.179,S,253956,0.281,0.890,-0.234
22.207,S,253985,0.234,0.937,-0.234
22.230,S,254007,0.328,0.984,-0.234
22.259,S,254036,0.281,0.984,-0.234
22.288,S,254066,0.281,0.984,-0.281
22.310,S,254088,0.328,0.937,-0.234
22.340,S,254116,0.281,1.031,-0.187
22.360,S,254138,0.234,0.937,-0.234
22.389,S,254167,0.234,0.937,-0.187
22.411,S,254188,0.281,0.890,-0.281
22.440,S,254217,0.281,0.937,-0.140
22.462,S,254238,0.281,0.890,-0.234
22.490,S,254268,0.234,0.937,-0.234
22.512,S,254290,0.234,0.890,-0.234
22.542,S,254319,0.281,0.890,-0.234
22.564,S,254341,0.281,0.984,-0.234
22.593,S,254370,0.328,0.937,-0.234
22.615,S,254392,0.234,0.937,-0.234
22.644,S,254421,0.234,0.984,-0.234
22.667,S,254443,0.328,0.937,-0.234
22.695,S,254472,0.234,0.937,-0.187
22.717,S,254494,0.281,0.937,-0.234
22.746,S,254523,0.234,0.937,-0.281
22.776,S,254553,0.234,0.984,-0.234
22.799,S,254576,0.328,0.984,-0.281
22.829,S,254606,0.281,0.937,-0.234
22.851,S,254628,0.281,0.890,-0.281
22.880,S,254657,0.328,0.937,-0.187
22.910,S,254687,0.281,0.937,-0.234
22.945,READY
22.951,M,STILL
22.980,S,254757,0.281,0.937,-0.234
23.003,S,254779,0.234,0.890,-0.187
23.033,S,254810,0.328,0.984,-0.234
23.062,S,254839,0.281,0.937,-0.281
23.084,S,254861,0.281,0.984,-0.234
23.114,S,254890,0.281,0.984,-0.281
23.144,S,254920,0.234,0.843,-0.187
23.166,S,254942,0.281,0.937,-0.234
23.195,S,254971,0.328,0.890,-0.234
23.224,S,255000,0.281,0.937,-0.234
23.246,S,255022,0.234,0.937,-0.281
23.276,S,255051,0.328,0.890,-0.281
23.297,S,255074,0.234,0.984,-0.234
23.325,S,255102,0.281,0.984,-0.234
23.356,S,255133,0.281,0.890,-0.234
23.377,S,255155,0.234,0.890,-0.234
23.407,S,255184,0.281,0.984,-0.234
23.429,S,255206,0.281,0.984,-0.234
23.459,S,255237,0.281,0.937,-0.234
23.482,S,255259,0.234,0.890,-0.234
23.513,S,255289,0.328,0.937,-0.281
23.534,S,255311,0.281,0.890,-0.234
23.564,S,255340,0.281,0.984,-0.234
23.585,S,255362,0.328,0.890,-0.281
23.615,S,255391,0.281,0.890,-0.234
23.637,S,255413,0.281,0.890,-0.281
23.665,S,255441,0.281,0.937,-0.281
23.688,S,255462,0.281,0.890,-0.281
23.708,S,255484,0.281,0.937,-0.234
23.736,S,255512,0.328,0.984,-0.234
23.758,S,255534,0.234,0.937,-0.281
23.787,S,255563,0.281,0.984,-0.234
23.809,S,255585,0.281,0.937,-0.234
23.838,S,255614,0.281,0.890,-0.281
23.860,S,255636,0.281,0.937,-0.281
23.888,S,255665,0.328,0.890,-0.187
23.911,S,255687,0.281,0.890,-0.234
23.945,READY
23.953,M,STILL
23.982,S,255759,0.281,0.937,-0.234
24.004,S,255781,0.281,0.890,-0.281
24.033,S,255810,0.234,0.937,-0.234
24.055,S,255832,0.328,0.937,-0.234
24.084,S,255861,0.281,0.890,-0.281
24.114,S,255891,0.281,0.984,-0.234
24.136,S,255913,0.328,0.937,-0.234
24.165,S,255942,0.281,0.937,-0.234
24.187,S,255964,0.281,0.890,-0.281
24.217,S,255993,0.281,0.937,-0.281
24.522,S,256015,0.375,0.890,-0.281
24.524,S,256043,0.281,0.937,-0.234
24.525,S,256065,0.234,0.937,-0.234
24.527,S,256094,0.281,0.937,-0.281
24.528,S,256116,0.328,0.937,-0.281
24.529,S,256145,0.234,0.984,-0.234
24.531,S,256175,0.281,0.890,-0.187
24.532,S,256197,0.328,0.890,-0.234
24.533,S,256226,0.281,0.937,-0.281
24.534,S,256248,0.281,0.890,-0.281
24.535,S,256277,0.328,0.843,-0.234
24.537,S,256299,0.281,0.890,-0.375
24.553,S,256328,0.328,0.890,-0.281
24.583,S,256358,0.281,0.984,-0.328
24.612,S,256380,0.281,0.890,-0.281
24.632,S,256409,0.281,0.937,-0.281
24.655,S,256431,0.328,0.984,-0.281
24.684,S,256460,0.328,0.890,-0.234
24.705,S,256482,0.375,0.890,-0.328
24.734,S,256511,0.375,0.937,-0.234
24.757,S,256533,0.421,0.750,-0.234
24.763,M,MOVING
24.792,S,256569,0.421,0.750,-0.234
24.815,S,256591,0.375,0.468,-0.140
24.843,S,256619,0.234,0.000,-0.234
24.865,S,256641,-0.796,1.453,0.421
24.894,S,256670,0.093,0.843,-0.515
24.900,M,WRITING
24.928,S,256705,0.000,0.937,-0.281
24.963,READY
24.969,M,WRITING
24.997,S,256774,0.281,1.453,-0.187
25.020,S,256796,0.281,0.796,-0.046
25.050,S,256825,0.375,0.796,-0.187
25.073,S,256847,0.375,0.937,-0.281
25.102,S,256876,0.328,0.796,-0.281
25.123,S,256898,0.328,0.750,-0.328
25.152,S,256927,0.375,0.843,-0.375
25.175,S,256949,0.328,0.890,-0.328
25.204,S,256979,0.375,0.843,-0.234
25.227,S,257001,0.375,0.890,-0.234
25.255,S,257030,0.375,0.937,-0.187
25.278,S,257052,0.328,0.984,-0.234
25.306,S,257081,0.375,0.843,-0.234
25.328,S,257102,0.328,0.843,-0.281
25.356,S,257131,0.375,0.984,-0.328
25.379,S,257153,0.328,0.843,-0.328
25.407,S,257182,0.328,0.937,-0.281
25.430,S,257204,0.328,0.937,-0.328
25.458,S,257233,0.375,0.937,-0.281
25.463,M,MOVING
25.492,S,257267,0.328,0.890,-0.328
25.513,S,257288,0.375,0.843,-0.281
25.535,S,257310,0.328,0.890,-0.234
25.565,S,257339,0.375,0.890,-0.281
25.587,S,257361,0.375,0.937,-0.281
25.615,S,257390,0.375,0.937,-0.234
25.638,S,257412,0.328,0.890,-0.328
25.667,S,257441,0.328,0.843,-0.328
25.688,S,257462,0.421,0.843,-0.328
25.717,S,257491,0.421,0.937,-0.328
25.745,S,257518,0.375,0.937,-0.281
25.765,S,257540,0.375,0.890,-0.281
25.787,S,257562,0.375,0.937,-0.281
25.808,S,257583,0.328,0.937,-0.281
25.837,S,257612,0.375,0.890,-0.234
25.860,S,257634,0.375,0.843,-0.281
25.888,S,257663,0.328,0.843,-0.281
25.911,S,257685,0.328,0.890,-0.281
25.940,S,257714,0.375,0.890,-0.328
25.975,READY
25.981,M,MOVING
26.008,S,257783,0.328,0.937,-0.328
26.032,S,257806,0.328,0.937,-0.281
26.060,S,257835,0.328,0.937,-0.281
26.082,S,257857,0.328,0.937,-0.281
26.112,S,257886,0.328,0.937,-0.281
26.133,S,257907,0.375,0.984,-0.281
26.138,M,STILL
26.169,S,257942,0.328,0.796,-0.281
26.190,S,257964,0.375,0.937,-0.328
26.219,S,257993,0.234,0.937,-0.328
26.242,S,258015,0.375,0.890,-0.328
26.269,S,258044,0.328,0.937,-0.281
26.292,S,258066,0.375,0.890,-0.281
26.320,S,258096,0.375,0.890,-0.328
26.350,S,258125,0.328,0.890,-0.234
26.372,S,258147,0.328,0.937,-0.281
26.401,S,258176,0.328,0.890,-0.281
26.432,S,258206,0.281,0.937,-0.234
26.454,S,258229,0.328,0.843,-0.281
26.481,S,258257,0.328,0.937,-0.281
26.504,S,258279,0.328,0.843,-0.328
26.534,S,258308,0.328,0.890,-0.281
26.556,S,258330,0.281,0.890,-0.328
26.585,S,258359,0.328,0.890,-0.187
26.616,S,258390,0.375,0.890,-0.328
26.638,S,258412,0.375,0.890,-0.281
26.668,S,258441,0.375,0.890,-0.281
26.690,S,258463,0.328,0.796,-0.281
26.719,S,258492,0.328,0.843,-0.328
26.740,S,258513,0.328,0.890,-0.281
26.769,S,258542,0.328,0.890,-0.281
26.791,S,258564,0.328,0.937,-0.328
26.820,S,258593,0.328,0.890,-0.281
26.842,S,258615,0.328,0.890,-0.234
26.871,S,258645,0.421,0.937,-0.281
26.894,S,258667,0.328,0.890,-0.281
26.922,S,258696,0.328,0.984,-0.281
26.945,S,258718,0.328,0.890,-0.328
26.977,READY
26.984,M,STILL
27.012,S,258785,0.328,0.937,-0.234
27.034,S,258807,0.328,0.890,-0.328
27.063,S,258836,0.375,0.890,-0.328
27.085,S,258858,0.375,0.890,-0.281
27.112,S,258886,0.375,0.890,-0.281
27.135,S,258908,0.375,0.937,-0.281
27.164,S,258937,0.328,0.890,-0.281
27.187,S,258959,0.328,0.937,-0.281
27.216,S,258989,0.375,0.937,-0.328
27.238,S,259011,0.375,0.890,-0.281
27.267,S,259040,0.328,0.843,-0.281
27.289,S,259062,0.328,0.890,-0.281
27.318,S,259091,0.328,0.890,-0.234
27.340,S,259113,0.375,0.937,-0.281
27.368,S,259142,0.328,0.890,-0.234
27.389,S,259163,0.281,0.937,-0.234
27.419,S,259192,0.328,0.843,-0.281
27.449,S,259222,0.375,0.890,-0.234
27.478,S,259252,0.328,0.843,-0.281
27.501,S,259274,0.328,0.937,-0.281
27.529,S,259302,0.375,0.890,-0.281
27.551,S,259324,0.375,0.937,-0.281
27.581,S,259353,0.328,0.937,-0.281
27.603,S,259375,0.375,0.937,-0.281
27.631,S,259404,0.421,0.890,-0.281
27.655,S,259426,0.375,0.890,-0.281
27.683,S,259455,0.328,0.937,-0.328
27.704,S,259477,0.375,0.890,-0.328
27.734,S,259507,0.375,0.890,-0.328
27.764,S,259537,0.375,0.890,-0.234
27.785,S,259558,0.375,0.890,-0.281
27.814,S,259587,0.328,0.890,-0.281
27.836,S,259609,0.421,0.890,-0.281
27.865,S,259638,0.375,0.937,-0.281
27.888,S,259661,0.328,0.843,-0.234
27.917,S,259690,0.375,0.890,-0.281
27.940,S,259712,0.375,0.984,-0.281
27.969,S,259741,0.328,0.890,-0.234
28.003,READY
28.009,M,STILL
28.038,S,259810,0.328,0.890,-0.281
28.060,S,259832,0.375,0.890,-0.234
28.088,S,259861,0.375,0.890,-0.234
28.110,S,259883,0.328,0.937,-0.281
28.139,S,259912,0.375,0.890,-0.234
28.163,S,259934,0.328,0.937,-0.281
28.192,S,259964,0.328,0.890,-0.234
28.215,S,259987,0.375,0.890,-0.234
28.243,S,260015,0.375,0.937,-0.281
28.553,S,260037,0.281,0.937,-0.281
28.554,S,260067,0.375,0.890,-0.281
28.555,S,260089,0.421,0.843,-0.328
28.556,S,260117,0.328,0.937,-0.281
28.556,S,260139,0.375,0.937,-0.281
28.557,S,260168,0.328,0.890,-0.281
28.558,S,260190,0.375,0.937,-0.281
28.559,S,260219,0.328,0.890,-0.281
28.560,S,260241,0.328,0.890,-0.281
28.561,S,260270,0.375,0.843,-0.328
28.562,S,260298,0.375,0.937,-0.234
28.563,S,260322,0.328,0.890,-0.281
28.578,S,260351,0.328,0.890,-0.281
28.599,S,260372,0.328,0.937,-0.281
28.628,S,260401,0.375,0.890,-0.281
28.650,S,260423,0.375,0.937,-0.281
28.679,S,260452,0.328,0.937,-0.281
28.704,S,260473,0.328,0.890,-0.281
28.730,S,260503,0.375,0.937,-0.281
28.759,S,260532,0.328,0.984,-0.328
28.780,S,260553,0.281,0.937,-0.375
28.807,S,260580,0.421,0.843,-0.281
28.829,S,260602,0.468,0.796,-0.234
28.851,S,260624,0.515,0.796,-0.187
28.879,S,260652,0.468,0.750,-0.187
28.884,M,MOVING
28.912,S,260684,0.562,0.281,-0.140
28.935,S,260706,0.421,0.046,-0.187
28.956,S,260728,0.093,0.328,-0.093
28.962,M,WRITING
28.993,S,260764,0.000,0.656,-0.421
29.027,READY
29.034,M,WRITING
29.062,S,260833,0.234,1.031,-0.328
29.084,S,260855,0.281,1.406,-0.234
29.113,S,260884,0.234,0.750,-0.046
29.134,S,260905,0.328,0.796,-0.187
29.162,S,260933,0.375,0.890,-0.187
29.185,S,260955,0.281,0.984,-0.281
29.215,S,260985,0.328,0.937,-0.328
29.235,S,261006,0.281,0.796,-0.328
29.264,S,261035,0.328,0.890,-0.234
29.285,S,261056,0.328,0.984,-0.281
29.312,S,261083,0.281,1.031,-0.234
29.334,S,261104,0.375,0.890,-0.187
29.355,S,261127,0.328,0.843,-0.234
29.383,S,261154,0.375,0.890,-0.281
29.404,S,261176,0.375,0.937,-0.281
29.434,S,261205,0.328,0.890,-0.281
29.456,S,261227,0.375,0.890,-0.328
29.486,S,261256,0.328,0.937,-0.234
29.508,S,261278,0.375,0.984,-0.234
29.536,S,261307,0.328,0.937,-0.234
29.541,M,MOVING
29.572,S,261343,0.328,0.890,-0.281
29.595,S,261365,0.375,0.937,-0.234
29.622,S,261393,0.375,0.937,-0.187
29.644,S,261415,0.375,0.937,-0.328
29.674,S,261444,0.375,0.890,-0.234
29.696,S,261466,0.375,0.796,-0.234
29.725,S,261495,0.375,0.937,-0.281
29.747,S,261517,0.421,0.890,-0.234
29.776,S,261546,0.375,0.937,-0.234
29.798,S,261568,0.375,0.890,-0.234
29.827,S,261597,0.328,0.890,-0.281
29.847,S,261618,0.375,0.890,-0.281
29.868,S,261639,0.421,0.890,-0.281
29.897,S,261668,0.421,0.843,-0.281
29.920,S,261690,0.328,0.890,-0.281
29.947,S,261718,0.421,0.890,-0.234
29.970,S,261740,0.375,0.937,-0.234
30.001,S,261769,0.328,0.890,-0.281
30.034,READY
30.040,M,MOVING
30.070,S,261840,0.328,0.937,-0.234
30.092,S,261862,0.328,0.937,-0.281
30.120,S,261891,0.328,0.890,-0.281
30.143,S,261913,0.375,0.937,-0.234
30.148,M,STILL
30.178,S,261949,0.375,0.937,-0.234
30.201,S,261971,0.328,0.843,-0.328
30.229,S,262000,0.281,0.890,-0.281
30.252,S,262022,0.328,0.937,-0.187
30.281,S,262051,0.375,0.937,-0.281
30.304,S,262073,0.375,0.890,-0.281
30.332,S,262102,0.328,0.890,-0.281
30.354,S,262123,0.375,0.937,-0.281
30.382,S,262152,0.328,0.937,-0.234
30.404,S,262174,0.328,0.890,-0.281
30.433,S,262203,0.421,0.890,-0.281
30.455,S,262225,0.328,0.937,-0.234
30.483,S,262253,0.328,0.890,-0.281
30.506,S,262276,0.328,0.937,-0.234
30.535,S,262305,0.375,0.890,-0.328
30.557,S,262327,0.375,0.890,-0.234
30.586,S,262356,0.375,0.937,-0.187
30.608,S,262378,0.328,0.937,-0.281
30.636,S,262406,0.375,0.937,-0.234
30.658,S,262428,0.421,0.890,-0.234
30.687,S,262457,0.375,0.937,-0.328
30.709,S,262479,0.375,0.890,-0.281
30.737,S,262507,0.375,0.890,-0.234
30.759,S,262528,0.328,0.843,-0.281
30.788,S,262558,0.375,0.890,-0.234
30.812,S,262580,0.328,0.890,-0.328
30.839,S,262609,0.375,0.984,-0.281
30.868,S,262639,0.375,0.937,-0.281
30.890,S,262661,0.375,0.843,-0.234
30.919,S,262690,0.421,0.937,-0.234
30.941,S,262712,0.375,0.937,-0.234
30.971,S,262741,0.328,0.843,-0.234
30.994,S,262763,0.281,0.937,-0.234
31.022,S,262793,0.328,0.937,-0.281
31.058,READY
31.065,M,STILL
31.093,S,262862,0.375,0.937,-0.281
31.115,S,262884,0.375,0.937,-0.281
31.144,S,262913,0.328,0.890,-0.281
31.167,S,262936,0.375,0.937,-0.328
31.194,S,262964,0.328,0.890,-0.234
31.217,S,262986,0.375,0.984,-0.234
31.244,S,263013,0.375,0.984,-0.281
31.266,S,263035,0.328,0.937,-0.234
31.288,S,263057,0.375,0.890,-0.234
31.317,S,263086,0.328,0.890,-0.234
31.339,S,263109,0.328,0.937,-0.281
31.368,S,263138,0.328,0.937,-0.234
31.390,S,263160,0.375,0.890,-0.234
31.419,S,263189,0.375,0.937,-0.234
31.439,S,263210,0.328,0.937,-0.234
31.469,S,263239,0.328,0.890,-0.281
31.491,S,263261,0.375,0.843,-0.281
31.520,S,263289,0.375,0.937,-0.281
31.542,S,263312,0.328,0.890,-0.328
31.572,S,263342,0.328,0.890,-0.281
31.594,S,263364,0.328,0.937,-0.281
31.624,S,263393,0.375,0.937,-0.187
31.646,S,263415,0.375,0.937,-0.328
31.675,S,263444,0.375,0.937,-0.234
31.697,S,263466,0.375,0.890,-0.234
31.726,S,263495,0.375,0.890,-0.281
31.756,S,263525,0.375,0.937,-0.281
31.778,S,263547,0.375,0.890,-0.234
31.807,S,263576,0.375,0.843,-0.281
31.830,S,263598,0.328,0.890,-0.234
31.859,S,263627,0.375,0.890,-0.281
31.884,S,263650,0.281,0.937,-0.234
31.910,S,263680,0.375,0.890,-0.234
31.932,S,263702,0.328,0.843,-0.328
31.960,S,263730,0.328,0.984,-0.234
31.983,S,263752,0.375,0.937,-0.234
32.012,S,263781,0.375,0.890,-0.234
32.034,S,263803,0.375,0.984,-0.281
32.070,READY
32.076,M,STILL
32.106,S,263874,0.375,0.843,-0.281
32.128,S,263896,0.375,0.937,-0.234
32.156,S,263925,0.328,0.984,-0.281
32.179,S,263947,0.375,0.890,-0.281
32.208,S,263976,0.375,0.890,-0.234
32.230,S,263998,0.421,0.937,-0.234
32.260,S,264027,0.375,0.890,-0.281
32.566,S,264050,0.328,0.937,-0.281
32.567,S,264077,0.375,0.890,-0.281
32.568,S,264100,0.375,0.937,-0.281
32.569,S,264121,0.375,0.890,-0.234
32.571,S,264151,0.328,0.890,-0.281
32.572,S,264173,0.375,0.890,-0.281
32.573,S,264202,0.375,0.937,-0.281
32.574,S,264224,0.328,0.890,-0.281
32.575,S,264253,0.375,0.937,-0.281
32.576,S,264275,0.375,0.937,-0.234
32.577,S,264304,0.421,0.890,-0.281
32.578,S,264326,0.328,0.890,-0.234
32.586,S,264355,0.375,0.890,-0.281
32.607,S,264376,0.375,0.937,-0.234
32.636,S,264405,0.375,0.890,-0.234
32.658,S,264427,0.375,0.937,-0.328
32.687,S,264456,0.328,0.984,-0.281
32.710,S,264478,0.375,0.937,-0.281
32.738,S,264506,0.375,0.843,-0.281
32.760,S,264529,0.421,0.984,-0.328
32.789,S,264558,0.421,0.796,-0.187
32.819,S,264588,0.515,0.796,-0.140
32.841,S,264610,0.468,0.843,-0.187
32.870,S,264639,0.515,0.703,-0.187
32.876,M,MOVING
32.905,S,264674,0.515,0.468,-0.187
32.927,S,264696,0.468,0.234,-0.093
32.957,S,264726,0.375,1.125,-0.421
32.980,S,264748,-0.140,0.750,-0.468
32.986,M,WRITING
33.014,S,264782,0.140,0.984,-0.234
33.036,S,264804,0.140,0.984,-0.234
33.071,READY
33.078,M,WRITING
33.106,S,264875,0.281,0.750,-0.140
33.128,S,264897,0.375,0.796,-0.093
33.157,S,264925,0.375,1.031,-0.234
33.179,S,264947,0.421,0.796,-0.234
33.207,S,264977,0.421,0.843,-0.234
33.229,S,264998,0.328,0.796,-0.234
33.258,S,265027,0.375,0.890,-0.281
33.280,S,265048,0.375,0.890,-0.234
33.309,S,265077,0.375,0.890,-0.187
33.331,S,265099,0.421,0.890,-0.187
33.360,S,265128,0.375,0.937,-0.187
33.383,S,265150,0.375,0.890,-0.234
33.412,S,265179,0.421,0.890,-0.281
33.434,S,265202,0.421,0.937,-0.234
33.464,S,265231,0.375,0.890,-0.281
33.486,S,265253,0.421,0.890,-0.281
33.515,S,265281,0.375,0.937,-0.187
33.519,M,MOVING
33.551,S,265317,0.421,0.890,-0.234
33.572,S,265339,0.375,0.843,-0.234
33.601,S,265368,0.421,0.937,-0.234
33.623,S,265390,0.421,0.890,-0.234
33.651,S,265418,0.375,0.890,-0.234
33.673,S,265440,0.421,0.890,-0.234
33.679,M,STILL
33.709,S,265476,0.421,0.890,-0.187
33.740,S,265506,0.375,0.937,-0.328
33.762,S,265528,0.375,0.890,-0.187
33.790,S,265556,0.375,0.937,-0.281
33.819,S,265585,0.328,0.937,-0.234
33.849,S,265616,0.375,0.937,-0.234
33.871,S,265638,0.375,0.890,-0.281
33.899,S,265666,0.421,0.937,-0.234
33.922,S,265688,0.421,0.937,-0.234
33.947,S,265715,0.375,0.796,-0.234
33.969,S,265737,0.421,0.890,-0.234
33.992,S,265759,0.421,0.890,-0.281
34.023,S,265788,0.375,0.890,-0.281
34.052,S,265819,0.375,0.937,-0.234
34.087,READY
34.093,M,STILL
34.123,S,265889,0.328,0.843,-0.234
34.145,S,265911,0.375,0.890,-0.234
34.172,S,265938,0.421,0.890,-0.234
34.194,S,265960,0.375,0.890,-0.234
34.216,S,265983,0.421,0.937,-0.234
34.244,S,266010,0.375,0.890,-0.234
34.267,S,266033,0.421,0.890,-0.234
34.297,S,266062,0.421,0.890,-0.234
34.316,S,266082,0.375,0.890,-0.234
34.345,S,266111,0.421,0.890,-0.234
34.367,S,266134,0.421,0.890,-0.234
34.395,S,266161,0.375,0.937,-0.234
34.417,S,266184,0.375,0.890,-0.234
34.446,S,266212,0.421,0.890,-0.234
34.467,S,266234,0.468,0.890,-0.234
34.495,S,266262,0.421,0.937,-0.234
34.517,S,266283,0.375,0.890,-0.234
34.539,S,266305,0.375,0.937,-0.234
34.568,S,266335,0.328,0.937,-0.234
34.596,S,266363,0.328,0.890,-0.281
34.620,S,266385,0.375,0.890,-0.234
34.648,S,266414,0.328,0.937,-0.234
34.670,S,266436,0.375,0.937,-0.234
34.699,S,266465,0.421,0.890,-0.234
34.721,S,266487,0.421,0.843,-0.187
34.750,S,266516,0.421,0.890,-0.234
34.772,S,266538,0.375,0.843,-0.234
34.801,S,266567,0.375,0.843,-0.281
34.823,S,266589,0.375,0.890,-0.234
34.852,S,266618,0.375,0.937,-0.234
34.875,S,266641,0.375,0.890,-0.234
34.903,S,266669,0.375,0.890,-0.234
34.925,S,266691,0.421,0.937,-0.234
34.952,S,266718,0.375,0.937,-0.234
34.974,S,266740,0.328,0.843,-0.234
34.997,S,266762,0.421,0.890,-0.281
35.025,S,266791,0.375,0.937,-0.234
35.047,S,266813,0.421,0.843,-0.187
35.075,S,266841,0.328,0.843,-0.234
35.109,READY
35.117,M,STILL
35.146,S,266911,0.421,0.937,-0.187
35.168,S,266934,0.375,0.937,-0.234
35.196,S,266962,0.375,0.890,-0.234
35.219,S,266984,0.375,0.843,-0.234
35.246,S,267012,0.421,0.890,-0.234
35.269,S,267034,0.421,0.843,-0.281
35.297,S,267062,0.328,0.937,-0.234
35.318,S,267084,0.375,0.843,-0.187
35.340,S,267105,0.328,0.890,-0.187
35.367,S,267133,0.421,0.937,-0.281
35.388,S,267155,0.421,0.890,-0.234
35.410,S,267176,0.375,0.843,-0.234
35.430,S,267196,0.375,0.890,-0.187
35.457,S,267223,0.375,0.890,-0.187
35.478,S,267245,0.468,0.937,-0.234
35.500,S,267266,0.421,0.937,-0.234
35.522,S,267288,0.421,0.843,-0.234
35.551,S,267317,0.328,0.890,-0.187
35.573,S,267339,0.421,0.890,-0.234
35.602,S,267368,0.421,0.937,-0.234
35.624,S,267390,0.421,0.890,-0.234
35.653,S,267419,0.421,0.890,-0.234
35.675,S,267441,0.375,0.890,-0.234
35.705,S,267471,0.421,0.890,-0.234
35.734,S,267500,0.375,0.937,-0.281
35.757,S,267522,0.375,0.890,-0.234
35.784,S,267550,0.375,0.937,-0.187
35.807,S,267572,0.375,0.937,-0.187
35.834,S,267599,0.421,0.890,-0.281
35.857,S,267621,0.468,0.937,-0.281
35.886,S,267651,0.421,0.937,-0.187
35.908,S,267673,0.375,0.890,-0.234
35.937,S,267702,0.375,0.937,-0.281
35.959,S,267724,0.421,0.890,-0.281
35.988,S,267753,0.375,0.890,-0.234
36.010,S,267775,0.421,0.937,-0.281
36.039,S,267804,0.421,0.890,-0.234
36.060,S,267826,0.375,0.890,-0.234
36.089,S,267854,0.421,0.890,-0.234
36.124,READY
36.132,M,STILL
36.160,S,267925,0.421,0.937,-0.234
36.183,S,267947,0.421,0.890,-0.187
36.212,S,267977,0.421,0.890,-0.187
36.236,S,267999,0.375,0.843,-0.234
36.264,S,268028,0.421,0.984,-0.234
36.571,S,268050,0.328,0.843,-0.187
36.572,S,268079,0.421,0.937,-0.234
36.574,S,268109,0.421,0.890,-0.234
36.575,S,268131,0.421,0.937,-0.328
36.577,S,268160,0.375,0.890,-0.234
36.578,S,268182,0.375,0.890,-0.234
36.580,S,268211,0.421,0.890,-0.234
36.581,S,268234,0.375,0.890,-0.187
36.582,S,268263,0.375,0.843,-0.234
36.583,S,268285,0.375,0.937,-0.234
36.584,S,268314,0.421,0.937,-0.234
36.586,S,268336,0.421,0.843,-0.281
36.600,S,268365,0.421,0.890,-0.234
36.630,S,268395,0.421,0.937,-0.187
36.654,S,268417,0.421,0.937,-0.234
36.681,S,268446,0.421,0.937,-0.281
36.709,S,268474,0.375,0.937,-0.234
36.731,S,268497,0.421,0.937,-0.234
36.761,S,268526,0.421,0.890,-0.281
36.791,S,268556,0.468,0.890,-0.281
36.813,S,268578,0.562,0.656,-0.234
36.842,S,268607,0.562,0.656,-0.187
36.863,S,268628,0.609,0.609,-0.140
36.869,M,MOVING
36.899,S,268664,0.562,0.187,-0.140
36.919,S,268685,0.093,0.562,-0.281
36.949,S,268714,-1.218,1.312,0.046
36.956,M,WRITING
36.987,S,268751,0.046,0.937,-0.140
37.008,S,268773,0.046,0.937,-0.234
37.038,S,268802,0.187,1.406,-0.328
37.060,S,268824,0.093,1.078,-0.093
37.089,S,268853,0.375,0.843,-0.093
37.123,READY
37.129,M,WRITING
37.157,S,268921,0.375,0.796,-0.187
37.179,S,268943,0.375,0.750,-0.187
37.208,S,268972,0.375,0.937,-0.281
37.231,S,268994,0.328,0.937,-0.281
37.258,S,269022,0.375,0.937,-0.234
37.280,S,269044,0.375,0.890,-0.187
37.309,S,269072,0.328,0.984,-0.234
37.330,S,269093,0.375,0.937,-0.187
37.359,S,269122,0.328,0.937,-0.281
37.380,S,269143,0.421,0.890,-0.281
37.408,S,269171,0.421,0.937,-0.187
37.430,S,269194,0.375,0.937,-0.187
37.459,S,269222,0.375,0.890,-0.281
37.481,S,269244,0.421,0.890,-0.234
37.502,S,269266,0.468,0.890,-0.187
37.532,S,269295,0.375,0.890,-0.234
37.554,S,269317,0.328,0.890,-0.234
37.559,M,MOVING
37.590,S,269353,0.375,0.890,-0.234
37.612,S,269375,0.421,0.937,-0.234
37.640,S,269404,0.421,0.890,-0.187
37.669,S,269433,0.375,0.937,-0.234
37.691,S,269456,0.375,0.937,-0.234
37.719,S,269484,0.375,0.890,-0.187
37.742,S,269506,0.375,0.843,-0.187
37.771,S,269535,0.375,0.890,-0.187
37.777,M,STILL
37.808,S,269571,0.421,0.890,-0.187
37.828,S,269592,0.328,0.937,-0.234
37.858,S,269621,0.375,0.890,-0.187
37.887,S,269651,0.375,0.937,-0.187
37.909,S,269672,0.375,0.890,-0.234
37.937,S,269700,0.375,0.890,-0.187
37.958,S,269721,0.421,0.937,-0.234
37.980,S,269743,0.375,0.843,-0.140
38.007,S,269770,0.375,0.937,-0.234
38.028,S,269792,0.375,0.890,-0.187
38.058,S,269821,0.421,0.937,-0.234
38.081,S,269843,0.375,0.937,-0.234
38.108,S,269871,0.375,0.890,-0.140
38.142,READY
38.149,M,STILL
38.178,S,269941,0.375,0.937,-0.187
38.200,S,269963,0.375,0.890,-0.187
38.229,S,269992,0.375,0.843,-0.234
38.251,S,270014,0.328,0.890,-0.187
38.280,S,270043,0.375,0.890,-0.187
38.304,S,270065,0.375,0.890,-0.187
38.332,S,270094,0.421,0.890,-0.234
38.354,S,270116,0.375,0.890,-0.234
38.383,S,270145,0.328,0.984,-0.187
38.405,S,270167,0.375,0.890,-0.234
38.433,S,270195,0.375,0.890,-0.187
38.455,S,270217,0.328,0.984,-0.187
38.484,S,270246,0.375,0.937,-0.234
38.506,S,270268,0.375,0.937,-0.187
38.534,S,270297,0.328,0.937,-0.234
38.556,S,270319,0.421,0.937,-0.187
38.586,S,270349,0.375,0.890,-0.234
38.616,S,270379,0.421,0.890,-0.187
38.638,S,270401,0.375,0.843,-0.234
38.667,S,270429,0.328,0.937,-0.187
38.690,S,270451,0.375,0.890,-0.187
38.718,S,270480,0.421,0.937,-0.187
38.741,S,270503,0.375,0.890,-0.187
38.770,S,270532,0.375,0.843,-0.187
38.792,S,270553,0.421,0.890,-0.234
38.821,S,270582,0.375,0.937,-0.187
38.843,S,270604,0.421,0.843,-0.234
38.871,S,270633,0.328,0.984,-0.234
38.901,S,270663,0.375,0.890,-0.234
38.923,S,270685,0.375,0.890,-0.187
38.952,S,270714,0.375,0.937,-0.234
38.973,S,270735,0.328,0.890,-0.234
39.003,S,270764,0.421,0.843,-0.234
39.025,S,270786,0.421,0.890,-0.234
39.053,S,270816,0.375,0.890,-0.187
39.076,S,270838,0.375,0.937,-0.234
39.105,S,270867,0.421,0.890,-0.187
39.128,S,270889,0.421,0.937,-0.187
39.162,READY
39.168,M,STILL
39.198,S,270959,0.375,0.890,-0.187
39.219,S,270981,0.375,0.843,-0.187
39.245,S,271007,0.421,0.984,-0.234
39.268,S,271029,0.375,0.937,-0.234
39.296,S,271057,0.375,0.937,-0.187
39.316,S,271079,0.328,0.890,-0.187
39.338,S,271100,0.375,0.890,-0.187
39.365,S,271128,0.421,0.890,-0.234
39.387,S,271149,0.375,0.937,-0.234
39.408,S,271171,0.375,0.937,-0.234
39.437,S,271200,0.421,0.890,-0.187
39.459,S,271221,0.421,0.937,-0.234
39.487,S,271249,0.375,0.937,-0.234
39.508,S,271271,0.375,0.890,-0.187
39.536,S,271298,0.375,0.890,-0.234
39.559,S,271320,0.375,0.890,-0.234
39.580,S,271342,0.375,0.843,-0.234
39.609,S,271371,0.375,0.984,-0.234
39.631,S,271393,0.328,0.937,-0.187
39.660,S,271421,0.375,0.937,-0.187
39.682,S,271444,0.328,0.937,-0.187
39.711,S,271473,0.375,0.937,-0.234
39.733,S,271495,0.375,0.937,-0.187
39.762,S,271523,0.375,0.890,-0.234
39.784,S,271545,0.375,0.937,-0.281
39.813,S,271574,0.328,0.984,-0.234
39.835,S,271596,0.375,0.843,-0.234
39.865,S,271626,0.375,0.890,-0.234
39.886,S,271648,0.375,0.890,-0.234
39.915,S,271677,0.375,0.937,-0.234
39.936,S,271699,0.375,0.937,-0.281
39.966,S,271728,0.421,0.890,-0.187
39.988,S,271750,0.375,0.937,-0.234
40.017,S,271779,0.375,0.890,-0.187
40.039,S,271801,0.421,0.890,-0.187
40.068,S,271830,0.328,0.890,-0.187
40.090,S,271852,0.375,0.843,-0.234
40.120,S,271881,0.375,0.937,-0.281
40.142,S,271903,0.421,0.843,-0.234
40.177,READY
40.184,M,STILL
40.213,S,271974,0.375,0.937,-0.234
40.236,S,271996,0.375,0.937,-0.234
40.265,S,272025,0.421,0.843,-0.234
40.571,S,272047,0.421,0.890,-0.234
40.573,S,272076,0.421,0.843,-0.234
40.574,S,272098,0.421,0.890,-0.187
40.575,S,272127,0.375,0.890,-0.234
40.576,S,272148,0.375,0.890,-0.234
40.577,S,272170,0.421,0.937,-0.187
40.579,S,272199,0.328,0.937,-0.234
40.580,S,272221,0.375,0.890,-0.234
40.581,S,272250,0.375,0.937,-0.187
40.583,S,272272,0.375,0.890,-0.234
40.584,S,272301,0.375,0.843,-0.234
40.585,S,272323,0.421,0.937,-0.187
40.591,S,272352,0.375,0.890,-0.234
40.621,S,272382,0.468,0.937,-0.187
40.643,S,272404,0.421,0.890,-0.234
40.671,S,272432,0.421,0.984,-0.187
40.694,S,272454,0.375,0.984,-0.281
40.724,S,272484,0.328,0.937,-0.234
40.746,S,272507,0.421,0.843,-0.234
40.775,S,272537,0.375,0.937,-0.328
40.797,S,272559,0.375,0.890,-0.234
40.827,S,272588,0.375,0.937,-0.234
40.847,S,272609,0.421,0.750,-0.140
40.876,S,272638,0.468,0.421,-0.140
40.897,S,272659,0.515,0.375,-0.046
40.919,S,272680,0.187,0.562,-0.281
40.948,S,272709,-1.031,1.406,0.234
40.954,M,WRITING
40.984,S,272745,0.046,0.937,-0.187
41.005,S,272766,0.046,0.984,-0.234
41.033,S,272794,0.140,0.937,-0.328
41.055,S,272816,0.187,1.406,-0.281
41.085,S,272845,0.234,0.937,-0.093
41.107,S,272867,0.281,0.750,-0.140
41.136,S,272896,0.468,0.890,-0.234
41.158,S,272918,0.375,0.843,-0.187
41.193,READY
41.201,M,WRITING
41.230,S,272990,0.421,0.843,-0.281
41.253,S,273012,0.375,0.937,-0.234
41.282,S,273041,0.421,0.796,-0.187
41.304,S,273063,0.375,0.843,-0.140
41.332,S,273092,0.421,0.890,-0.187
41.355,S,273114,0.421,0.937,-0.234
41.382,S,273142,0.421,0.890,-0.234
41.405,S,273164,0.421,0.843,-0.281
41.433,S,273193,0.328,0.890,-0.234
41.455,S,273215,0.375,0.890,-0.281
41.485,S,273245,0.421,0.890,-0.328
41.507,S,273267,0.375,0.890,-0.234
41.536,S,273295,0.375,0.937,-0.234
41.556,S,273316,0.421,0.890,-0.187
41.562,M,MOVING
41.593,S,273352,0.421,0.890,-0.281
41.614,S,273373,0.421,0.843,-0.281
41.642,S,273402,0.421,0.843,-0.281
41.663,S,273423,0.375,0.890,-0.234
41.691,S,273452,0.375,0.890,-0.234
41.713,S,273474,0.421,0.984,-0.234
41.743,S,273503,0.421,0.890,-0.234
41.765,S,273525,0.421,0.890,-0.234
41.795,S,273554,0.421,0.843,-0.234
41.800,M,STILL
41.830,S,273590,0.421,0.890,-0.234
41.853,S,273612,0.468,0.890,-0.234
41.883,S,273642,0.375,0.890,-0.234
41.904,S,273663,0.375,0.890,-0.187
41.933,S,273692,0.421,0.890,-0.234
41.956,S,273714,0.421,0.843,-0.234
41.984,S,273743,0.421,0.890,-0.281
42.006,S,273765,0.468,0.843,-0.281
42.036,S,273795,0.421,0.890,-0.187
42.056,S,273816,0.375,0.890,-0.234
42.085,S,273844,0.375,0.890,-0.234
42.107,S,273866,0.375,0.890,-0.234
42.136,S,273896,0.375,0.843,-0.234
42.159,S,273918,0.421,0.890,-0.234
42.194,READY
42.201,M,STILL
42.231,S,273990,0.421,0.890,-0.281
42.251,S,274012,0.375,0.937,-0.281
42.279,S,274039,0.421,0.890,-0.234
42.300,S,274060,0.421,0.890,-0.234
42.322,S,274082,0.375,0.937,-0.234
42.351,S,274111,0.375,0.937,-0.187
42.374,S,274134,0.421,0.890,-0.281
42.403,S,274162,0.375,0.890,-0.234
42.425,S,274184,0.468,0.843,-0.234
42.454,S,274213,0.375,0.890,-0.234
42.475,S,274234,0.421,0.937,-0.234
42.504,S,274263,0.421,0.843,-0.234
42.526,S,274285,0.375,0.843,-0.234
42.554,S,274314,0.421,0.843,-0.234
42.577,S,274335,0.375,0.890,-0.281
42.606,S,274365,0.375,0.890,-0.234
42.636,S,274395,0.421,0.937,-0.234
42.659,S,274417,0.375,0.890,-0.281
42.687,S,274446,0.375,0.843,-0.234
42.710,S,274468,0.421,0.890,-0.234
42.739,S,274498,0.421,0.890,-0.234
42.762,S,274520,0.328,0.890,-0.234
42.789,S,274548,0.421,0.890,-0.234
42.812,S,274570,0.375,0.890,-0.187
42.841,S,274599,0.468,0.890,-0.234
42.862,S,274621,0.328,0.890,-0.281
42.891,S,274650,0.375,0.843,-0.234
42.912,S,274671,0.421,0.843,-0.187
42.941,S,274700,0.421,0.890,-0.281
42.963,S,274722,0.375,0.843,-0.234
42.991,S,274749,0.421,0.843,-0.234
43.013,S,274771,0.328,0.937,-0.234
43.041,S,274799,0.421,0.843,-0.234
43.062,S,274820,0.375,0.843,-0.234
43.084,S,274842,0.375,0.843,-0.234
43.112,S,274871,0.375,0.937,-0.234
43.135,S,274893,0.375,0.843,-0.234
43.164,S,274922,0.375,0.937,-0.234
43.197,READY
43.202,M,STILL
43.232,S,274990,0.421,0.937,-0.234
43.254,S,275012,0.375,0.890,-0.281
43.282,S,275040,0.375,0.937,-0.234
43.305,S,275062,0.375,0.890,-0.234
43.332,S,275090,0.421,0.890,-0.187
43.354,S,275111,0.375,0.890,-0.281
43.375,S,275134,0.421,0.890,-0.234
43.402,S,275160,0.421,0.890,-0.234
43.423,S,275182,0.375,0.890,-0.281
43.446,S,275205,0.375,0.890,-0.234
43.474,S,275233,0.375,0.890,-0.234
43.497,S,275255,0.328,0.890,-0.234
43.524,S,275283,0.375,0.890,-0.234
43.547,S,275304,0.375,0.890,-0.234
43.568,S,275326,0.421,0.890,-0.234
43.593,S,275352,0.375,0.890,-0.187
43.615,S,275373,0.375,0.937,-0.234
43.637,S,275395,0.328,0.937,-0.234
43.667,S,275424,0.375,0.890,-0.234
43.689,S,275446,0.421,0.937,-0.234
43.718,S,275476,0.375,0.890,-0.234
43.740,S,275498,0.421,0.890,-0.234
43.769,S,275527,0.375,0.890,-0.234
43.791,S,275549,0.375,0.890,-0.234
43.820,S,275577,0.375,0.843,-0.234
43.842,S,275599,0.421,0.890,-0.281
43.871,S,275628,0.375,0.937,-0.281
43.899,S,275657,0.421,0.890,-0.234
43.920,S,275677,0.375,0.890,-0.187
43.943,S,275699,0.375,0.937,-0.234
43.971,S,275729,0.421,0.843,-0.234
43.992,S,275750,0.468,0.890,-0.234
44.021,S,275779,0.328,0.890,-0.187
44.044,S,275801,0.375,0.890,-0.234
44.072,S,275830,0.421,0.937,-0.234
44.095,S,275852,0.375,0.937,-0.234
44.126,S,275881,0.421,0.890,-0.281
44.146,S,275903,0.375,0.937,-0.234
44.175,S,275932,0.421,0.890,-0.234
44.209,READY
44.215,M,STILL
44.243,S,276000,0.421,0.890,-0.234
44.265,S,276022,0.421,0.937,-0.234
44.292,S,276050,0.421,0.937,-0.234
44.622,S,276072,0.421,0.937,-0.234
44.623,S,276101,0.468,0.890,-0.281
44.624,S,276123,0.421,0.890,-0.281
44.625,S,276152,0.375,0.937,-0.234
44.625,S,276174,0.421,0.937,-0.234
44.626,S,276203,0.421,0.890,-0.187
44.627,S,276225,0.375,0.937,-0.234
44.628,S,276254,0.421,0.890,-0.234
44.629,S,276276,0.421,0.890,-0.187
44.629,S,276306,0.421,0.890,-0.234
44.630,S,276328,0.421,0.890,-0.234
44.631,S,276357,0.421,0.890,-0.234
44.632,S,276379,0.375,0.890,-0.234
44.651,S,276408,0.375,0.890,-0.281
44.681,S,276439,0.421,0.890,-0.234
44.710,S,276468,0.468,0.843,-0.234
44.732,S,276490,0.421,0.843,-0.234
44.759,S,276517,0.375,0.937,-0.187
44.781,S,276539,0.468,0.796,-0.281
44.803,S,276561,0.421,0.843,-0.187
44.832,S,276590,0.375,0.937,-0.234
44.862,S,276619,0.375,0.843,-0.187
44.884,S,276641,0.421,0.890,-0.234
44.913,S,276670,0.375,0.843,-0.234
44.935,S,276692,0.421,0.890,-0.281
44.963,S,276720,0.375,0.890,-0.234
44.984,S,276742,0.468,0.937,-0.234
45.006,S,276764,0.375,0.890,-0.281
45.034,S,276792,0.468,0.890,-0.234
45.057,S,276814,0.328,0.843,-0.234
45.086,S,276843,0.421,0.890,-0.187
45.107,S,276865,0.421,0.890,-0.187
45.137,S,276895,0.375,0.843,-0.187
45.159,S,276917,0.468,0.890,-0.234
45.188,S,276946,0.421,0.843,-0.234
45.224,READY
45.231,M,STILL
45.260,S,277017,0.421,0.890,-0.234
45.282,S,277039,0.421,0.890,-0.234
45.311,S,277068,0.421,0.890,-0.234
45.339,S,277096,0.468,0.890,-0.234
45.361,S,277118,0.375,0.937,-0.234
45.390,S,277147,0.421,0.843,-0.234
45.417,S,277170,0.421,0.890,-0.281
45.442,S,277199,0.421,0.890,-0.234
45.462,S,277220,0.421,0.843,-0.234
45.492,S,277249,0.421,0.890,-0.234
45.513,S,277270,0.421,0.890,-0.234
45.542,S,277299,0.421,0.937,-0.187
45.563,S,277320,0.421,0.843,-0.234
45.594,S,277350,0.421,0.890,-0.234
45.614,S,277371,0.421,0.890,-0.234
45.635,S,277391,0.421,0.843,-0.234
45.664,S,277420,0.375,0.937,-0.281
45.687,S,277442,0.375,0.937,-0.234
45.716,S,277472,0.421,0.890,-0.234
45.737,S,277493,0.421,0.890,-0.234
45.765,S,277521,0.468,0.937,-0.234
45.787,S,277543,0.375,0.890,-0.234
45.815,S,277571,0.421,0.890,-0.234
45.836,S,277592,0.421,0.843,-0.234
45.859,S,277614,0.375,0.890,-0.234
45.889,S,277644,0.468,0.843,-0.234
45.917,S,277674,0.421,0.843,-0.187
45.940,S,277696,0.375,0.843,-0.234
45.968,S,277724,0.468,0.890,-0.234
45.991,S,277746,0.468,0.843,-0.234
46.019,S,277775,0.468,0.937,-0.234
46.042,S,277797,0.468,0.890,-0.234
46.071,S,277826,0.421,0.890,-0.187
46.093,S,277848,0.421,0.890,-0.281
46.123,S,277877,0.468,0.890,-0.234
46.283,S,277899,0.375,0.937,-0.234
46.284,S,277928,0.375,0.937,-0.234
46.285,S,277958,0.468,0.890,-0.281
46.286,S,277979,0.468,0.843,-0.234
46.287,S,278001,0.421,0.937,-0.281
46.287,S,278029,0.375,0.890,-0.281
46.312,READY
46.319,M,STILL
46.334,S,278089,0.375,0.890,-0.234
46.354,S,278111,0.421,0.843,-0.234
46.376,S,278133,0.375,0.937,-0.234
46.399,S,278155,0.421,0.937,-0.234
46.426,S,278183,0.421,0.937,-0.234
46.449,S,278205,0.375,0.890,-0.234
46.471,S,278226,0.421,0.890,-0.187
46.501,S,278256,0.468,0.890,-0.234
46.529,S,278285,0.468,0.843,-0.234
46.551,S,278307,0.421,0.890,-0.234
46.580,S,278336,0.421,0.890,-0.234
46.602,S,278358,0.375,0.843,-0.234
46.631,S,278388,0.468,0.937,-0.187
46.662,S,278418,0.421,0.890,-0.234
46.684,S,278440,0.421,0.890,-0.234
46.715,S,278469,0.468,0.890,-0.234
46.735,S,278491,0.421,0.890,-0.234
46.764,S,278520,0.375,0.937,-0.187
46.786,S,278542,0.375,0.937,-0.234
46.815,S,278571,0.468,0.843,-0.187
46.837,S,278593,0.421,0.937,-0.187
46.866,S,278622,0.375,0.843,-0.187
46.889,S,278644,0.421,0.890,-0.187
46.918,S,278673,0.421,0.937,-0.234
46.940,S,278695,0.375,0.890,-0.187
46.969,S,278724,0.421,0.890,-0.234
47.000,S,278755,0.421,0.890,-0.234
47.023,S,278777,0.375,0.890,-0.187
47.052,S,278806,0.375,0.937,-0.187
47.074,S,278828,0.421,0.843,-0.187
47.104,S,278858,0.375,0.890,-0.187
47.124,S,278879,0.375,0.890,-0.187
47.155,S,278908,0.421,0.890,-0.234
47.321,S,278930,0.421,0.890,-0.234
47.322,S,278958,0.421,0.937,-0.234
47.323,S,278980,0.375,0.890,-0.187
47.324,S,279009,0.375,0.937,-0.140
47.325,S,279031,0.328,0.843,-0.187
47.325,S,279060,0.421,0.937,-0.187
47.326,S,279081,0.421,0.890,-0.234
47.361,READY
47.366,M,STILL
47.395,S,279150,0.421,0.890,-0.140
47.417,S,279172,0.468,0.890,-0.140
47.446,S,279201,0.421,0.937,-0.187
47.469,S,279223,0.421,0.890,-0.234
47.497,S,279251,0.421,0.890,-0.234
47.519,S,279274,0.468,0.890,-0.140
47.548,S,279302,0.421,0.890,-0.187
47.569,S,279324,0.421,0.890,-0.234
47.598,S,279353,0.421,0.890,-0.187
47.620,S,279375,0.421,0.937,-0.140
47.649,S,279404,0.468,0.890,-0.187
47.677,S,279433,0.421,0.890,-0.140
47.698,S,279454,0.375,0.890,-0.140
47.721,S,279476,0.421,0.937,-0.234
47.750,S,279505,0.421,0.937,-0.187
47.772,S,279527,0.421,0.937,-0.281
47.801,S,279556,0.421,0.843,-0.187
47.823,S,279577,0.375,0.984,-0.187
47.844,S,279598,0.421,0.937,-0.187
47.872,S,279626,0.375,0.890,-0.187
47.892,S,279647,0.421,0.937,-0.187
47.915,S,279669,0.375,0.890,-0.234
47.943,S,279697,0.375,0.890,-0.187
47.963,S,279718,0.421,0.890,-0.187
47.992,S,279747,0.421,0.890,-0.234
48.015,S,279770,0.468,0.890,-0.234
48.045,S,279799,0.421,0.843,-0.187
48.067,S,279821,0.375,0.890,-0.234
48.097,S,279850,0.421,0.890,-0.187
48.119,S,279872,0.468,0.843,-0.187
48.147,S,279901,0.375,0.890,-0.234
48.168,S,279922,0.421,0.937,-0.187
48.198,S,279951,0.421,0.843,-0.234
48.355,S,279973,0.421,0.937,-0.187
48.356,S,280002,0.468,0.937,-0.187
48.357,S,280024,0.468,0.843,-0.187
48.358,S,280053,0.421,0.890,-0.281
48.358,S,280075,0.375,0.890,-0.187
48.359,S,280104,0.375,0.937,-0.234
48.390,READY
48.396,M,STILL
48.409,S,280165,0.375,0.890,-0.234
48.432,S,280187,0.421,0.937,-0.234
48.453,S,280208,0.375,0.890,-0.187
48.476,S,280230,0.421,0.843,-0.187
48.504,S,280259,0.421,0.890,-0.187
48.526,S,280280,0.421,0.890,-0.234
48.554,S,280308,0.421,0.890,-0.234
48.576,S,280331,0.421,0.890,-0.187
48.605,S,280360,0.468,0.890,-0.187
48.628,S,280382,0.421,0.843,-0.187
48.656,S,280411,0.421,0.843,-0.234
48.678,S,280433,0.421,0.843,-0.187
48.707,S,280462,0.421,0.890,-0.187
48.729,S,280484,0.421,0.843,-0.187
48.758,S,280512,0.421,0.843,-0.187
48.780,S,280534,0.421,0.937,-0.234
48.809,S,280563,0.421,0.890,-0.234
48.832,S,280585,0.421,0.890,-0.187
48.858,S,280612,0.421,0.890,-0.187
48.880,S,280634,0.375,0.843,-0.234
48.911,S,280664,0.468,0.890,-0.187
48.933,S,280686,0.468,0.890,-0.187
48.962,S,280715,0.421,0.890,-0.281
48.985,S,280737,0.328,0.937,-0.187
49.013,S,280766,0.421,0.890,-0.187
49.035,S,280788,0.375,0.937,-0.187
49.063,S,280817,0.375,0.890,-0.187
49.086,S,280839,0.375,0.843,-0.140
49.115,S,280869,0.421,0.890,-0.140
49.137,S,280891,0.468,0.890,-0.187
49.166,S,280919,0.421,0.843,-0.187
49.189,S,280942,0.421,0.843,-0.187
49.216,S,280970,0.421,0.890,-0.187
49.731,S,280991,0.375,0.890,-0.187
49.732,S,281013,0.421,0.937,-0.187
49.733,S,281042,0.421,0.984,-0.234
49.734,S,281064,0.421,0.937,-0.234
49.735,S,281093,0.468,0.890,-0.187
49.736,S,281115,0.421,0.843,-0.234
49.737,S,281144,0.468,0.843,-0.187
49.738,S,281166,0.421,0.843,-0.187
49.739,S,281195,0.468,0.890,-0.234
49.740,S,281217,0.421,0.890,-0.187
49.741,S,281246,0.375,0.937,-0.187
49.742,S,281268,0.375,0.890,-0.187
49.743,S,281295,0.421,0.890,-0.234
49.744,S,281317,0.421,0.890,-0.187
49.745,S,281339,0.468,0.937,-0.187
49.746,S,281367,0.421,0.843,-0.187
49.748,S,281390,0.375,0.890,-0.187
49.749,S,281419,0.421,0.937,-0.140
49.750,S,281440,0.421,0.843,-0.187
49.750,S,281469,0.421,0.843,-0.187
49.752,S,281492,0.421,0.890,-0.234
49.771,READY
49.778,M,STILL
49.807,S,281560,0.468,0.890,-0.234
49.830,S,281583,0.421,0.937,-0.140
49.859,S,281612,0.421,0.937,-0.140
49.880,S,281633,0.421,0.937,-0.187
49.909,S,281662,0.375,0.843,-0.187
49.939,S,281692,0.421,0.843,-0.234
49.961,S,281714,0.375,0.890,-0.234
49.991,S,281743,0.421,0.890,-0.234
50.014,S,281765,0.421,0.937,-0.187
50.043,S,281794,0.421,0.890,-0.187
50.066,S,281817,0.421,0.843,-0.234
50.095,S,281846,0.375,0.890,-0.281
50.116,S,281868,0.468,0.843,-0.234
50.144,S,281896,0.421,0.843,-0.187
50.167,S,281918,0.421,0.890,-0.234
50.196,S,281948,0.421,0.890,-0.187
50.225,S,281976,0.468,0.843,-0.187
50.248,S,281999,0.375,0.890,-0.234
50.676,S,282028,0.421,0.890,-0.281
50.677,S,282050,0.421,0.890,-0.187
50.677,S,282079,0.421,0.937,-0.281
50.678,S,282100,0.421,0.890,-0.187
50.679,S,282129,0.468,0.890,-0.187
50.680,S,282151,0.375,0.937,-0.140
50.681,S,282180,0.421,0.890,-0.187
50.682,S,282202,0.421,0.890,-0.187
50.682,S,282231,0.468,0.843,-0.281
50.683,S,282253,0.421,0.890,-0.234
50.684,S,282282,0.421,0.890,-0.234
50.685,S,282304,0.421,0.890,-0.234
50.686,S,282333,0.421,0.937,-0.234
50.687,S,282363,0.421,0.890,-0.187
50.688,S,282393,0.421,0.937,-0.187
50.689,S,282415,0.375,0.843,-0.234
50.692,S,282444,0.375,0.890,-0.234
50.714,S,282466,0.421,0.890,-0.187
50.743,S,282496,0.421,0.890,-0.187
50.778,READY
50.784,M,STILL
50.813,S,282565,0.421,0.890,-0.187
50.843,S,282595,0.421,0.890,-0.234
50.865,S,282617,0.421,0.937,-0.140
50.893,S,282645,0.421,0.843,-0.187
50.913,S,282666,0.421,0.937,-0.234
50.943,S,282695,0.375,0.890,-0.234
50.965,S,282717,0.421,0.843,-0.187
50.994,S,282747,0.421,0.890,-0.234
51.015,S,282768,0.421,0.843,-0.234
51.044,S,282797,0.468,0.890,-0.187
51.066,S,282819,0.421,0.890,-0.234
51.095,S,282848,0.421,0.937,-0.234
51.116,S,282869,0.421,0.890,-0.187
51.138,S,282889,0.468,0.937,-0.234
51.167,S,282918,0.468,0.937,-0.187
51.186,S,282939,0.468,0.890,-0.234
51.208,S,282959,0.421,0.843,-0.187
51.237,S,282988,0.468,0.984,-0.234
51.259,S,283010,0.421,0.890,-0.234
51.288,S,283039,0.375,0.796,-0.234
51.309,S,283061,0.421,0.937,-0.187
51.339,S,283090,0.421,0.843,-0.234
51.361,S,283112,0.468,0.937,-0.187
51.390,S,283141,0.421,0.843,-0.187
51.418,S,283164,0.421,0.937,-0.187
51.440,S,283192,0.421,0.890,-0.187
51.463,S,283214,0.421,0.890,-0.187
51.491,S,283243,0.468,0.890,-0.234
51.512,S,283264,0.421,0.890,-0.187
51.542,S,283293,0.421,0.890,-0.187
51.564,S,283315,0.375,0.890,-0.187
51.594,S,283344,0.468,0.937,-0.187
51.623,S,283374,0.421,0.984,-0.234
51.645,S,283396,0.421,0.890,-0.187
51.673,S,283424,0.468,0.890,-0.234
51.697,S,283446,0.468,0.843,-0.234
51.724,S,283474,0.468,0.796,-0.281
51.746,S,283497,0.421,0.796,-0.281
51.780,READY
51.788,M,STILL
51.817,S,283567,0.281,0.609,-0.046
51.847,S,283597,0.187,1.031,0.000
51.869,S,283619,0.000,0.984,-0.281
51.897,S,283648,0.093,1.125,-0.375
51.920,S,283671,0.234,1.406,-0.140
51.926,M,WRITING
51.956,S,283707,0.375,0.375,-0.046
51.979,S,283729,0.421,0.937,-0.187
52.008,S,283758,0.562,0.890,-0.187
52.029,S,283779,0.468,0.703,-0.140
52.057,S,283807,0.515,0.703,-0.187
52.079,S,283828,0.421,0.750,-0.234
52.101,S,283850,0.421,0.843,-0.234
52.130,S,283879,0.468,0.937,-0.187
52.151,S,283901,0.515,0.843,-0.187
52.180,S,283930,0.515,0.656,-0.187
52.202,S,283952,0.515,0.468,-0.187
52.232,S,283981,0.375,0.000,-0.093
52.252,S,284002,0.046,0.796,-0.328
52.282,S,284031,0.234,0.515,0.093
52.303,S,284053,0.187,0.937,-0.093
52.332,S,284082,0.046,0.984,-0.140
52.355,S,284104,0.328,1.359,-0.234
52.383,S,284133,0.281,0.937,-0.046
52.405,S,284155,0.328,0.796,-0.046
52.435,S,284184,0.375,0.937,-0.093
52.455,S,284204,0.421,0.796,-0.187
52.476,S,284226,0.375,0.750,-0.234
52.505,S,284255,0.328,0.937,-0.281
52.527,S,284277,0.281,0.937,-0.234
52.556,S,284306,0.375,0.890,-0.234
52.579,S,284328,0.421,1.031,-0.140
52.607,S,284357,0.328,0.937,-0.234
52.630,S,284379,0.375,0.890,-0.234
52.654,S,284405,0.375,0.890,-0.187
52.677,S,284427,0.375,0.890,-0.234
52.698,S,284448,0.375,0.890,-0.187
52.727,S,284477,0.375,0.937,-0.187
52.750,S,284499,0.375,0.937,-0.187
52.784,READY
52.790,M,WRITING
52.819,S,284568,0.328,0.843,-0.234
52.840,S,284590,0.375,0.890,-0.234
52.846,M,MOVING
52.875,S,284625,0.375,0.890,-0.187
52.897,S,284647,0.375,0.937,-0.234
52.927,S,284676,0.328,0.937,-0.234
52.949,S,284698,0.375,0.937,-0.187
52.978,S,284727,0.375,0.843,-0.187
53.000,S,284749,0.421,0.843,-0.234
53.028,S,284778,0.328,0.937,-0.187
53.050,S,284800,0.375,0.890,-0.187
53.079,S,284827,0.375,0.937,-0.234
53.083,M,STILL
53.114,S,284862,0.328,0.937,-0.234
53.135,S,284884,0.375,0.984,-0.234
53.164,S,284913,0.421,0.890,-0.187
53.187,S,284936,0.375,0.890,-0.187
53.215,S,284964,0.375,0.890,-0.187
53.236,S,284986,0.375,0.937,-0.187
53.264,S,285013,0.375,0.984,-0.187
53.286,S,285035,0.328,0.890,-0.234
53.308,S,285057,0.375,0.984,-0.187
53.335,S,285084,0.421,0.937,-0.281
53.357,S,285104,0.421,0.843,-0.234
53.376,S,285126,0.328,0.890,-0.234
53.399,S,285148,0.328,0.937,-0.234
53.429,S,285177,0.328,0.890,-0.187
53.451,S,285199,0.328,0.890,-0.187
53.479,S,285228,0.375,0.937,-0.187
53.509,S,285258,0.328,0.937,-0.234
53.531,S,285280,0.375,0.890,-0.187
53.560,S,285308,0.375,0.890,-0.281
53.583,S,285331,0.375,0.984,-0.187
53.610,S,285359,0.328,0.937,-0.187
53.631,S,285381,0.375,0.890,-0.187
53.660,S,285410,0.421,0.890,-0.187
53.690,S,285440,0.328,0.890,-0.234
53.712,S,285462,0.328,0.890,-0.234
53.740,S,285490,0.328,0.890,-0.234
53.763,S,285512,0.375,0.984,-0.234
53.798,READY
53.805,M,STILL
53.834,S,285583,0.328,0.937,-0.281
53.857,S,285605,0.375,0.937,-0.234
53.886,S,285634,0.328,0.984,-0.234
53.908,S,285656,0.328,0.890,-0.234
53.937,S,285685,0.328,0.937,-0.187
53.959,S,285707,0.421,0.937,-0.187
53.987,S,285735,0.375,0.937,-0.187
54.010,S,285758,0.375,0.843,-0.234
54.039,S,285787,0.421,0.937,-0.187
54.061,S,285809,0.328,0.937,-0.187
54.090,S,285838,0.328,0.890,-0.187
54.113,S,285860,0.468,0.843,-0.140
54.142,S,285890,0.328,0.937,-0.234
54.164,S,285912,0.468,0.984,-0.281
54.169,M,MOVING
54.199,S,285947,0.421,0.937,-0.187
54.222,S,285969,0.375,0.843,-0.234
54.251,S,285998,0.328,0.890,-0.187
54.708,S,286020,0.421,0.890,-0.234
54.709,S,286049,0.375,0.937,-0.187
54.710,S,286071,0.375,0.937,-0.187
54.711,S,286099,0.328,0.984,-0.187
54.712,S,286121,0.328,0.890,-0.187
54.713,S,286151,0.328,0.937,-0.187
54.713,S,286179,0.375,0.937,-0.281
54.714,S,286202,0.375,0.984,-0.187
54.715,S,286229,0.375,0.890,-0.234
54.716,S,286251,0.375,0.984,-0.234
54.717,S,286280,0.375,0.984,-0.234
54.718,S,286303,0.375,0.843,-0.234
54.718,S,286332,0.375,0.937,-0.234
54.720,S,286354,0.375,0.890,-0.187
54.721,S,286382,0.375,0.890,-0.234
54.723,S,286404,0.328,0.890,-0.140
54.724,S,286432,0.375,0.890,-0.187
54.724,S,286454,0.421,0.937,-0.187
54.725,S,286474,0.328,0.890,-0.187
54.746,S,286495,0.328,0.937,-0.234
54.775,S,286524,0.375,0.937,-0.187
54.810,READY
54.817,M,MOVING
54.846,S,286595,0.328,0.890,-0.234
54.868,S,286617,0.328,0.843,-0.234
54.897,S,286646,0.328,0.890,-0.234
54.918,S,286667,0.421,0.937,-0.234
54.947,S,286696,0.375,0.937,-0.187
54.970,S,286718,0.375,0.890,-0.234
54.998,S,286747,0.328,0.937,-0.234
55.004,M,STILL
55.033,S,286781,0.328,0.890,-0.281
55.055,S,286803,0.328,0.937,-0.234
55.085,S,286832,0.328,0.937,-0.140
55.106,S,286854,0.328,0.890,-0.187
55.135,S,286883,0.328,0.937,-0.234
55.158,S,286905,0.328,0.984,-0.234
55.187,S,286935,0.375,0.890,-0.187
55.216,S,286964,0.328,0.937,-0.187
55.238,S,286986,0.375,0.937,-0.234
55.267,S,287015,0.328,0.890,-0.234
55.289,S,287037,0.328,0.984,-0.187
55.318,S,287066,0.328,0.890,-0.234
55.346,S,287094,0.375,0.984,-0.234
55.368,S,287116,0.375,0.937,-0.234
55.391,S,287139,0.375,0.937,-0.187
55.420,S,287168,0.328,0.984,-0.281
55.451,S,287198,0.375,0.890,-0.187
55.473,S,287221,0.375,0.890,-0.187
55.503,S,287250,0.515,0.890,-0.187
55.524,S,287272,0.515,0.890,-0.140
55.553,S,287300,0.421,0.984,-0.187
55.576,S,287323,0.468,0.890,-0.140
55.582,M,MOVING
55.613,S,287359,0.375,0.937,-0.234
55.635,S,287381,0.375,0.937,-0.187
55.664,S,287410,0.515,0.796,-0.140
55.686,S,287432,0.515,0.703,-0.187
55.715,S,287462,0.468,0.703,-0.234
55.738,S,287484,0.421,0.562,-0.187
55.764,S,287511,0.328,0.421,-0.234
55.787,S,287533,0.187,0.890,-0.234
55.821,READY
55.828,M,MOVING
55.856,S,287602,0.140,0.937,-0.187
55.861,M,WRITING
55.890,S,287636,0.140,1.031,-0.281
55.911,S,287659,0.187,1.406,-0.187
55.940,S,287687,0.281,0.843,0.046
55.962,S,287710,0.328,0.843,-0.093
55.991,S,287739,0.375,1.031,-0.140
56.013,S,287761,0.421,0.890,-0.187
56.043,S,287790,0.468,0.656,-0.234
56.064,S,287811,0.468,0.656,-0.187
56.093,S,287840,0.562,0.515,-0.234
56.115,S,287862,0.562,0.234,-0.187
56.143,S,287890,0.328,0.468,-0.234
56.164,S,287911,0.046,1.265,-0.468
56.194,S,287940,0.140,0.609,-0.281
56.215,S,287962,0.140,0.937,-0.140
56.245,S,287991,0.140,0.984,-0.140
56.267,S,288013,0.140,0.937,-0.234
56.295,S,288041,0.234,1.031,-0.187
56.318,S,288063,0.281,1.265,-0.281
56.346,S,288092,0.281,0.890,-0.093
56.367,S,288113,0.328,0.750,-0.140
56.397,S,288143,0.375,0.937,-0.187
56.426,S,288171,0.328,0.984,-0.234
56.447,S,288193,0.281,0.796,-0.234
56.477,S,288221,0.328,0.843,-0.328
56.498,S,288243,0.328,0.984,-0.234
56.527,S,288272,0.328,0.984,-0.234
56.548,S,288294,0.375,0.984,-0.140
56.577,S,288322,0.328,0.937,-0.234
56.598,S,288344,0.421,0.937,-0.234
56.620,S,288365,0.375,0.890,-0.281
56.649,S,288394,0.328,0.937,-0.234
56.671,S,288416,0.328,0.890,-0.187
56.700,S,288445,0.375,0.937,-0.234
56.721,S,288467,0.328,0.984,-0.281
56.750,S,288496,0.375,0.937,-0.187
56.756,M,MOVING
56.785,S,288531,0.328,0.937,-0.234
56.807,S,288553,0.375,0.843,-0.234
56.841,READY
56.848,M,MOVING
56.877,S,288623,0.328,0.796,-0.234
56.899,S,288645,0.375,0.937,-0.234
56.928,S,288674,0.375,0.937,-0.187
56.949,S,288696,0.421,0.796,-0.187
56.978,S,288725,0.375,0.843,-0.234
57.000,S,288746,0.421,0.890,-0.234
57.028,S,288774,0.328,0.937,-0.234
57.051,S,288796,0.375,0.937,-0.234
57.071,S,288817,0.375,0.843,-0.234
57.101,S,288846,0.375,0.937,-0.234
57.123,S,288868,0.375,0.937,-0.234
57.152,S,288898,0.328,0.843,-0.187
57.174,S,288919,0.375,0.890,-0.234
57.202,S,288947,0.421,0.890,-0.234
57.224,S,288969,0.375,0.984,-0.234
57.253,S,288998,0.281,0.890,-0.187
57.275,S,289020,0.421,0.843,-0.187
57.302,S,289047,0.421,0.937,-0.234
57.325,S,289070,0.375,0.890,-0.281
57.346,S,289092,0.421,0.937,-0.187
57.376,S,289121,0.375,0.937,-0.234
57.398,S,289143,0.328,0.937,-0.234
57.426,S,289171,0.375,0.890,-0.234
57.448,S,289193,0.281,0.984,-0.187
57.476,S,289222,0.328,0.937,-0.187
57.498,S,289244,0.328,0.937,-0.234
57.527,S,289272,0.375,0.843,-0.234
57.550,S,289294,0.328,0.890,-0.234
57.576,S,289321,0.328,0.890,-0.234
57.598,S,289343,0.375,0.937,-0.234
57.627,S,289371,0.328,0.890,-0.234
57.649,S,289394,0.375,0.984,-0.234
57.677,S,289423,0.328,0.937,-0.281
57.699,S,289444,0.281,0.890,-0.234
57.719,S,289464,0.421,0.890,-0.234
57.748,S,289493,0.328,0.937,-0.281
57.771,S,289515,0.375,0.937,-0.281
57.799,S,289544,0.375,0.984,-0.234
57.822,S,289566,0.375,0.890,-0.281
57.856,READY
57.862,M,MOVING
57.893,S,289637,0.375,0.890,-0.281
57.915,S,289659,0.375,0.937,-0.281
57.943,S,289688,0.375,0.843,-0.234
57.949,M,STILL
57.979,S,289724,0.375,0.890,-0.281
58.001,S,289746,0.421,0.890,-0.281
58.031,S,289775,0.281,0.890,-0.281
58.051,S,289796,0.375,0.937,-0.234
58.081,S,289825,0.328,0.890,-0.281
58.103,S,289847,0.328,0.796,-0.234
58.132,S,289876,0.375,0.937,-0.234
58.155,S,289898,0.375,0.890,-0.234
58.182,S,289927,0.421,0.843,-0.281
58.204,S,289949,0.375,0.937,-0.234
58.233,S,289979,0.375,0.843,-0.187
58.256,S,290001,0.375,0.937,-0.234
58.708,S,290029,0.375,0.890,-0.234
58.708,S,290051,0.375,0.890,-0.187
58.709,S,290080,0.375,0.890,-0.281
58.710,S,290103,0.375,0.937,-0.234
58.711,S,290132,0.375,0.843,-0.234
58.712,S,290154,0.421,0.937,-0.234
58.713,S,290183,0.375,0.937,-0.281
58.713,S,290205,0.421,0.937,-0.234
58.714,S,290235,0.375,0.890,-0.234
58.715,S,290257,0.375,0.890,-0.281
58.716,S,290286,0.375,0.843,-0.281
58.717,S,290308,0.375,0.890,-0.234
58.718,S,290336,0.328,0.843,-0.234
58.719,S,290358,0.375,0.843,-0.281
58.720,S,290388,0.328,0.843,-0.234
58.720,S,290410,0.421,0.890,-0.281
58.722,S,290439,0.328,0.843,-0.234
58.723,S,290460,0.375,0.890,-0.234
58.738,S,290483,0.328,0.890,-0.234
58.767,S,290512,0.375,0.937,-0.234
58.788,S,290534,0.421,0.937,-0.234
58.818,S,290563,0.375,0.890,-0.187
58.840,S,290585,0.375,0.890,-0.234
58.874,READY
58.881,M,STILL
58.909,S,290653,0.375,0.843,-0.234
58.931,S,290676,0.375,0.937,-0.187
58.959,S,290704,0.375,0.890,-0.234
58.981,S,290726,0.375,0.890,-0.187
59.010,S,290755,0.375,0.937,-0.281
59.032,S,290777,0.375,0.890,-0.328
59.060,S,290804,0.421,0.890,-0.234
59.082,S,290826,0.328,0.890,-0.187
59.104,S,290848,0.328,0.843,-0.281
59.132,S,290877,0.375,0.890,-0.234
59.154,S,290899,0.328,0.890,-0.234
59.183,S,290928,0.328,0.890,-0.234
59.205,S,290950,0.375,0.890,-0.234
59.234,S,290978,0.421,0.937,-0.281
59.254,S,290999,0.328,0.984,-0.187
59.277,S,291021,0.281,0.937,-0.187
59.305,S,291050,0.375,0.890,-0.234
59.328,S,291072,0.328,0.890,-0.281
59.356,S,291100,0.328,0.937,-0.234
59.378,S,291122,0.375,0.937,-0.234
59.407,S,291151,0.328,0.890,-0.234
59.429,S,291173,0.421,0.843,-0.187
59.458,S,291202,0.375,0.890,-0.234
59.479,S,291223,0.375,0.890,-0.281
59.509,S,291252,0.328,0.984,-0.281
59.531,S,291275,0.375,0.984,-0.234
59.559,S,291303,0.375,0.843,-0.234
59.582,S,291325,0.421,0.937,-0.234
59.611,S,291353,0.421,0.890,-0.234
59.633,S,291375,0.421,0.890,-0.187
59.662,S,291405,0.375,0.937,-0.281
59.684,S,291427,0.421,0.843,-0.234
59.713,S,291456,0.421,0.843,-0.234
59.735,S,291478,0.421,0.890,-0.234
59.765,S,291507,0.421,0.843,-0.187
59.787,S,291529,0.515,0.750,-0.187
59.815,S,291558,0.468,0.234,-0.093
59.838,S,291580,0.140,0.234,-0.187
59.866,S,291609,0.375,1.265,0.328
59.871,M,WRITING
59.908,READY
59.914,M,WRITING
59.944,S,291686,0.140,0.890,-0.187
59.966,S,291708,0.187,1.218,-0.281
59.995,S,291737,0.281,1.406,0.000
60.017,S,291759,0.234,0.609,-0.046
60.046,S,291788,0.328,0.515,-0.187
60.075,S,291818,0.468,0.796,-0.187
60.098,S,291840,0.515,0.656,-0.140
60.127,S,291869,0.468,0.281,-0.187
60.149,S,291891,0.421,0.187,-0.093
60.177,S,291920,-0.937,1.312,0.046
60.199,S,291942,0.046,0.609,-0.421
60.229,S,291971,0.046,0.890,-0.234
60.251,S,291993,0.093,0.984,-0.234
60.282,S,292022,0.140,1.031,-0.140
60.302,S,292044,0.234,0.984,-0.281
60.331,S,292073,0.281,1.031,-0.093
60.361,S,292103,0.281,0.796,-0.140
60.383,S,292125,0.328,0.890,-0.140
60.411,S,292154,0.421,0.843,-0.187
60.433,S,292176,0.328,0.750,-0.234
60.462,S,292205,0.375,0.796,-0.328
60.483,S,292227,0.328,0.890,-0.281
60.512,S,292256,0.375,0.890,-0.281
60.534,S,292278,0.375,0.890,-0.187
60.563,S,292307,0.468,0.843,-0.187
60.586,S,292329,0.375,0.984,-0.234
60.615,S,292358,0.421,0.890,-0.234
60.637,S,292380,0.421,0.937,-0.281
60.666,S,292409,0.375,0.890,-0.281
60.688,S,292430,0.421,0.937,-0.281
60.717,S,292459,0.375,0.937,-0.234
60.739,S,292481,0.328,0.890,-0.234
60.744,M,MOVING
60.775,S,292517,0.375,0.890,-0.234
60.797,S,292539,0.375,0.984,-0.234
60.826,S,292568,0.328,0.937,-0.234
60.848,S,292590,0.328,0.890,-0.281
60.877,S,292619,0.421,0.937,-0.281
60.912,READY
60.918,M,MOVING
60.948,S,292689,0.375,0.890,-0.281
60.971,S,292712,0.421,0.890,-0.281
60.999,S,292741,0.375,0.843,-0.281
61.022,S,292763,0.328,0.890,-0.281
61.051,S,292792,0.375,0.843,-0.234
61.072,S,292814,0.375,0.937,-0.281
61.078,M,STILL
61.109,S,292850,0.328,0.937,-0.281
61.131,S,292872,0.421,0.890,-0.328
61.160,S,292901,0.375,0.843,-0.281
61.181,S,292923,0.375,0.890,-0.234
61.209,S,292951,0.375,0.890,-0.281
61.231,S,292973,0.375,0.890,-0.234
61.261,S,293002,0.375,0.890,-0.234
61.282,S,293025,0.328,0.843,-0.281
61.312,S,293053,0.328,0.937,-0.281
61.334,S,293075,0.375,0.843,-0.281
61.363,S,293104,0.375,0.890,-0.234
61.385,S,293126,0.375,0.937,-0.281
61.414,S,293155,0.421,0.937,-0.281
61.436,S,293177,0.375,0.843,-0.281
61.464,S,293206,0.421,0.890,-0.234
61.486,S,293227,0.375,0.937,-0.187
61.515,S,293257,0.328,0.890,-0.234
61.538,S,293279,0.421,0.890,-0.281
61.567,S,293308,0.328,0.937,-0.234
61.589,S,293329,0.375,0.937,-0.234
61.617,S,293358,0.421,0.937,-0.234
61.646,S,293388,0.421,0.890,-0.281
61.669,S,293410,0.328,0.890,-0.234
61.698,S,293439,0.328,0.890,-0.281
61.720,S,293461,0.421,0.890,-0.281
61.747,S,293489,0.375,0.843,-0.234
61.769,S,293509,0.328,0.890,-0.234
61.791,S,293532,0.375,0.890,-0.281
61.820,S,293561,0.375,0.890,-0.234
61.842,S,293583,0.375,0.937,-0.281
61.871,S,293612,0.375,0.890,-0.234
61.894,S,293634,0.375,0.890,-0.187
61.926,READY
61.932,M,STILL
61.961,S,293703,0.421,0.890,-0.234
61.982,S,293724,0.375,0.890,-0.281
62.012,S,293753,0.375,0.890,-0.234
62.034,S,293775,0.375,0.937,-0.187
62.062,S,293804,0.375,0.937,-0.234
62.085,S,293826,0.328,0.937,-0.234
62.113,S,293855,0.328,0.890,-0.281
62.136,S,293877,0.421,0.890,-0.234
62.163,S,293905,0.421,0.937,-0.281
62.185,S,293927,0.375,0.843,-0.234
62.215,S,293956,0.375,0.937,-0.234
62.237,S,293978,0.375,0.937,-0.281
62.266,S,294008,0.328,0.890,-0.281
62.731,S,294030,0.375,0.843,-0.234
62.731,S,294061,0.421,0.937,-0.234
62.733,S,294083,0.421,0.843,-0.234
62.733,S,294112,0.375,0.890,-0.234
62.734,S,294134,0.375,0.890,-0.234
62.735,S,294163,0.421,0.937,-0.234
62.736,S,294192,0.375,0.937,-0.281
62.737,S,294215,0.328,0.890,-0.234
62.738,S,294244,0.375,0.937,-0.234
62.739,S,294266,0.328,0.984,-0.234
62.740,S,294295,0.375,0.843,-0.234
62.741,S,294317,0.375,0.890,-0.234
62.742,S,294347,0.375,0.937,-0.281
62.743,S,294369,0.421,0.890,-0.187
62.745,S,294397,0.375,0.843,-0.234
62.746,S,294419,0.328,0.843,-0.234
62.748,S,294447,0.375,0.843,-0.234
62.749,S,294469,0.375,0.937,-0.281
62.755,S,294496,0.328,0.937,-0.234
62.777,S,294519,0.375,0.890,-0.234
62.807,S,294548,0.328,0.890,-0.281
62.829,S,294570,0.375,0.843,-0.281
62.860,S,294599,0.375,0.890,-0.234
62.880,S,294621,0.421,0.937,-0.234
62.909,S,294650,0.375,0.890,-0.187
62.944,READY
62.950,M,STILL
62.979,S,294720,0.421,0.890,-0.328
63.001,S,294742,0.375,0.890,-0.234
63.030,S,294771,0.375,0.890,-0.281
63.052,S,294793,0.375,0.937,-0.234
63.081,S,294822,0.328,0.984,-0.281
63.103,S,294844,0.375,0.890,-0.234
63.132,S,294873,0.375,0.937,-0.281
63.154,S,294895,0.421,0.890,-0.281
63.183,S,294924,0.421,0.890,-0.234
63.206,S,294946,0.375,0.890,-0.234
63.235,S,294976,0.375,0.890,-0.187
63.257,S,294998,0.375,0.937,-0.234
63.286,S,295027,0.375,0.890,-0.281
63.309,S,295049,0.421,0.937,-0.281
63.337,S,295078,0.375,0.890,-0.234
63.360,S,295100,0.375,0.890,-0.281
63.389,S,295129,0.421,0.890,-0.281
63.411,S,295151,0.421,0.937,-0.234
63.439,S,295179,0.375,0.890,-0.281
63.461,S,295201,0.421,0.843,-0.234
63.490,S,295230,0.375,0.890,-0.281
63.513,S,295253,0.375,0.890,-0.281
63.541,S,295282,0.375,0.890,-0.187
63.564,S,295304,0.421,0.890,-0.140
63.593,S,295333,0.468,0.843,-0.140
63.619,S,295355,0.468,0.843,-0.187
63.644,S,295384,0.468,0.843,-0.140
63.666,S,295406,0.421,0.890,-0.234
63.695,S,295435,0.421,0.750,-0.187
63.700,M,MOVING
63.730,S,295470,0.468,0.421,-0.234
63.752,S,295492,0.140,-0.046,-0.375
63.780,S,295521,0.515,1.078,0.046
63.804,S,295543,0.140,0.656,-0.515
63.809,M,WRITING
63.839,S,295579,0.000,0.890,0.000
63.861,S,295601,0.187,0.984,0.046
63.890,S,295630,0.234,1.078,0.046
63.912,S,295652,0.328,1.453,0.046
63.948,READY
63.954,M,WRITING
63.983,S,295723,0.421,0.750,-0.281
64.006,S,295745,0.515,0.984,-0.234
64.035,S,295774,0.468,0.468,-0.093
64.057,S,295796,0.562,0.328,-0.046
64.087,S,295826,0.421,0.375,-0.046
64.109,S,295848,0.281,1.171,-0.421
64.138,S,295877,0.234,0.468,-0.375
64.160,S,295899,0.093,0.890,-0.140
64.189,S,295927,0.046,0.937,-0.234
64.210,S,295949,0.187,0.984,-0.328
64.240,S,295978,0.328,1.265,-0.281
64.262,S,296000,0.281,1.078,0.000
64.290,S,296029,0.281,0.843,0.000
64.313,S,296051,0.375,0.890,-0.140
64.340,S,296079,0.375,0.750,-0.140
64.363,S,296101,0.375,0.656,-0.281
64.384,S,296123,0.375,0.796,-0.234
64.412,S,296152,0.328,1.078,-0.187
64.434,S,296173,0.328,0.937,-0.140
64.463,S,296203,0.328,1.031,-0.187
64.486,S,296225,0.281,0.984,-0.140
64.515,S,296254,0.328,0.937,-0.187
64.536,S,296275,0.328,0.890,-0.187
64.565,S,296304,0.328,0.890,-0.187
64.587,S,296326,0.281,0.843,-0.234
64.616,S,296354,0.328,0.937,-0.187
64.638,S,296377,0.328,0.890,-0.187
64.668,S,296406,0.328,0.890,-0.234
64.690,S,296428,0.375,0.937,-0.187
64.719,S,296457,0.328,0.937,-0.187
64.723,M,MOVING
64.753,S,296491,0.281,0.937,-0.187
64.775,S,296513,0.328,0.984,-0.140
64.805,S,296542,0.328,0.937,-0.140
64.827,S,296564,0.328,0.937,-0.187
64.854,S,296592,0.281,0.984,-0.187
64.876,S,296614,0.328,0.937,-0.234
64.882,M,STILL
64.912,S,296650,0.328,0.890,-0.234
64.934,S,296672,0.375,0.937,-0.234
64.969,READY
64.976,M,STILL
65.005,S,296743,0.328,0.984,-0.140
65.026,S,296765,0.281,0.937,-0.234
65.054,S,296794,0.328,0.937,-0.234
65.077,S,296816,0.328,0.890,-0.234
65.106,S,296845,0.281,0.937,-0.187
65.128,S,296867,0.328,0.937,-0.187
65.158,S,296896,0.328,0.937,-0.187
65.188,S,296926,0.328,0.937,-0.234
65.217,S,296955,0.328,0.890,-0.234
65.239,S,296978,0.328,0.984,-0.140
65.268,S,297006,0.328,0.984,-0.187
65.289,S,297027,0.375,0.890,-0.234
65.319,S,297056,0.328,0.890,-0.234
65.340,S,297078,0.281,0.937,-0.234
65.369,S,297107,0.328,0.937,-0.187
65.392,S,297129,0.328,0.937,-0.187
65.421,S,297158,0.421,0.937,-0.187
65.450,S,297188,0.328,0.890,-0.187
65.472,S,297210,0.328,0.984,-0.234
65.502,S,297239,0.375,0.890,-0.234
65.523,S,297261,0.328,0.890,-0.234
65.552,S,297290,0.281,0.937,-0.187
65.574,S,297312,0.328,0.890,-0.234
65.603,S,297341,0.328,0.937,-0.281
65.626,S,297363,0.281,0.890,-0.234
65.655,S,297392,0.328,0.937,-0.234
65.676,S,297414,0.328,0.937,-0.234
65.706,S,297443,0.375,0.937,-0.187
65.727,S,297465,0.281,0.937,-0.187
65.757,S,297494,0.328,0.937,-0.234
65.778,S,297515,0.328,0.937,-0.234
65.807,S,297544,0.281,0.890,-0.234
65.829,S,297566,0.328,0.937,-0.234
65.858,S,297595,0.375,0.937,-0.234
65.880,S,297617,0.375,0.890,-0.234
65.910,S,297646,0.328,0.843,-0.234
65.938,S,297676,0.375,0.937,-0.234
65.972,READY
65.979,M,STILL
66.008,S,297745,0.328,0.843,-0.234
66.031,S,297767,0.328,0.937,-0.234
66.059,S,297796,0.281,0.984,-0.281
66.081,S,297818,0.328,0.937,-0.234
66.108,S,297845,0.328,0.890,-0.281
66.130,S,297868,0.328,0.937,-0.187
66.160,S,297897,0.328,0.890,-0.281
66.182,S,297919,0.328,0.937,-0.187
66.212,S,297948,0.328,0.890,-0.187
66.234,S,297970,0.281,0.890,-0.187
66.263,S,297999,0.328,0.937,-0.234
66.285,S,298021,0.328,0.937,-0.187
66.724,S,298050,0.281,0.937,-0.234
66.725,S,298072,0.328,0.890,-0.234
66.726,S,298101,0.281,0.937,-0.234
66.727,S,298124,0.375,0.937,-0.234
66.728,S,298153,0.328,0.890,-0.234
66.729,S,298175,0.281,0.984,-0.234
66.730,S,298204,0.281,0.984,-0.281
66.731,S,298225,0.328,0.937,-0.281
66.732,S,298246,0.328,0.890,-0.187
66.733,S,298275,0.328,0.937,-0.187
66.734,S,298297,0.328,0.937,-0.140
66.735,S,298325,0.328,0.937,-0.281
66.736,S,298347,0.281,0.984,-0.281
66.737,S,298376,0.328,0.937,-0.187
66.738,S,298398,0.375,0.890,-0.234
66.739,S,298427,0.328,0.937,-0.234
66.740,S,298449,0.375,0.937,-0.234
66.741,S,298478,0.281,0.890,-0.187
66.762,S,298500,0.328,0.937,-0.234
66.791,S,298528,0.281,0.937,-0.234
66.813,S,298550,0.328,0.890,-0.234
66.841,S,298578,0.281,0.984,-0.234
66.863,S,298600,0.328,0.937,-0.187
66.892,S,298629,0.281,0.890,-0.187
66.914,S,298651,0.328,0.937,-0.187
66.940,S,298678,0.328,0.937,-0.234
66.976,READY
66.982,M,STILL
67.011,S,298748,0.375,0.937,-0.234
67.031,S,298768,0.375,0.890,-0.187
67.051,S,298788,0.375,0.984,-0.281
67.074,S,298809,0.328,0.984,-0.187
67.101,S,298838,0.328,0.890,-0.187
67.124,S,298860,0.328,0.984,-0.187
67.153,S,298889,0.281,0.937,-0.187
67.175,S,298912,0.328,0.890,-0.187
67.204,S,298940,0.328,0.937,-0.187
67.226,S,298962,0.328,0.937,-0.234
67.254,S,298991,0.328,0.937,-0.187
67.275,S,299012,0.328,0.984,-0.234
67.304,S,299041,0.328,0.890,-0.187
67.327,S,299064,0.281,0.937,-0.187
67.355,S,299093,0.328,0.890,-0.140
67.378,S,299115,0.421,0.937,-0.187
67.407,S,299144,0.281,0.890,-0.281
67.427,S,299164,0.328,0.937,-0.234
67.450,S,299186,0.328,0.937,-0.281
67.476,S,299213,0.328,0.984,-0.187
67.498,S,299235,0.328,0.937,-0.187
67.528,S,299264,0.375,1.031,-0.187
67.550,S,299286,0.375,0.984,-0.140
67.580,S,299315,0.375,0.890,-0.140
67.601,S,299337,0.375,0.843,-0.187
67.631,S,299366,0.421,0.937,-0.187
67.636,M,MOVING
67.667,S,299402,0.421,0.796,-0.234
67.690,S,299424,0.468,0.890,-0.187
67.718,S,299453,0.468,0.890,-0.140
67.740,S,299475,0.468,0.937,-0.093
67.769,S,299504,0.421,0.796,-0.187
67.789,S,299525,0.515,0.750,-0.140
67.819,S,299554,0.375,0.234,-0.187
67.841,S,299576,0.375,0.140,-0.187
67.870,S,299605,0.468,1.125,0.609
67.875,M,WRITING
67.906,S,299640,-0.046,0.937,-0.234
67.936,S,299670,0.140,0.750,-0.187
67.958,S,299693,0.093,0.890,-0.140
67.993,READY
67.999,M,WRITING
68.028,S,299763,0.281,0.750,0.000
68.051,S,299785,0.375,0.890,-0.140
68.080,S,299815,0.468,0.703,-0.140
68.102,S,299837,0.515,0.515,-0.140
68.133,S,299867,0.562,0.281,-0.140
68.154,S,299889,0.515,0.234,-0.187
68.182,S,299917,0.234,0.328,-0.234
68.203,S,299938,0.093,1.031,0.703
68.233,S,299967,0.093,0.750,-0.187
68.254,S,299989,-0.187,0.937,-0.234
68.284,S,300018,0.140,0.937,-0.187
68.312,S,300047,0.187,1.078,-0.187
68.332,S,300067,0.328,1.171,-0.093
68.352,S,300087,0.281,1.171,0.093
68.374,S,300109,0.328,0.796,0.046
68.403,S,300138,0.328,0.843,-0.140
68.426,S,300161,0.234,0.890,-0.234
68.454,S,300190,0.281,0.937,-0.234
68.476,S,300212,0.328,0.890,-0.187
68.506,S,300241,0.281,0.984,-0.140
68.527,S,300263,0.281,0.984,-0.093
68.557,S,300292,0.328,0.984,-0.093
68.579,S,300314,0.328,0.937,-0.093
68.607,S,300343,0.375,0.937,-0.187
68.631,S,300365,0.375,0.890,-0.140
68.660,S,300394,0.375,0.937,-0.187
68.682,S,300416,0.281,0.937,-0.234
68.711,S,300445,0.328,0.890,-0.187
68.733,S,300467,0.328,0.984,-0.093
68.763,S,300497,0.328,0.984,-0.140
68.785,S,300519,0.281,0.984,-0.140
68.814,S,300548,0.281,0.937,-0.187
68.820,M,MOVING
68.851,S,300585,0.234,0.937,-0.140
68.873,S,300607,0.328,0.937,-0.140
68.902,S,300636,0.281,0.937,-0.187
68.924,S,300658,0.328,0.937,-0.140
68.953,S,300687,0.328,0.937,-0.187
68.974,S,300709,0.328,0.937,-0.140
69.009,READY
69.015,M,MOVING
69.043,S,300777,0.328,0.984,-0.093
69.065,S,300799,0.281,0.984,-0.187
69.094,S,300828,0.328,0.984,-0.187
69.118,S,300851,0.328,0.937,-0.187
69.146,S,300880,0.281,0.937,-0.187
69.151,M,STILL
69.180,S,300914,0.375,0.890,-0.187
69.203,S,300937,0.328,0.937,-0.140
69.232,S,300965,0.328,0.984,-0.140
69.254,S,300988,0.328,0.937,-0.140
69.283,S,301017,0.375,0.937,-0.140
69.313,S,301047,0.234,0.984,-0.187
69.336,S,301069,0.281,0.890,-0.140
69.364,S,301097,0.328,0.937,-0.234
69.385,S,301119,0.328,0.937,-0.187
69.407,S,301141,0.328,0.890,-0.234
69.436,S,301170,0.328,0.937,-0.187
69.466,S,301200,0.375,0.937,-0.187
69.497,S,301230,0.328,0.937,-0.140
69.518,S,301253,0.328,0.937,-0.187
69.548,S,301282,0.281,0.890,-0.140
69.571,S,301304,0.328,0.984,-0.140
69.599,S,301333,0.281,0.890,-0.187
69.622,S,301355,0.328,0.890,-0.187
69.650,S,301385,0.328,0.937,-0.187
69.672,S,301407,0.328,0.937,-0.187
69.698,S,301433,0.328,0.937,-0.187
69.721,S,301455,0.281,0.890,-0.140
69.743,S,301477,0.328,0.937,-0.187
69.772,S,301506,0.281,0.937,-0.187
69.794,S,301529,0.328,0.890,-0.234
69.824,S,301558,0.328,0.984,-0.234
69.846,S,301580,0.375,0.937,-0.140
69.875,S,301609,0.328,0.984,-0.187
69.898,S,301631,0.328,0.890,-0.187
69.927,S,301660,0.375,0.937,-0.187
69.948,S,301682,0.328,0.937,-0.234
69.977,S,301711,0.375,0.937,-0.140
70.012,READY
70.018,M,STILL
70.048,S,301781,0.328,0.890,-0.187
70.071,S,301803,0.328,0.984,-0.140
70.099,S,301832,0.328,0.937,-0.140
70.119,S,301853,0.281,0.890,-0.187
70.141,S,301874,0.328,0.984,-0.187
70.170,S,301903,0.328,0.937,-0.187
70.192,S,301925,0.328,0.890,-0.140
70.221,S,301954,0.328,0.937,-0.281
70.251,S,301984,0.328,0.984,-0.234
70.274,S,302006,0.328,0.890,-0.187
70.303,S,302035,0.375,0.984,-0.187
70.733,S,302057,0.328,0.937,-0.187
70.734,S,302087,0.281,0.984,-0.187
70.735,S,302115,0.281,0.984,-0.187
70.736,S,302138,0.328,0.984,-0.187
70.737,S,302167,0.375,0.937,-0.187
70.738,S,302188,0.328,0.937,-0.187
70.739,S,302217,0.328,0.937,-0.187
70.740,S,302239,0.328,0.937,-0.140
70.740,S,302268,0.328,0.890,-0.234
70.741,S,302289,0.328,0.984,-0.187
70.742,S,302318,0.328,0.937,-0.187
70.743,S,302348,0.281,0.937,-0.234
70.744,S,302370,0.375,0.890,-0.187
70.745,S,302399,0.328,0.984,-0.187
70.746,S,302421,0.375,1.031,-0.187
70.746,S,302450,0.281,0.937,-0.187
70.748,S,302472,0.375,0.890,-0.234
70.767,S,302501,0.281,0.890,-0.234
70.789,S,302523,0.328,0.984,-0.187
70.818,S,302552,0.328,0.937,-0.187
70.840,S,302574,0.328,0.937,-0.187
70.869,S,302603,0.328,0.937,-0.234
70.899,S,302633,0.375,0.984,-0.187
70.921,S,302655,0.281,0.937,-0.187
70.950,S,302684,0.281,0.984,-0.140
70.972,S,302706,0.328,0.890,-0.187
71.001,S,302735,0.328,0.984,-0.187
71.037,READY
71.044,M,STILL
71.072,S,302805,0.328,0.937,-0.187
71.094,S,302828,0.328,0.937,-0.187
71.123,S,302857,0.328,0.937,-0.140
71.146,S,302879,0.328,0.937,-0.187
71.175,S,302908,0.328,0.984,-0.187
71.197,S,302930,0.375,0.937,-0.234
71.227,S,302960,0.375,0.937,-0.234
71.249,S,302982,0.281,0.937,-0.234
71.277,S,303011,0.375,0.937,-0.187
71.299,S,303032,0.328,0.890,-0.187
71.327,S,303060,0.375,0.984,-0.187
71.349,S,303083,0.375,0.890,-0.187
71.380,S,303112,0.328,0.937,-0.187
71.399,S,303133,0.421,0.984,-0.187
71.428,S,303162,0.328,1.031,-0.234
71.451,S,303184,0.328,0.984,-0.281
71.478,S,303211,0.421,0.843,-0.234
71.501,S,303233,0.421,0.843,-0.187
71.522,S,303256,0.421,0.843,-0.140
71.551,S,303285,0.468,0.796,-0.093
71.557,M,MOVING
71.588,S,303321,0.562,0.750,-0.187
71.610,S,303343,0.562,0.843,-0.140
71.638,S,303371,0.562,0.750,-0.187
71.661,S,303393,0.515,0.796,-0.187
71.690,S,303422,0.515,0.843,-0.140
71.713,S,303444,0.515,0.796,-0.187
71.740,S,303471,0.562,0.656,-0.140
71.763,S,303493,0.609,0.328,-0.093
71.783,S,303514,0.328,0.140,-0.187
71.812,S,303544,0.093,0.562,-0.140
71.817,M,WRITING
71.848,S,303580,0.093,0.562,-0.328
71.870,S,303602,0.093,0.890,-0.093
71.897,S,303630,0.000,0.984,-0.281
71.919,S,303651,0.140,1.406,-0.187
71.939,S,303672,0.281,0.937,0.000
71.967,S,303700,0.421,0.609,0.000
71.989,S,303722,0.421,0.656,-0.046
72.017,S,303750,0.562,0.890,-0.093
72.053,READY
72.059,M,WRITING
72.087,S,303819,0.375,0.281,-0.234
72.109,S,303841,0.187,0.515,-0.281
72.139,S,303870,0.140,0.609,-0.234
72.161,S,303892,0.046,0.890,-0.328
72.189,S,303921,0.281,1.265,-0.234
72.211,S,303943,0.281,1.406,-0.140
72.240,S,303972,0.375,0.750,0.046
72.263,S,303994,0.281,0.750,0.000
72.291,S,304023,0.421,0.937,-0.093
72.313,S,304044,0.421,0.890,-0.187
72.342,S,304073,0.421,0.703,-0.234
72.364,S,304095,0.328,0.843,-0.234
72.392,S,304124,0.328,0.937,-0.281
72.415,S,304146,0.375,0.890,-0.140
72.444,S,304175,0.375,0.890,-0.140
72.466,S,304197,0.468,0.890,-0.187
72.496,S,304226,0.421,0.937,-0.140
72.518,S,304249,0.375,0.890,-0.187
72.547,S,304278,0.515,0.843,-0.234
72.569,S,304300,0.421,0.843,-0.187
72.599,S,304329,0.375,0.984,-0.187
72.621,S,304351,0.375,0.937,-0.187
72.650,S,304380,0.421,0.890,-0.187
72.672,S,304402,0.421,0.937,-0.234
72.701,S,304432,0.421,0.890,-0.187
72.706,M,MOVING
72.738,S,304468,0.375,0.890,-0.187
72.759,S,304490,0.375,0.937,-0.187
72.788,S,304519,0.421,0.937,-0.140
72.810,S,304541,0.421,0.937,-0.234
72.839,S,304570,0.421,0.890,-0.234
72.862,S,304592,0.468,0.937,-0.187
72.891,S,304621,0.375,0.890,-0.187
72.914,S,304644,0.468,0.937,-0.187
72.942,S,304673,0.421,0.937,-0.187
72.964,S,304694,0.421,0.937,-0.187
72.993,S,304723,0.375,0.937,-0.234
73.015,S,304745,0.375,0.890,-0.187
73.020,M,STILL
73.057,READY
73.063,M,STILL
73.092,S,304822,0.421,0.843,-0.140
73.114,S,304844,0.421,0.890,-0.187
73.143,S,304873,0.375,0.890,-0.140
73.165,S,304895,0.375,0.890,-0.187
73.192,S,304924,0.375,0.937,-0.187
73.216,S,304946,0.375,0.843,-0.187
73.246,S,304975,0.421,0.984,-0.140
73.274,S,305004,0.328,0.890,-0.140
73.296,S,305026,0.421,0.937,-0.140
73.325,S,305055,0.421,0.937,-0.140
73.347,S,305077,0.375,0.937,-0.140
73.376,S,305106,0.375,0.937,-0.140
73.400,S,305128,0.375,1.031,-0.187
73.427,S,305157,0.421,0.937,-0.140
73.449,S,305180,0.375,0.937,-0.140
73.478,S,305208,0.375,0.937,-0.140
73.499,S,305230,0.421,0.890,-0.140
73.528,S,305258,0.375,0.937,-0.140
73.550,S,305280,0.375,0.890,-0.187
73.579,S,305309,0.375,0.984,-0.187
73.601,S,305330,0.375,0.937,-0.140
73.631,S,305361,0.421,0.937,-0.187
73.652,S,305383,0.421,0.843,-0.187
73.682,S,305412,0.375,0.890,-0.140
73.704,S,305434,0.328,0.890,-0.187
73.733,S,305463,0.375,0.937,-0.234
73.755,S,305484,0.375,0.937,-0.140
73.783,S,305512,0.421,0.937,-0.187
73.805,S,305535,0.375,0.937,-0.140
73.834,S,305564,0.421,0.937,-0.140
73.856,S,305586,0.468,0.890,-0.187
73.885,S,305614,0.421,0.890,-0.140
73.907,S,305637,0.375,0.890,-0.140
73.935,S,305664,0.421,0.890,-0.187
73.955,S,305685,0.375,0.984,-0.187
73.979,S,305708,0.375,0.937,-0.234
74.007,S,305737,0.375,0.890,-0.234
74.030,S,305759,0.375,0.984,-0.187
74.063,READY
74.070,M,STILL
74.098,S,305828,0.328,0.984,-0.140
74.121,S,305850,0.421,0.937,-0.140
74.150,S,305879,0.375,0.890,-0.187
74.170,S,305900,0.375,0.937,-0.187
74.199,S,305929,0.375,0.937,-0.140
74.220,S,305950,0.375,0.937,-0.187
74.247,S,305978,0.375,0.937,-0.187
74.269,S,305999,0.375,0.890,-0.187
74.290,S,306021,0.375,0.843,-0.187
74.318,S,306048,0.375,0.937,-0.187
74.779,S,306070,0.375,0.937,-0.187
74.780,S,306090,0.375,0.937,-0.187
74.781,S,306119,0.375,0.937,-0.187
74.782,S,306142,0.375,0.937,-0.187
74.782,S,306171,0.375,0.937,-0.187
74.783,S,306193,0.328,0.890,-0.187
74.784,S,306222,0.328,0.890,-0.234
74.785,S,306243,0.328,0.937,-0.187
74.786,S,306271,0.421,0.937,-0.187
74.786,S,306293,0.328,0.890,-0.187
74.787,S,306321,0.375,0.984,-0.187
74.788,S,306342,0.375,0.937,-0.187
74.789,S,306365,0.375,0.984,-0.234
74.790,S,306394,0.328,0.984,-0.187
74.790,S,306416,0.421,0.937,-0.187
74.791,S,306445,0.375,0.890,-0.140
74.792,S,306467,0.328,0.890,-0.234
74.793,S,306496,0.328,0.937,-0.187
74.794,S,306518,0.421,0.890,-0.187
74.819,S,306547,0.375,0.890,-0.187
74.837,S,306568,0.375,0.890,-0.187
74.867,S,306597,0.375,0.984,-0.234
74.889,S,306619,0.375,0.937,-0.187
74.918,S,306648,0.421,0.937,-0.140
74.939,S,306670,0.375,0.937,-0.187
74.968,S,306698,0.421,0.937,-0.234
74.991,S,306721,0.375,0.937,-0.140
75.020,S,306750,0.421,0.937,-0.234
75.042,S,306772,0.375,0.937,-0.187
75.077,READY
75.084,M,STILL
75.113,S,306843,0.375,0.890,-0.187
75.135,S,306865,0.375,0.984,-0.140
75.164,S,306894,0.375,0.937,-0.140
75.187,S,306916,0.421,0.843,-0.187
75.217,S,306945,0.328,0.937,-0.187
75.238,S,306967,0.468,0.937,-0.187
75.268,S,306996,0.421,0.937,-0.187
75.288,S,307017,0.421,0.937,-0.187
75.315,S,307044,0.421,0.937,-0.187
75.337,S,307066,0.375,0.984,-0.187
75.359,S,307088,0.328,0.890,-0.187
75.389,S,307118,0.375,0.937,-0.281
75.410,S,307140,0.421,0.843,-0.187
75.440,S,307169,0.468,0.796,-0.187
75.468,S,307198,0.421,0.843,-0.187
75.491,S,307220,0.468,0.937,-0.140
75.496,M,MOVING
75.527,S,307256,0.421,0.890,-0.140
75.549,S,307278,0.421,0.796,-0.187
75.579,S,307307,0.515,0.843,-0.140
75.600,S,307329,0.468,0.796,-0.187
75.630,S,307358,0.468,0.796,-0.140
75.651,S,307380,0.468,0.656,-0.140
75.681,S,307409,0.468,0.234,-0.187
75.703,S,307431,0.187,0.140,-0.234
75.731,S,307459,-0.937,1.359,-0.187
75.737,M,WRITING
75.767,S,307495,0.093,0.937,-0.140
75.787,S,307515,0.140,0.984,-0.187
75.809,S,307537,0.187,0.984,-0.140
75.838,S,307565,0.234,1.453,-0.187
75.859,S,307587,0.375,0.984,0.046
75.887,S,307615,0.468,0.703,0.093
75.909,S,307637,0.515,0.703,-0.093
75.938,S,307666,0.562,0.656,-0.140
75.960,S,307688,0.609,0.468,-0.187
75.989,S,307717,0.562,0.421,-0.140
76.012,S,307739,0.562,-0.046,-0.187
76.039,S,307767,0.187,0.328,-0.281
76.061,S,307788,-0.609,1.453,0.000
76.094,READY
76.101,M,WRITING
76.130,S,307857,0.187,1.171,-0.187
76.149,S,307877,0.281,1.406,-0.234
76.171,S,307899,0.328,0.796,0.000
76.199,S,307927,0.375,0.703,0.000
76.222,S,307949,0.468,0.890,-0.187
76.251,S,307978,0.515,0.796,-0.187
76.273,S,308000,0.328,0.656,-0.281
76.302,S,308029,0.375,0.984,-0.328
76.324,S,308051,0.375,0.984,-0.281
76.353,S,308080,0.421,0.843,-0.140
76.383,S,308110,0.421,0.937,-0.187
76.405,S,308132,0.421,0.937,-0.187
76.433,S,308161,0.421,0.843,-0.187
76.462,S,308190,0.421,0.843,-0.187
76.484,S,308213,0.375,0.890,-0.234
76.513,S,308242,0.421,0.890,-0.234
76.535,S,308264,0.375,0.890,-0.140
76.565,S,308293,0.421,0.890,-0.234
76.587,S,308315,0.421,0.843,-0.187
76.616,S,308344,0.421,0.937,-0.187
76.639,S,308366,0.421,0.890,-0.187
76.644,M,MOVING
76.675,S,308402,0.421,0.890,-0.187
76.705,S,308432,0.421,0.937,-0.187
76.727,S,308454,0.328,0.937,-0.234
76.756,S,308484,0.421,0.890,-0.187
76.778,S,308505,0.421,0.890,-0.187
76.807,S,308534,0.421,0.890,-0.187
76.812,M,STILL
76.842,S,308569,0.421,0.843,-0.140
76.864,S,308591,0.468,0.843,-0.187
76.893,S,308620,0.468,0.890,-0.187
76.915,S,308642,0.421,0.890,-0.187
76.944,S,308671,0.375,0.890,-0.187
76.967,S,308693,0.421,0.937,-0.140
76.995,S,308722,0.421,0.984,-0.234
77.018,S,308744,0.375,0.937,-0.234
77.047,S,308774,0.375,0.937,-0.234
77.069,S,308796,0.421,0.890,-0.187
77.104,READY
77.110,M,STILL
77.136,S,308863,0.375,0.890,-0.140
77.158,S,308884,0.421,0.890,-0.140
77.180,S,308906,0.421,0.937,-0.234
77.208,S,308934,0.468,0.890,-0.187
77.230,S,308956,0.421,0.937,-0.187
77.258,S,308985,0.421,0.890,-0.234
77.279,S,309007,0.421,0.843,-0.140
77.309,S,309036,0.375,0.890,-0.187
77.331,S,309058,0.421,0.890,-0.187
77.361,S,309088,0.421,0.890,-0.140
77.383,S,309109,0.375,0.890,-0.187
77.410,S,309137,0.421,0.984,-0.187
77.432,S,309159,0.421,0.890,-0.187
77.461,S,309188,0.421,0.890,-0.187
77.483,S,309210,0.375,0.937,-0.187
77.512,S,309238,0.421,0.937,-0.140
77.534,S,309260,0.421,0.890,-0.187
77.555,S,309281,0.421,0.890,-0.140
77.582,S,309309,0.421,0.937,-0.187
77.604,S,309331,0.421,0.890,-0.234
77.633,S,309360,0.468,0.890,-0.187
77.655,S,309382,0.468,0.890,-0.187
77.684,S,309411,0.421,0.937,-0.234
77.706,S,309433,0.421,0.937,-0.187
77.736,S,309462,0.421,0.937,-0.234
77.758,S,309484,0.468,0.843,-0.187
77.784,S,309511,0.421,0.937,-0.234
77.807,S,309534,0.375,0.890,-0.187
77.835,S,309561,0.421,0.890,-0.234
77.857,S,309584,0.421,0.843,-0.187
77.887,S,309613,0.468,0.843,-0.187
77.909,S,309635,0.421,0.890,-0.140
77.937,S,309664,0.375,0.937,-0.187
77.958,S,309685,0.421,0.937,-0.187
77.987,S,309713,0.375,0.937,-0.187
78.008,S,309734,0.421,0.890,-0.140
78.031,S,309756,0.375,0.890,-0.187
78.060,S,309785,0.421,0.937,-0.187
78.079,S,309805,0.421,0.937,-0.187
78.113,READY
78.118,M,STILL
78.148,S,309874,0.421,0.937,-0.140
78.168,S,309894,0.468,0.937,-0.187
78.191,S,309916,0.421,0.890,-0.187
78.219,S,309945,0.421,0.937,-0.234
78.248,S,309973,0.421,0.890,-0.187
78.268,S,309993,0.421,0.843,-0.187
78.290,S,310016,0.421,0.843,-0.187
78.319,S,310044,0.421,0.890,-0.234
78.782,S,310067,0.375,0.937,-0.187
78.783,S,310094,0.468,0.937,-0.187
78.783,S,310116,0.468,0.843,-0.140
78.784,S,310138,0.421,0.937,-0.234
78.785,S,310165,0.421,0.843,-0.187
78.786,S,310187,0.421,0.890,-0.187
78.787,S,310209,0.421,0.984,-0.187
78.788,S,310238,0.421,0.984,-0.187
78.788,S,310260,0.421,0.890,-0.187
78.789,S,310288,0.421,0.937,-0.234
78.790,S,310310,0.375,0.843,-0.234
78.791,S,310339,0.421,0.937,-0.187
78.792,S,310361,0.421,0.890,-0.187
78.793,S,310389,0.421,0.890,-0.187
78.793,S,310411,0.421,0.937,-0.234
78.794,S,310440,0.421,0.937,-0.140
78.795,S,310462,0.468,0.890,-0.187
78.796,S,310491,0.468,0.937,-0.187
78.797,S,310513,0.375,0.890,-0.187
78.816,S,310542,0.421,0.843,-0.187
78.846,S,310572,0.468,0.890,-0.234
78.868,S,310594,0.468,0.890,-0.234
78.897,S,310623,0.421,0.843,-0.187
78.919,S,310645,0.375,0.843,-0.187
78.947,S,310673,0.375,0.843,-0.187
78.969,S,310696,0.421,0.937,-0.187
78.998,S,310725,0.421,0.843,-0.234
79.021,S,310747,0.421,0.890,-0.187
79.050,S,310776,0.421,0.890,-0.187
79.072,S,310798,0.468,0.937,-0.140
79.101,S,310827,0.468,0.937,-0.234
79.137,READY
79.144,M,STILL
79.173,S,310899,0.421,0.937,-0.187
79.195,S,310921,0.421,0.890,-0.234
79.225,S,310950,0.375,0.937,-0.187
79.248,S,310972,0.375,0.937,-0.187
79.277,S,311002,0.468,0.890,-0.140
79.299,S,311024,0.421,0.843,-0.234
79.327,S,311052,0.421,0.890,-0.234
79.349,S,311074,0.421,0.890,-0.140
79.377,S,311103,0.468,0.890,-0.187
79.399,S,311125,0.421,0.890,-0.187
79.428,S,311154,0.468,0.890,-0.187
79.450,S,311176,0.421,0.890,-0.187
79.479,S,311205,0.421,0.890,-0.140
79.501,S,311227,0.468,0.937,-0.234
79.530,S,311255,0.468,0.890,-0.140
79.552,S,311277,0.468,0.890,-0.234
79.584,S,311307,0.421,0.796,-0.187
79.604,S,311329,0.421,0.937,-0.187
79.633,S,311358,0.468,0.843,-0.187
79.656,S,311380,0.515,0.796,-0.187
79.685,S,311409,0.515,0.796,-0.187
79.707,S,311431,0.515,0.562,-0.140
79.736,S,311460,0.328,0.375,-0.281
79.758,S,311482,0.234,0.843,-0.328
79.787,S,311511,0.234,0.843,0.046
79.809,S,311533,0.140,1.031,0.046
79.815,M,WRITING
79.845,S,311569,0.093,1.125,-0.093
79.867,S,311591,0.328,1.406,-0.281
79.896,S,311620,0.234,1.031,-0.093
79.917,S,311642,0.375,0.562,-0.093
79.946,S,311671,0.468,0.750,-0.140
79.966,S,311691,0.562,0.750,-0.234
79.987,S,311712,0.562,0.609,-0.140
80.017,S,311741,0.562,0.375,-0.187
80.039,S,311763,0.562,0.281,-0.140
80.069,S,311792,0.328,0.937,-0.281
80.091,S,311814,0.187,1.218,-0.234
80.120,S,311843,0.140,0.750,-0.140
80.155,READY
80.161,M,WRITING
80.189,S,311913,0.328,1.171,-0.187
80.212,S,311935,0.281,1.125,-0.046
80.241,S,311964,0.328,0.750,0.000
80.263,S,311986,0.421,0.890,-0.046
80.292,S,312015,0.468,0.890,-0.187
80.314,S,312037,0.375,0.750,-0.187
80.342,S,312066,0.328,0.843,-0.234
80.365,S,312088,0.328,1.031,-0.234
80.394,S,312118,0.375,0.890,-0.093
80.423,S,312146,0.375,0.937,-0.140
80.445,S,312169,0.328,0.984,-0.140
80.474,S,312197,0.421,0.890,-0.140
80.499,S,312220,0.375,0.937,-0.187
80.525,S,312249,0.421,0.937,-0.140
80.548,S,312271,0.375,0.890,-0.140
80.576,S,312299,0.421,0.890,-0.140
80.598,S,312321,0.375,0.890,-0.234
80.628,S,312351,0.375,0.984,-0.187
80.650,S,312373,0.421,0.843,-0.187
80.655,M,MOVING
80.686,S,312409,0.375,0.984,-0.187
80.708,S,312431,0.421,0.890,-0.187
80.737,S,312460,0.421,0.937,-0.093
80.767,S,312489,0.468,0.890,-0.140
80.788,S,312512,0.375,0.890,-0.187
80.818,S,312541,0.375,0.937,-0.187
80.840,S,312563,0.421,0.890,-0.093
80.869,S,312592,0.375,0.984,-0.140
80.891,S,312614,0.375,0.937,-0.187
80.921,S,312643,0.421,0.890,-0.093
80.943,S,312666,0.421,0.937,-0.187
80.973,S,312695,0.375,0.890,-0.187
80.993,S,312717,0.421,0.937,-0.140
81.024,S,312747,0.375,0.937,-0.140
81.053,S,312776,0.421,0.937,-0.187
81.073,S,312796,0.375,0.984,-0.187
81.092,S,312816,0.375,0.937,-0.187
81.114,S,312838,0.375,0.937,-0.140
81.142,S,312866,0.375,0.937,-0.140
81.148,M,STILL
81.182,READY
81.188,M,STILL
81.216,S,312940,0.375,0.890,-0.140
81.238,S,312962,0.375,0.890,-0.187
81.268,S,312991,0.375,0.937,-0.187
81.290,S,313013,0.281,0.890,-0.140
81.319,S,313042,0.328,0.984,-0.140
81.342,S,313065,0.375,0.937,-0.140
81.372,S,313094,0.421,0.937,-0.187
81.392,S,313115,0.375,0.937,-0.140
81.422,S,313144,0.468,0.937,-0.140
81.444,S,313166,0.375,0.843,-0.140
81.473,S,313196,0.421,0.937,-0.140
81.503,S,313225,0.421,0.937,-0.140
81.526,S,313247,0.328,0.984,-0.187
81.553,S,313275,0.375,0.937,-0.140
81.575,S,313297,0.421,0.890,-0.187
81.604,S,313326,0.328,0.890,-0.140
81.625,S,313347,0.375,0.937,-0.140
81.655,S,313376,0.375,0.890,-0.187
81.675,S,313398,0.421,0.937,-0.187
81.705,S,313426,0.375,0.937,-0.140
81.726,S,313449,0.328,0.890,-0.140
81.755,S,313477,0.328,0.890,-0.187
81.776,S,313499,0.375,0.984,-0.187
81.805,S,313528,0.375,0.890,-0.187
81.828,S,313550,0.375,0.984,-0.093
81.857,S,313579,0.375,0.890,-0.140
81.879,S,313601,0.375,0.890,-0.187
81.907,S,313629,0.421,0.890,-0.140
81.929,S,313651,0.375,0.937,-0.187
81.958,S,313680,0.421,0.937,-0.187
81.980,S,313702,0.328,0.890,-0.187
82.009,S,313732,0.421,0.890,-0.187
82.039,S,313761,0.421,0.890,-0.187
82.061,S,313783,0.375,0.937,-0.140
82.090,S,313812,0.375,0.796,-0.140
82.112,S,313834,0.421,0.937,-0.187
82.141,S,313863,0.421,0.984,-0.187
82.171,S,313894,0.328,0.890,-0.234
82.206,READY
82.214,M,STILL
82.243,S,313965,0.328,0.890,-0.187
82.265,S,313987,0.375,0.937,-0.187
82.295,S,314016,0.375,0.843,-0.140
82.323,S,314046,0.468,0.937,-0.187
82.755,S,314068,0.421,0.890,-0.187
82.756,S,314097,0.375,0.890,-0.140
82.757,S,314119,0.421,0.937,-0.140
82.758,S,314148,0.421,0.890,-0.140
82.759,S,314170,0.328,0.937,-0.140
82.760,S,314199,0.375,0.937,-0.187
82.761,S,314229,0.375,0.890,-0.187
82.761,S,314258,0.375,0.937,-0.187
82.762,S,314289,0.328,0.890,-0.187
82.763,S,314310,0.375,0.890,-0.140
82.764,S,314339,0.375,0.937,-0.140
82.765,S,314361,0.375,0.937,-0.187
82.766,S,314390,0.375,0.937,-0.187
82.767,S,314412,0.375,0.937,-0.140
82.769,S,314441,0.421,0.890,-0.140
82.771,S,314461,0.375,0.890,-0.140
82.772,S,314483,0.375,0.937,-0.187
82.790,S,314512,0.375,0.843,-0.187
82.810,S,314533,0.375,0.937,-0.140
82.839,S,314562,0.421,0.890,-0.140
82.861,S,314584,0.421,0.937,-0.093
82.890,S,314613,0.375,0.890,-0.140
82.912,S,314635,0.328,0.890,-0.187
82.939,S,314662,0.375,0.890,-0.187
82.960,S,314683,0.328,0.984,-0.187
82.983,S,314705,0.375,0.984,-0.140
83.013,S,314734,0.421,0.937,-0.187
83.034,S,314756,0.328,0.937,-0.187
83.062,S,314784,0.375,0.890,-0.140
83.083,S,314805,0.328,0.890,-0.187
83.112,S,314835,0.375,0.937,-0.234
83.136,S,314857,0.375,0.890,-0.140
83.163,S,314886,0.375,0.890,-0.187
83.186,S,314908,0.375,0.937,-0.187
83.220,READY
83.226,M,STILL
83.254,S,314976,0.421,0.937,-0.187
83.277,S,314998,0.421,0.937,-0.187
83.301,S,315020,0.421,0.937,-0.093
83.327,S,315049,0.421,0.937,-0.187
83.349,S,315072,0.421,0.890,-0.140
83.378,S,315100,0.421,0.890,-0.187
83.399,S,315121,0.421,0.937,-0.187
83.428,S,315151,0.468,0.843,-0.187
83.450,S,315172,0.421,0.890,-0.187
83.479,S,315201,0.468,0.890,-0.187
83.501,S,315223,0.468,0.890,-0.187
83.532,S,315252,0.421,0.984,-0.140
83.560,S,315282,0.468,0.703,-0.140
83.582,S,315304,0.562,0.609,-0.140
83.612,S,315333,0.468,0.609,-0.140
83.617,M,MOVING
83.646,S,315367,0.328,0.796,-0.234
83.668,S,315389,0.093,1.359,-0.234
83.698,S,315418,0.093,0.843,-0.140
83.719,S,315440,0.093,0.984,-0.140
83.725,M,WRITING
83.756,S,315476,0.140,1.125,-0.281
83.779,S,315498,0.234,1.359,-0.140
83.807,S,315527,0.281,0.750,-0.046
83.837,S,315557,0.421,0.843,-0.093
83.859,S,315579,0.515,0.843,-0.140
83.888,S,315608,0.515,0.703,-0.187
83.910,S,315630,0.515,0.515,-0.140
83.939,S,315659,0.515,0.562,-0.234
83.960,S,315680,0.515,0.328,-0.187
83.989,S,315709,0.234,0.890,-0.140
84.011,S,315731,-0.656,1.406,0.140
84.040,S,315760,0.000,0.984,-0.140
84.062,S,315782,0.093,0.937,-0.328
84.091,S,315811,0.234,1.125,-0.281
84.113,S,315833,0.281,1.171,-0.140
84.142,S,315862,0.281,0.796,-0.046
84.164,S,315884,0.375,0.796,-0.093
84.194,S,315914,0.328,0.984,-0.187
84.229,READY
84.237,M,WRITING
84.265,S,315984,0.328,0.843,-0.234
84.287,S,316006,0.375,0.937,-0.187
84.316,S,316035,0.281,0.890,-0.140
84.338,S,316057,0.281,1.031,-0.234
84.368,S,316087,0.281,0.890,-0.187
84.389,S,316109,0.281,0.890,-0.187
84.419,S,316138,0.375,1.031,-0.187
84.441,S,316160,0.328,0.937,-0.187
84.470,S,316190,0.281,0.984,-0.234
84.493,S,316212,0.328,0.937,-0.234
84.520,S,316240,0.328,0.984,-0.234
84.543,S,316262,0.328,0.890,-0.234
84.572,S,316291,0.281,0.890,-0.187
84.577,M,MOVING
84.607,S,316327,0.281,0.937,-0.187
84.629,S,316348,0.281,0.890,-0.234
84.658,S,316377,0.281,0.890,-0.187
84.679,S,316399,0.281,0.984,-0.234
84.708,S,316428,0.328,0.937,-0.187
84.729,S,316449,0.281,0.937,-0.187
84.760,S,316478,0.375,0.890,-0.234
84.781,S,316500,0.375,0.984,-0.234
84.809,S,316529,0.328,0.937,-0.187
84.832,S,316551,0.328,0.984,-0.187
84.861,S,316580,0.328,0.890,-0.234
84.882,S,316601,0.375,0.890,-0.187
84.887,M,STILL
84.917,S,316636,0.281,0.937,-0.187
84.939,S,316658,0.328,0.937,-0.234
84.968,S,316687,0.281,1.031,-0.234
84.991,S,316709,0.281,0.937,-0.187
85.019,S,316739,0.375,0.984,-0.187
85.041,S,316760,0.328,0.890,-0.234
85.072,S,316789,0.328,0.890,-0.187
85.092,S,316811,0.328,0.890,-0.140
85.121,S,316840,0.281,0.984,-0.187
85.143,S,316862,0.328,0.937,-0.187
85.173,S,316891,0.281,0.890,-0.187
85.195,S,316913,0.281,0.937,-0.234
85.231,READY
85.237,M,STILL
85.266,S,316986,0.328,0.937,-0.140
85.296,S,317015,0.281,0.937,-0.140
85.326,S,317045,0.281,0.937,-0.187
85.356,S,317075,0.281,0.937,-0.187
85.378,S,317097,0.281,0.890,-0.187
85.407,S,317126,0.328,0.890,-0.234
85.429,S,317149,0.328,0.984,-0.187
85.459,S,317178,0.375,0.937,-0.187
85.481,S,317200,0.281,0.937,-0.187
85.510,S,317228,0.281,0.937,-0.234
85.532,S,317250,0.281,0.984,-0.187
85.560,S,317279,0.328,0.984,-0.187
85.582,S,317301,0.328,0.937,-0.234
85.611,S,317330,0.328,0.984,-0.234
85.634,S,317352,0.281,0.937,-0.187
85.662,S,317381,0.375,0.937,-0.187
85.684,S,317404,0.281,0.937,-0.234
85.713,S,317433,0.328,0.984,-0.140
85.735,S,317455,0.328,0.937,-0.187
85.765,S,317484,0.281,0.937,-0.234
85.794,S,317513,0.328,0.890,-0.234
85.816,S,317535,0.328,0.984,-0.234
85.845,S,317565,0.328,0.984,-0.234
85.868,S,317587,0.328,0.890,-0.187
85.897,S,317616,0.328,0.937,-0.140
85.919,S,317638,0.281,0.984,-0.140
85.948,S,317667,0.328,0.984,-0.187
85.971,S,317688,0.281,0.937,-0.187
85.999,S,317717,0.328,0.937,-0.187
86.027,S,317746,0.328,0.937,-0.234
86.049,S,317768,0.328,0.937,-0.187
86.078,S,317797,0.281,0.984,-0.187
86.100,S,317819,0.281,0.984,-0.140
86.129,S,317848,0.328,0.937,-0.140
86.151,S,317870,0.281,0.937,-0.140
86.181,S,317899,0.328,0.984,-0.187
86.203,S,317921,0.328,0.890,-0.187
86.238,READY
86.245,M,STILL
86.275,S,317992,0.328,0.890,-0.187
86.305,S,318023,0.281,1.031,-0.187
86.327,S,318045,0.328,0.890,-0.187
86.759,S,318074,0.281,0.984,-0.187
86.760,S,318096,0.328,0.984,-0.140
86.761,S,318125,0.281,0.937,-0.187
86.762,S,318146,0.328,0.984,-0.187
86.763,S,318175,0.328,0.937,-0.187
86.763,S,318205,0.234,0.984,-0.187
86.764,S,318227,0.281,0.937,-0.187
86.765,S,318256,0.328,0.890,-0.140
86.766,S,318278,0.375,0.890,-0.187
86.767,S,318307,0.375,0.890,-0.187
86.768,S,318337,0.328,0.937,-0.140
86.769,S,318359,0.281,0.937,-0.187
86.771,S,318388,0.328,0.937,-0.187
86.772,S,318410,0.328,0.937,-0.140
86.773,S,318438,0.281,0.937,-0.187
86.774,S,318460,0.328,0.937,-0.187
86.775,S,318489,0.281,0.937,-0.187
86.793,S,318512,0.328,0.890,-0.187
86.822,S,318541,0.328,0.984,-0.187
86.844,S,318563,0.328,0.937,-0.187
86.873,S,318592,0.328,0.937,-0.187
86.896,S,318614,0.328,0.937,-0.187
86.925,S,318643,0.281,0.937,-0.234
86.954,S,318672,0.375,0.984,-0.187
86.976,S,318694,0.328,0.890,-0.187
87.005,S,318723,0.328,0.984,-0.187
87.027,S,318745,0.281,1.031,-0.140
87.056,S,318774,0.328,0.890,-0.187
87.078,S,318796,0.328,0.937,-0.234
87.109,S,318825,0.328,0.984,-0.187
87.129,S,318847,0.328,0.890,-0.187
87.158,S,318876,0.328,0.890,-0.234
87.180,S,318898,0.281,0.937,-0.234
87.209,S,318927,0.281,0.984,-0.234
87.244,READY
87.251,M,STILL
87.280,S,318998,0.328,0.937,-0.187
87.301,S,319019,0.328,0.843,-0.187
87.330,S,319048,0.328,0.937,-0.187
87.352,S,319070,0.375,0.984,-0.187
87.381,S,319099,0.375,0.890,-0.234
87.403,S,319121,0.421,0.937,-0.187
87.432,S,319150,0.281,0.890,-0.140
87.454,S,319172,0.328,0.937,-0.187
87.483,S,319201,0.375,0.890,-0.140
87.505,S,319223,0.328,0.937,-0.187
87.534,S,319252,0.421,0.890,-0.187
87.556,S,319275,0.375,0.843,-0.140
87.586,S,319304,0.421,0.703,-0.093
87.608,S,319326,0.468,0.703,-0.140
87.638,S,319355,0.328,0.328,-0.093
87.660,S,319377,-0.140,1.265,0.000
87.690,S,319406,0.093,0.843,-0.281
87.695,M,WRITING
87.725,S,319442,0.046,0.937,-0.187
87.747,S,319464,0.000,1.078,-0.234
87.777,S,319493,0.421,1.453,-0.187
87.798,S,319515,0.375,1.218,0.046
87.827,S,319543,0.375,0.562,0.000
87.849,S,319565,0.468,0.515,-0.046
87.876,S,319593,0.562,0.562,-0.093
87.897,S,319614,0.421,0.468,-0.140
87.924,S,319642,0.375,0.562,-0.187
87.946,S,319664,-0.796,1.359,-0.046
87.973,S,319691,0.000,0.937,-0.328
87.996,S,319714,0.140,0.937,-0.281
88.024,S,319743,0.234,0.890,-0.234
88.046,S,319764,0.328,1.031,-0.187
88.074,S,319792,0.328,1.031,-0.140
88.096,S,319813,0.234,1.218,-0.140
88.117,S,319834,0.281,0.796,-0.046
88.147,S,319863,0.328,0.843,-0.046
88.168,S,319884,0.328,0.984,-0.187
88.197,S,319913,0.281,0.890,-0.140
88.219,S,319935,0.281,0.890,-0.187
88.253,READY
88.259,M,WRITING
88.287,S,320004,0.328,0.937,-0.140
88.310,S,320026,0.328,0.937,-0.140
88.337,S,320054,0.375,0.890,-0.187
88.358,S,320075,0.328,0.984,-0.234
88.379,S,320095,0.328,0.890,-0.140
88.401,S,320117,0.328,0.890,-0.187
88.430,S,320146,0.328,0.984,-0.234
88.453,S,320168,0.328,0.984,-0.187
88.480,S,320196,0.234,0.984,-0.140
88.486,M,MOVING
88.515,S,320231,0.328,0.890,-0.187
88.536,S,320252,0.328,0.937,-0.187
88.564,S,320280,0.375,0.890,-0.187
88.585,S,320301,0.375,0.937,-0.140
88.607,S,320323,0.328,0.984,-0.187
88.636,S,320352,0.375,0.937,-0.187
88.657,S,320373,0.328,0.890,-0.140
88.687,S,320402,0.328,0.937,-0.140
88.708,S,320425,0.375,0.937,-0.187
88.737,S,320454,0.375,0.984,-0.187
88.759,S,320476,0.328,0.890,-0.140
88.788,S,320504,0.281,0.937,-0.140
88.810,S,320526,0.328,0.890,-0.187
88.839,S,320555,0.281,0.937,-0.140
88.860,S,320576,0.328,0.843,-0.140
88.889,S,320605,0.328,0.984,-0.140
88.912,S,320627,0.281,0.984,-0.187
88.940,S,320656,0.328,0.890,-0.187
88.945,M,STILL
88.976,S,320691,0.328,0.937,-0.187
88.997,S,320713,0.328,0.984,-0.140
89.026,S,320742,0.328,0.937,-0.140
89.047,S,320762,0.375,0.890,-0.187
89.068,S,320784,0.421,0.890,-0.140
89.098,S,320813,0.328,0.937,-0.140
89.119,S,320834,0.328,0.937,-0.140
89.147,S,320862,0.328,0.890,-0.140
89.168,S,320884,0.328,0.937,-0.140
89.190,S,320906,0.328,0.984,-0.187
89.218,S,320934,0.328,0.937,-0.140
89.239,S,320955,0.328,0.890,-0.140
89.272,READY
89.278,M,STILL
89.307,S,321023,0.328,0.937,-0.187
89.330,S,321045,0.375,0.937,-0.187
89.359,S,321074,0.328,0.984,-0.140
89.381,S,321096,0.328,0.937,-0.140
89.410,S,321125,0.328,0.937,-0.234
89.432,S,321147,0.281,0.937,-0.140
89.462,S,321176,0.328,0.937,-0.187
89.483,S,321198,0.281,0.937,-0.187
89.511,S,321227,0.281,0.984,-0.140
89.534,S,321249,0.281,0.937,-0.140
89.563,S,321278,0.328,0.984,-0.140
89.585,S,321300,0.281,0.890,-0.187
89.614,S,321329,0.328,0.937,-0.187
89.637,S,321351,0.328,0.984,-0.140
89.665,S,321381,0.328,0.937,-0.234
89.688,S,321403,0.328,0.890,-0.140
89.717,S,321432,0.375,0.937,-0.187
89.738,S,321453,0.328,0.937,-0.187
89.766,S,321482,0.281,0.890,-0.140
89.789,S,321504,0.328,1.031,-0.140
89.818,S,321533,0.234,0.984,-0.140
89.841,S,321555,0.281,0.890,-0.093
89.869,S,321584,0.328,0.937,-0.187
89.892,S,321606,0.328,0.890,-0.234
89.919,S,321634,0.328,0.937,-0.093
89.942,S,321656,0.375,0.984,-0.140
89.971,S,321685,0.375,0.890,-0.187
89.999,S,321715,0.375,0.937,-0.093
90.005,M,MOVING
90.036,S,321751,0.281,0.937,-0.140
90.058,S,321773,0.328,0.937,-0.140
90.086,S,321801,0.281,0.937,-0.093
90.109,S,321823,0.281,0.890,-0.234
90.137,S,321852,0.328,0.937,-0.140
90.160,S,321874,0.328,0.937,-0.187
90.191,S,321904,0.328,0.937,-0.140
90.210,S,321926,0.281,0.890,-0.093
90.239,S,321955,0.328,0.937,-0.140
90.261,S,321977,0.281,0.984,-0.140
90.296,READY
90.303,M,MOVING
90.333,S,322048,0.281,0.890,-0.140
90.648,S,322070,0.328,0.984,-0.140
90.649,S,322099,0.328,0.984,-0.140
90.650,S,322121,0.328,0.937,-0.140
90.651,S,322150,0.328,0.890,-0.140
90.652,S,322179,0.328,0.937,-0.140
90.652,M,STILL
90.653,S,322214,0.281,0.890,-0.140
90.654,S,322236,0.375,0.937,-0.140
90.654,S,322265,0.281,0.937,-0.187
90.655,S,322288,0.328,0.937,-0.187
90.656,S,322317,0.328,0.984,-0.140
90.657,S,322338,0.328,0.937,-0.140
90.658,S,322359,0.328,0.937,-0.187
90.672,S,322387,0.281,0.937,-0.140
90.693,S,322408,0.328,0.890,-0.140
90.714,S,322429,0.328,0.890,-0.140
90.742,S,322458,0.328,0.984,-0.140
90.764,S,322480,0.328,0.984,-0.140
90.793,S,322509,0.328,0.937,-0.187
90.815,S,322531,0.328,0.937,-0.093
90.850,S,322560,0.328,1.031,-0.187
90.867,S,322582,0.281,0.890,-0.093
90.896,S,322611,0.328,0.937,-0.234
90.919,S,322633,0.328,0.937,-0.140
90.947,S,322663,0.234,0.937,-0.140
90.969,S,322684,0.328,0.984,-0.140
90.998,S,322713,0.328,0.937,-0.187
91.020,S,322735,0.328,0.937,-0.093
91.049,S,322764,0.328,0.890,-0.140
91.071,S,322786,0.375,0.937,-0.140
91.101,S,322816,0.375,0.937,-0.187
91.122,S,322837,0.281,0.890,-0.187
91.151,S,322866,0.328,0.890,-0.140
91.173,S,322888,0.328,0.984,-0.093
91.205,S,322917,0.328,0.984,-0.140
91.224,S,322939,0.328,0.937,-0.140
91.255,S,322968,0.375,1.031,-0.140
91.276,S,322990,0.328,0.937,-0.140
91.311,READY
91.318,M,STILL
91.347,S,323062,0.281,0.937,-0.140
91.369,S,323084,0.375,0.890,-0.187
91.397,S,323112,0.281,0.984,-0.140
91.419,S,323133,0.375,0.890,-0.187
91.448,S,323163,0.375,0.937,-0.187
91.472,S,323185,0.281,0.937,-0.140
91.498,S,323212,0.328,0.937,-0.140
91.519,S,323234,0.328,1.031,-0.140
91.542,S,323256,0.421,0.984,-0.140
91.571,S,323285,0.328,1.031,-0.187
91.592,S,323306,0.328,0.937,-0.140
91.622,S,323335,0.328,0.890,-0.187
91.644,S,323357,0.375,0.937,-0.140
91.673,S,323387,0.328,0.937,-0.140
91.696,S,323409,0.375,0.937,-0.140
91.725,S,323438,0.328,0.937,-0.093
91.747,S,323459,0.375,0.890,-0.187
91.776,S,323489,0.375,0.937,-0.187
91.798,S,323511,0.281,0.984,-0.093
91.827,S,323540,0.281,0.890,-0.093
91.848,S,323561,0.328,0.890,-0.093
91.877,S,323589,0.328,0.890,-0.140
91.898,S,323610,0.328,0.937,-0.140
91.924,S,323632,0.281,0.984,-0.187
91.947,S,323661,0.328,0.890,-0.140
91.970,S,323683,0.328,0.984,-0.140
91.999,S,323712,0.328,0.984,-0.187
92.022,S,323734,0.375,0.937,-0.187
92.049,S,323763,0.281,0.937,-0.187
92.072,S,323785,0.421,0.890,-0.187
92.101,S,323814,0.375,0.937,-0.187
92.130,S,323842,0.328,0.984,-0.140
92.152,S,323865,0.328,0.984,-0.140
92.317,S,323894,0.328,0.937,-0.140
92.318,S,323916,0.328,0.937,-0.140
92.319,S,323944,0.281,0.984,-0.187
92.320,S,323966,0.281,0.937,-0.140
92.321,S,323995,0.328,0.984,-0.140
92.322,S,324016,0.281,0.937,-0.187
92.351,READY
92.357,M,STILL
92.372,S,324086,0.328,0.937,-0.187
92.394,S,324107,0.328,0.937,-0.140
92.416,S,324130,0.281,0.937,-0.187
92.447,S,324159,0.328,0.984,-0.140
92.471,S,324180,0.281,0.890,-0.187
92.486,S,324200,0.328,0.937,-0.187
92.509,S,324222,0.328,0.937,-0.187
92.538,S,324251,0.328,0.937,-0.187
92.560,S,324273,0.281,0.937,-0.187
92.589,S,324302,0.328,0.937,-0.140
92.610,S,324323,0.328,0.890,-0.234
92.639,S,324352,0.281,0.937,-0.093
92.668,S,324381,0.375,0.937,-0.140
92.690,S,324403,0.281,0.984,-0.140
92.719,S,324432,0.328,1.031,-0.093
92.740,S,324453,0.328,0.984,-0.140
92.762,S,324475,0.328,1.031,-0.187
92.791,S,324504,0.328,0.937,-0.093
92.813,S,324526,0.328,0.937,-0.140
92.842,S,324554,0.375,0.937,-0.187
92.862,S,324575,0.281,0.937,-0.187
92.892,S,324604,0.328,0.937,-0.140
92.914,S,324626,0.328,0.890,-0.187
92.942,S,324654,0.328,0.890,-0.140
92.972,S,324684,0.328,0.937,-0.093
92.995,S,324707,0.328,0.890,-0.140
93.024,S,324736,0.281,1.031,-0.140
93.046,S,324758,0.328,0.890,-0.187
93.076,S,324787,0.281,0.937,-0.187
93.098,S,324808,0.328,0.937,-0.187
93.127,S,324837,0.281,0.937,-0.140
93.148,S,324860,0.375,0.890,-0.187
93.178,S,324889,0.281,0.890,-0.140
93.336,S,324911,0.375,0.984,-0.187
93.337,S,324940,0.328,0.937,-0.187
93.338,S,324962,0.328,0.890,-0.093
93.339,S,324991,0.328,0.937,-0.187
93.339,S,325021,0.328,0.890,-0.140
93.340,S,325043,0.281,0.984,-0.187
93.372,READY
93.378,M,STILL
93.394,S,325106,0.328,0.937,-0.140
93.415,S,325128,0.281,0.937,-0.187
93.438,S,325150,0.328,0.937,-0.187
93.461,S,325172,0.328,0.937,-0.140
93.490,S,325201,0.328,0.984,-0.187
93.511,S,325222,0.328,0.937,-0.140
93.541,S,325253,0.375,0.937,-0.140
93.564,S,325275,0.281,0.890,-0.140
93.591,S,325304,0.328,0.937,-0.140
93.614,S,325326,0.328,0.937,-0.187
93.643,S,325355,0.375,0.890,-0.140
93.665,S,325377,0.375,0.937,-0.140
93.694,S,325406,0.281,0.984,-0.234
93.716,S,325428,0.328,0.890,-0.140
93.745,S,325457,0.328,0.937,-0.140
93.768,S,325479,0.328,0.937,-0.140
93.796,S,325508,0.375,0.984,-0.187
93.818,S,325530,0.421,0.937,-0.187
93.847,S,325559,0.375,0.937,-0.140
93.870,S,325581,0.375,0.984,-0.140
93.899,S,325610,0.281,0.937,-0.140
93.921,S,325632,0.375,0.937,-0.140
93.949,S,325661,0.328,0.937,-0.140
93.972,S,325683,0.328,0.937,-0.140
94.001,S,325712,0.375,0.937,-0.187
94.031,S,325742,0.328,0.937,-0.140
94.053,S,325764,0.328,0.937,-0.140
94.082,S,325793,0.328,0.937,-0.140
94.104,S,325815,0.375,0.984,-0.187
94.132,S,325843,0.375,0.984,-0.140
94.154,S,325865,0.281,0.937,-0.140
94.183,S,325894,0.375,0.937,-0.187
94.205,S,325916,0.375,0.890,-0.234
94.372,S,325945,0.375,0.937,-0.187
94.373,S,325967,0.328,0.937,-0.140
94.374,S,325996,0.375,1.031,-0.187
94.375,S,326018,0.281,0.890,-0.140
94.375,S,326047,0.328,0.984,-0.140
94.376,S,326069,0.281,0.984,-0.140
94.407,READY
94.412,M,STILL
94.426,S,326138,0.328,0.937,-0.187
94.449,S,326160,0.328,0.890,-0.187
94.470,S,326182,0.328,0.984,-0.140
94.493,S,326205,0.328,0.984,-0.140
94.523,S,326234,0.281,0.937,-0.140
94.544,S,326256,0.328,0.937,-0.140
94.574,S,326285,0.328,0.890,-0.140
94.595,S,326307,0.328,0.937,-0.140
94.622,S,326333,0.328,0.937,-0.187
94.643,S,326355,0.375,0.937,-0.140
94.665,S,326377,0.281,0.937,-0.140
94.693,S,326405,0.328,0.984,-0.093
94.715,S,326427,0.328,0.984,-0.140
94.744,S,326456,0.328,0.890,-0.140
94.778,S,326486,0.328,0.937,-0.140
94.797,S,326508,0.375,0.937,-0.140
94.825,S,326536,0.328,0.984,-0.140
94.847,S,326558,0.328,0.890,-0.187
94.875,S,326586,0.328,0.984,-0.140
94.897,S,326608,0.328,0.890,-0.140
94.918,S,326629,0.281,0.937,-0.140
94.946,S,326657,0.328,0.984,-0.187
94.967,S,326678,0.328,0.937,-0.140
94.990,S,326700,0.328,0.937,-0.187
95.019,S,326729,0.328,0.937,-0.140
95.040,S,326750,0.375,0.890,-0.140
95.068,S,326778,0.328,0.890,-0.140
95.090,S,326800,0.328,0.937,-0.140
95.118,S,326829,0.375,0.984,-0.140
95.142,S,326851,0.281,0.937,-0.140
95.171,S,326881,0.328,0.937,-0.187
95.194,S,326903,0.328,0.937,-0.140
95.223,S,326932,0.328,0.937,-0.140
95.730,S,326954,0.375,0.937,-0.187
95.731,S,326983,0.375,0.937,-0.187
95.733,S,327005,0.328,0.937,-0.093
95.734,S,327034,0.375,0.890,-0.187
95.738,S,327064,0.281,0.984,-0.140
95.740,S,327094,0.281,0.937,-0.140
95.741,S,327116,0.281,0.937,-0.187
95.743,S,327145,0.375,0.937,-0.140
95.745,S,327166,0.328,0.890,-0.140
95.747,S,327194,0.281,0.984,-0.140
95.748,S,327217,0.328,0.984,-0.140
95.750,S,327245,0.375,0.890,-0.187
95.751,S,327267,0.328,0.890,-0.140
95.753,S,327296,0.328,0.890,-0.093
95.754,S,327318,0.421,0.890,-0.140
95.756,S,327348,0.328,0.937,-0.187
95.757,S,327377,0.328,0.937,-0.187
95.758,S,327398,0.375,0.890,-0.187
95.759,S,327427,0.328,0.937,-0.187
95.760,S,327448,0.328,0.890,-0.140
95.771,READY
95.779,M,STILL
95.807,S,327517,0.328,0.984,-0.140
95.829,S,327539,0.281,0.937,-0.187
95.858,S,327568,0.281,0.937,-0.140
95.880,S,327590,0.328,0.937,-0.140
95.909,S,327619,0.328,0.984,-0.140
95.930,S,327640,0.421,0.937,-0.187
95.959,S,327669,0.328,0.984,-0.234
95.981,S,327691,0.375,0.890,-0.234
96.010,S,327720,0.328,0.890,-0.234
96.031,S,327742,0.375,0.843,-0.140
96.061,S,327771,0.328,0.890,-0.140
96.082,S,327792,0.328,0.937,-0.187
96.112,S,327821,0.421,0.984,-0.140
96.134,S,327843,0.375,0.937,-0.140
96.163,S,327872,0.328,0.937,-0.187
96.169,M,MOVING
96.197,S,327905,0.375,0.937,-0.140
96.218,S,327927,0.281,0.937,-0.140
96.247,S,327956,0.281,0.937,-0.140
96.270,S,327978,0.234,0.890,-0.187
96.300,S,328007,0.328,0.984,-0.140
96.320,S,328029,0.281,1.031,-0.093
96.348,S,328057,0.281,0.984,-0.140
96.367,S,328077,0.281,0.984,-0.093
96.391,S,328099,0.281,0.984,-0.140
96.419,S,328128,0.281,0.984,-0.234
96.441,S,328149,0.328,0.890,-0.187
96.469,S,328178,0.234,0.984,-0.234
96.491,S,328200,0.328,0.890,-0.187
96.519,S,328228,0.328,0.890,-0.187
96.542,S,328250,0.328,0.984,-0.234
96.571,S,328279,0.281,0.890,-0.140
96.593,S,328301,0.328,0.890,-0.140
96.621,S,328330,0.328,0.984,-0.187
96.644,S,328352,0.281,0.937,-0.140
96.673,S,328381,0.281,0.937,-0.187
96.695,S,328403,0.234,0.890,-0.140
96.723,S,328431,0.281,0.890,-0.187
96.745,S,328453,0.281,0.843,-0.187
96.779,READY
96.785,M,MOVING
96.815,S,328523,0.281,0.984,-0.187
96.837,S,328545,0.281,0.984,-0.234
96.866,S,328574,0.187,0.984,-0.234
96.895,S,328603,0.234,0.984,-0.234
96.917,S,328626,0.234,0.937,-0.281
96.946,S,328655,0.281,0.984,-0.187
96.967,S,328676,0.281,0.937,-0.093
96.995,S,328704,0.234,0.984,-0.093
97.017,S,328726,0.187,1.031,-0.140
97.045,S,328753,0.234,0.984,0.000
97.067,S,328775,0.234,1.031,0.000
97.089,S,328797,0.281,1.078,0.000
97.117,S,328826,0.281,0.984,0.000
97.138,S,328848,0.281,0.984,-0.093
97.168,S,328877,0.328,0.937,-0.187
97.190,S,328899,0.281,0.843,-0.187
97.219,S,328928,0.281,0.937,-0.281
97.241,S,328950,0.234,0.937,-0.234
97.270,S,328979,0.234,0.937,-0.187
97.293,S,329001,0.328,0.937,-0.140
97.322,S,329030,0.187,0.937,-0.187
97.343,S,329052,0.281,1.031,-0.187
97.373,S,329081,0.187,1.031,-0.140
97.403,S,329110,0.234,1.031,-0.140
97.425,S,329133,0.234,1.031,-0.187
97.453,S,329160,0.281,0.937,-0.234
97.475,S,329183,0.234,0.984,-0.234
97.504,S,329212,0.234,0.937,-0.187
97.526,S,329234,0.328,0.890,-0.234
97.555,S,329262,0.328,0.890,-0.281
97.577,S,329284,0.234,1.031,-0.281
97.607,S,329313,0.234,0.937,-0.234
97.635,S,329343,0.281,0.984,-0.187
97.657,S,329366,0.234,1.031,-0.187
97.686,S,329395,0.375,0.843,-0.140
97.708,S,329417,0.140,1.078,-0.234
97.738,S,329446,0.234,0.937,-0.187
97.760,S,329468,0.281,0.937,-0.093
97.793,READY
97.800,M,MOVING
97.830,S,329537,0.281,0.890,-0.187
97.852,S,329559,0.234,0.937,-0.281
97.880,S,329588,0.281,0.937,-0.281
97.904,S,329610,0.187,0.937,-0.187
97.932,S,329640,0.187,1.031,-0.140
97.955,S,329662,0.281,0.984,-0.234
97.984,S,329691,0.328,0.937,-0.140
98.005,S,329713,0.281,1.031,-0.140
98.034,S,329742,0.234,0.937,-0.187
98.057,S,329764,0.281,0.984,-0.140
98.086,S,329793,0.234,1.031,-0.187
98.108,S,329815,0.281,0.984,-0.187
98.138,S,329844,0.281,1.031,-0.187
98.159,S,329866,0.234,0.890,-0.281
98.189,S,329896,0.328,0.984,-0.187
98.211,S,329918,0.281,0.937,-0.187
98.242,S,329949,0.328,1.031,-0.187
98.264,S,329971,0.234,0.937,-0.187
98.293,S,330000,0.234,0.984,-0.140
98.316,S,330022,0.328,0.984,-0.187
98.345,S,330051,0.281,0.984,-0.187
98.373,S,330081,0.281,0.984,-0.234
98.396,S,330103,0.281,0.937,-0.187
98.424,S,330131,0.281,0.984,-0.140
98.446,S,330153,0.281,0.937,-0.140
98.467,S,330174,0.234,0.937,-0.140
98.496,S,330202,0.281,0.984,-0.187
98.517,S,330224,0.234,0.937,-0.140
98.546,S,330253,0.234,1.031,-0.140
98.569,S,330276,0.328,0.890,-0.140
98.599,S,330305,0.328,0.937,-0.046
98.618,S,330325,0.281,0.937,-0.140
98.642,S,330347,0.281,0.937,-0.140
98.669,S,330376,0.187,1.031,-0.140
98.692,S,330398,0.281,0.937,-0.140
98.721,S,330427,0.140,1.078,-0.140
98.751,S,330457,0.281,0.937,-0.140
98.780,S,330486,0.281,0.937,-0.187
98.815,READY
98.822,M,MOVING
98.851,S,330557,0.234,0.890,-0.093
98.873,S,330579,0.328,0.937,-0.093
98.902,S,330608,0.234,1.078,-0.093
98.924,S,330630,0.281,0.984,-0.140
98.951,S,330659,0.234,0.937,-0.140
98.974,S,330681,0.234,0.937,-0.140
99.002,S,330710,0.187,0.984,-0.187
99.025,S,330732,0.234,0.890,-0.187
99.054,S,330761,0.234,0.937,-0.187
99.084,S,330791,0.000,1.125,-0.187
99.115,S,330821,0.140,1.078,-0.140
99.137,S,330843,0.281,0.937,-0.093
99.166,S,330872,0.234,0.984,-0.140
99.191,S,330894,0.187,0.984,-0.187
99.218,S,330924,0.328,0.984,-0.187
99.240,S,330946,0.328,0.937,-0.093
99.269,S,330975,0.421,0.937,-0.093
99.291,S,330997,0.328,0.937,-0.234
99.319,S,331026,0.234,0.984,-0.375
99.342,S,331048,0.187,1.031,-0.281
99.370,S,331077,0.140,1.031,-0.234
99.392,S,331099,0.140,0.890,-0.140
99.426,S,331128,0.140,0.937,-0.234
99.454,S,331162,0.187,0.984,-0.046
99.476,S,331183,0.281,0.937,-0.046
99.504,S,331212,0.281,0.937,-0.046
99.527,S,331234,0.421,0.984,-0.093
99.556,S,331262,0.375,0.890,-0.187
99.578,S,331284,0.328,0.984,-0.234
99.606,S,331313,0.234,0.984,-0.328
99.629,S,331335,0.234,0.984,-0.281
99.658,S,331364,0.000,0.984,-0.234
99.680,S,331386,-0.046,0.890,-0.281
99.709,S,331415,0.000,1.078,-0.328
99.715,M,WRITING
99.745,S,331451,0.140,0.984,-0.281
99.767,S,331473,0.328,0.890,-0.234
99.796,S,331502,0.468,0.937,-0.234
99.831,READY
99.838,M,WRITING
99.867,S,331573,0.562,0.937,0.046
99.890,S,331595,0.515,0.937,0.046
99.919,S,331624,0.281,1.031,0.046
99.941,S,331646,0.281,0.937,-0.093
99.970,S,331676,0.000,1.078,-0.281
99.998,S,331705,0.000,1.031,-0.281
100.020,S,331727,0.000,0.984,-0.421
100.053,S,331759,0.046,1.031,-0.328
100.082,S,331788,0.281,0.937,-0.140
100.105,S,331810,0.328,0.984,0.000
100.134,S,331840,0.468,0.890,0.000
100.157,S,331862,0.468,0.890,-0.140
100.185,S,331891,0.375,0.843,-0.234
100.208,S,331913,0.234,0.984,-0.375
100.238,S,331942,-0.093,1.031,-0.328
100.259,S,331964,0.000,0.984,-0.281
100.288,S,331993,-0.046,1.125,-0.234
100.310,S,332015,0.187,1.031,-0.140
100.338,S,332044,0.328,0.937,0.046
100.361,S,332066,0.421,0.984,0.140
100.390,S,332096,0.562,0.984,0.000
100.420,S,332125,0.468,0.843,-0.234
100.441,S,332147,0.234,0.984,-0.281
100.471,S,332176,-0.093,0.890,-0.421
100.492,S,332197,-0.046,0.890,-0.421
100.520,S,332225,-0.093,0.890,-0.375
100.542,S,332247,-0.046,0.937,-0.328
100.571,S,332276,0.187,0.937,-0.375
100.593,S,332298,0.281,0.843,-0.281
100.622,S,332327,0.468,0.843,-0.375
100.644,S,332349,0.515,0.843,-0.328
100.673,S,332378,0.609,0.937,-0.093
100.695,S,332400,0.515,0.843,0.000
100.723,S,332428,0.328,0.984,0.000
100.744,S,332449,0.281,0.984,0.046
100.765,S,332470,0.187,0.937,-0.046
100.793,S,332498,0.140,0.984,-0.140
100.815,S,332520,0.140,0.984,-0.187
100.850,READY
100.857,M,WRITING
100.886,S,332590,0.281,0.937,-0.281
100.908,S,332612,0.281,0.937,-0.187
100.935,S,332640,0.234,0.937,-0.140
100.956,S,332661,0.234,0.937,-0.187
100.978,S,332683,0.187,0.984,-0.140
101.006,S,332711,0.093,1.078,-0.046
101.028,S,332733,0.093,1.078,-0.046
101.056,S,332761,0.093,1.031,-0.093
101.078,S,332783,0.140,1.031,-0.093
101.108,S,332812,0.234,0.984,-0.140
101.130,S,332835,0.234,1.031,-0.093
101.160,S,332864,0.515,0.937,-0.093
101.181,S,332885,0.562,0.890,-0.046
101.209,S,332914,0.281,1.031,-0.187
101.232,S,332936,0.281,0.937,-0.234
101.260,S,332965,0.093,1.031,-0.328
101.283,S,332987,0.046,1.031,-0.328
101.311,S,333015,0.093,0.937,-0.375
101.333,S,333038,-0.093,1.031,-0.328
101.363,S,333067,0.187,0.984,-0.140
101.385,S,333089,0.234,1.031,-0.093
101.413,S,333118,0.421,0.937,0.000
101.436,S,333140,0.375,0.937,-0.046
101.465,S,333169,0.421,0.890,-0.140
101.495,S,333199,0.234,0.890,-0.234
101.517,S,333221,0.140,0.984,-0.328
101.547,S,333250,0.140,0.937,-0.328
101.568,S,333272,0.000,1.031,-0.281
101.597,S,333301,0.140,0.984,-0.281
101.619,S,333323,-0.046,1.171,-0.234
101.647,S,333352,0.187,0.984,-0.140
101.669,S,333374,0.234,0.984,-0.093
101.698,S,333402,0.375,0.984,-0.093
101.720,S,333425,0.281,0.937,-0.093
101.749,S,333454,0.328,0.984,-0.234
101.779,S,333484,0.281,0.937,-0.281
101.801,S,333506,0.000,1.125,-0.375
101.831,S,333535,0.093,0.984,-0.234
101.866,READY
101.874,M,WRITING
101.903,S,333606,0.281,0.984,-0.140
101.925,S,333628,0.140,1.078,-0.140
101.954,S,333657,0.234,0.937,-0.234
101.977,S,333680,0.187,0.984,-0.328
102.004,S,333708,0.375,0.843,-0.421
102.027,S,333730,0.328,0.843,-0.328
102.056,S,333759,0.093,0.890,-0.281
102.078,S,333782,0.234,0.937,-0.140
102.107,S,333811,0.281,1.031,0.093
102.130,S,333833,0.281,1.031,0.187
102.159,S,333862,0.281,1.078,0.046
102.181,S,333885,0.281,1.031,-0.046
102.211,S,333915,0.281,0.984,-0.046
102.233,S,333936,0.281,0.937,-0.046
102.261,S,333964,0.328,0.937,-0.187
102.283,S,333986,0.281,0.984,-0.187
102.312,S,334016,0.281,0.937,-0.328
102.334,S,334038,0.234,0.984,-0.421
102.363,S,334067,0.140,0.937,-0.421
102.386,S,334089,0.140,0.937,-0.328
102.416,S,334118,0.140,1.031,-0.281
102.438,S,334140,0.234,0.984,-0.140
102.466,S,334170,0.140,1.078,-0.140
102.496,S,334200,0.187,1.031,-0.140
102.518,S,334222,0.375,0.890,-0.140
102.548,S,334251,0.375,0.890,-0.234
102.569,S,334272,0.140,1.031,-0.375
102.598,S,334301,0.187,0.984,-0.375
102.619,S,334323,0.281,0.890,-0.281
102.648,S,334351,0.093,1.031,-0.234
102.670,S,334373,0.140,0.984,-0.187
102.698,S,334402,0.093,1.125,-0.046
102.719,S,334423,0.140,0.984,-0.187
102.739,S,334443,0.281,0.984,-0.140
102.766,S,334470,0.375,0.937,-0.046
102.787,S,334491,0.468,0.890,-0.046
102.810,S,334513,0.468,0.890,-0.046
102.830,S,334534,0.375,0.937,-0.187
102.857,S,334561,0.187,0.984,-0.281
102.891,READY
102.897,M,WRITING
102.927,S,334629,0.187,0.890,-0.234
102.949,S,334652,0.140,0.890,-0.234
102.978,S,334681,0.328,0.890,-0.093
103.002,S,334703,0.421,0.843,-0.046
103.028,S,334731,0.328,0.984,-0.046
103.051,S,334753,0.421,0.890,-0.140
103.080,S,334782,0.328,0.890,-0.187
103.102,S,334805,0.234,0.937,-0.234
103.130,S,334832,0.046,1.078,-0.328
103.152,S,334854,0.046,0.984,-0.328
103.178,S,334881,0.140,0.937,-0.234
103.200,S,334902,-0.046,1.125,-0.187
103.223,S,334924,0.328,1.078,-0.093
103.250,S,334952,0.375,0.937,-0.046
103.272,S,334975,0.375,0.890,-0.046
103.300,S,335003,0.375,0.937,-0.046
103.323,S,335025,0.281,0.984,-0.187
103.350,S,335053,0.046,0.984,-0.375
103.371,S,335075,0.187,0.937,-0.328
103.400,S,335104,0.234,0.890,-0.328
103.423,S,335126,0.187,1.031,-0.328
103.452,S,335155,0.187,0.937,-0.468
103.474,S,335177,0.328,0.937,-0.375
103.501,S,335204,0.328,1.031,-0.187
103.523,S,335226,0.234,0.984,0.000
103.553,S,335255,0.328,0.984,0.140
103.573,S,335276,0.328,0.984,0.187
103.602,S,335305,0.234,1.031,0.093
103.625,S,335327,0.328,0.890,0.000
103.653,S,335356,0.234,0.984,-0.140
103.676,S,335378,0.234,0.984,-0.140
103.704,S,335406,0.281,0.984,-0.093
103.726,S,335428,0.234,0.937,-0.140
103.755,S,335457,0.187,0.984,-0.187
103.784,S,335486,0.187,0.890,-0.328
103.807,S,335509,0.046,0.984,-0.281
103.835,S,335538,0.000,1.078,-0.375
103.858,S,335560,0.140,0.984,-0.281
103.893,READY
103.900,M,WRITING
103.927,S,335630,0.421,0.890,-0.093
103.950,S,335652,0.515,0.890,-0.140
103.977,S,335680,0.375,0.890,-0.187
103.998,S,335701,0.281,0.937,-0.328
104.020,S,335723,0.234,0.984,-0.421
104.047,S,335750,0.093,1.031,-0.421
104.070,S,335773,0.046,0.984,-0.187
104.098,S,335800,0.093,0.937,-0.093
104.121,S,335823,0.234,0.984,0.140
104.150,S,335852,0.468,0.984,0.375
104.172,S,335874,0.468,0.984,0.234
104.199,S,335901,0.421,0.984,0.046
104.223,S,335924,0.281,0.937,-0.187
104.252,S,335953,0.187,0.937,-0.375
104.274,S,335975,0.140,0.890,-0.609
104.303,S,336005,0.140,0.843,-0.515
104.332,S,336034,0.140,0.890,-0.375
104.354,S,336056,0.093,1.078,-0.234
104.384,S,336085,0.187,1.125,-0.046
104.406,S,336107,0.421,0.984,0.046
104.434,S,336136,0.468,0.937,0.046
104.456,S,336158,0.562,0.890,-0.046
104.486,S,336187,0.281,0.984,-0.234
104.507,S,336209,0.140,0.984,-0.281
104.536,S,336238,0.093,0.984,-0.375
104.559,S,336260,0.046,0.937,-0.328
104.588,S,336290,0.046,0.984,-0.281
104.618,S,336319,0.281,0.937,-0.093
104.639,S,336341,0.328,1.031,0.000
104.668,S,336370,0.468,0.890,0.000
104.691,S,336392,0.328,0.937,-0.093
104.719,S,336420,0.187,0.984,-0.234
104.741,S,336442,0.093,0.984,-0.375
104.770,S,336471,0.140,0.890,-0.328
104.792,S,336493,0.140,0.937,-0.375
104.821,S,336521,0.187,0.890,-0.375
104.842,S,336543,0.328,0.937,-0.328
104.871,S,336572,0.375,0.796,-0.375
104.906,READY
104.912,M,WRITING
104.941,S,336641,0.281,1.031,0.046
104.963,S,336664,0.281,0.984,0.000
104.992,S,336693,0.140,1.031,0.000
105.015,S,336715,0.140,1.031,0.000
105.044,S,336744,0.281,0.890,-0.093
105.066,S,336767,0.234,0.984,-0.140
105.095,S,336796,0.328,0.937,-0.140
105.116,S,336817,0.281,0.890,-0.093
105.144,S,336845,0.375,0.937,-0.234
105.167,S,336867,0.234,0.890,-0.375
105.196,S,336896,0.187,0.890,-0.375
105.217,S,336918,0.000,1.031,-0.234
105.247,S,336947,0.093,0.937,-0.140
105.269,S,336969,0.187,1.031,0.000
105.297,S,336998,0.234,1.031,0.000
105.320,S,337020,0.421,0.890,0.000
105.350,S,337049,0.375,0.843,-0.140
105.378,S,337078,0.234,0.984,-0.375
105.400,S,337100,0.234,0.890,-0.421
105.428,S,337129,0.187,0.937,-0.468
105.449,S,337150,0.140,0.890,-0.468
105.471,S,337172,0.046,1.031,-0.421
105.500,S,337201,0.234,0.984,-0.187
105.523,S,337223,0.140,0.984,-0.281
105.553,S,337252,0.234,0.890,-0.140
105.581,S,337281,0.281,0.890,-0.093
105.604,S,337303,0.328,0.937,-0.281
105.632,S,337332,0.328,0.937,-0.328
105.654,S,337355,0.281,0.890,-0.421
105.684,S,337384,0.281,0.890,-0.515
105.706,S,337406,0.187,0.937,-0.375
105.734,S,337434,0.234,1.031,-0.234
105.756,S,337456,0.140,0.984,-0.093
105.785,S,337485,0.187,1.031,0.046
105.814,S,337514,0.140,1.078,0.093
105.836,S,337537,0.234,1.031,0.140
105.865,S,337565,0.281,0.937,0.046
105.887,S,337587,0.281,0.937,-0.093
105.921,READY
105.928,M,WRITING
105.957,S,337657,0.328,0.984,-0.328
105.979,S,337679,0.281,0.796,-0.187
106.007,S,337707,0.281,0.890,-0.187
106.029,S,337729,0.281,0.890,-0.093
106.058,S,337758,0.328,0.937,-0.187
106.081,S,337780,0.187,0.984,-0.187
106.110,S,337809,0.234,0.984,-0.187
106.132,S,337831,0.281,0.984,-0.281
106.160,S,337860,0.234,0.937,-0.234
106.182,S,337882,0.187,0.937,-0.234
106.211,S,337912,0.187,0.984,-0.187
106.239,S,337940,0.187,0.984,-0.140
106.261,S,337962,0.140,0.984,-0.234
106.291,S,337991,0.140,0.937,-0.187
106.313,S,338013,0.468,0.890,-0.093
106.342,S,338042,0.375,0.937,-0.187
106.347,M,MOVING
106.377,S,338076,0.234,0.937,-0.140
106.398,S,338098,0.234,0.937,-0.140
106.427,S,338127,0.375,0.796,-0.187
106.449,S,338150,0.140,1.031,-0.328
106.480,S,338179,0.140,1.031,-0.234
106.500,S,338200,0.187,0.984,-0.234
106.530,S,338229,0.234,1.031,-0.140
106.552,S,338251,0.375,0.937,-0.140
106.581,S,338280,0.375,0.843,-0.140
106.604,S,338302,0.328,0.984,-0.140
106.632,S,338331,0.328,0.843,-0.140
106.655,S,338353,0.328,0.937,-0.234
106.683,S,338382,0.140,1.031,-0.375
106.705,S,338404,0.093,0.937,-0.375
106.735,S,338433,0.093,0.937,-0.281
106.739,M,WRITING
106.769,S,338468,0.234,0.937,0.000
106.791,S,338490,0.234,1.078,-0.046
106.820,S,338519,0.187,1.031,-0.046
106.841,S,338541,0.234,0.984,-0.093
106.871,S,338570,0.281,0.890,-0.140
106.894,S,338592,0.281,0.937,-0.187
106.929,READY
106.936,M,WRITING
106.965,S,338663,0.140,1.031,-0.328
106.985,S,338684,0.187,0.984,-0.281
107.014,S,338713,0.046,1.031,-0.140
107.036,S,338735,0.187,1.078,-0.093
107.065,S,338764,0.093,1.031,-0.046
107.094,S,338793,0.328,0.937,-0.093
107.117,S,338816,0.328,0.937,-0.187
107.146,S,338844,0.328,0.843,-0.140
107.174,S,338873,0.093,1.078,-0.515
107.197,S,338896,0.140,0.984,-0.468
107.226,S,338925,0.187,0.937,-0.234
107.248,S,338947,0.046,1.078,-0.234
107.277,S,338976,0.187,1.031,-0.140
107.299,S,338998,0.281,0.937,-0.187
107.327,S,339026,0.187,0.984,-0.140
107.350,S,339048,0.234,0.937,-0.140
107.379,S,339077,0.328,0.984,-0.187
107.401,S,339099,0.234,0.984,-0.187
107.430,S,339128,0.234,0.984,-0.281
107.451,S,339151,0.234,0.984,-0.234
107.480,S,339179,0.234,1.031,-0.187
107.503,S,339201,0.328,0.937,-0.140
107.531,S,339230,0.187,0.984,-0.093
107.554,S,339253,0.234,0.984,-0.140
107.583,S,339282,0.328,0.937,-0.187
107.605,S,339304,0.281,0.984,-0.140
107.635,S,339333,0.281,0.937,-0.140
107.640,M,MOVING
107.670,S,339369,0.234,0.984,-0.281
107.693,S,339391,0.234,0.984,-0.328
107.722,S,339420,0.187,0.984,-0.281
107.744,S,339442,0.234,0.984,-0.187
107.772,S,339471,0.375,0.890,-0.187
107.794,S,339493,0.140,0.984,-0.234
107.823,S,339522,0.281,0.890,-0.187
107.845,S,339544,0.234,0.937,-0.234
107.874,S,339573,0.375,0.937,-0.187
107.897,S,339595,0.421,0.937,-0.140
107.931,READY
107.938,M,MOVING
107.967,S,339666,0.328,1.078,-0.140
107.990,S,339688,0.140,0.984,-0.093
108.019,S,339717,0.140,0.937,-0.093
108.041,S,339739,0.000,1.171,-0.140
108.071,S,339768,0.281,1.031,-0.140
108.100,S,339798,0.281,0.984,-0.187
108.122,S,339820,0.234,0.937,-0.187
108.152,S,339849,0.281,0.984,-0.187
108.181,S,339879,0.281,0.937,-0.140
108.204,S,339901,0.421,0.937,-0.234
108.232,S,339929,0.187,0.984,-0.328
108.253,S,339951,0.140,0.937,-0.281
108.274,S,339972,0.234,0.890,-0.234
108.303,S,340001,0.093,1.031,-0.281
108.324,S,340022,0.234,0.984,-0.281
108.353,S,340051,0.328,0.890,-0.140
108.358,M,WRITING
108.390,S,340087,0.234,1.031,-0.140
108.411,S,340109,0.281,0.890,-0.187
108.439,S,340138,0.281,0.937,-0.234
108.462,S,340161,0.281,0.937,-0.234
108.491,S,340190,0.328,0.984,-0.281
108.513,S,340212,0.140,0.984,-0.234
108.519,M,MOVING
108.548,S,340247,0.140,0.937,-0.281
108.571,S,340269,0.187,0.890,-0.187
108.600,S,340298,0.234,0.937,-0.140
108.623,S,340321,0.234,0.937,-0.093
108.653,S,340350,0.234,0.937,-0.140
108.675,S,340372,0.234,0.984,-0.234
108.703,S,340401,0.281,0.890,-0.234
108.726,S,340424,0.281,0.843,-0.234
108.755,S,340452,0.140,0.984,-0.281
108.777,S,340474,0.234,0.984,-0.234
108.804,S,340502,0.281,0.937,-0.140
108.827,S,340524,0.187,0.937,-0.234
108.856,S,340554,0.281,0.890,-0.140
108.878,S,340575,0.187,0.984,-0.234
108.907,S,340604,0.234,1.031,-0.187
108.941,READY
108.948,M,MOVING
108.976,S,340673,0.328,0.937,-0.234
108.998,S,340695,0.328,0.984,-0.187
109.027,S,340724,0.234,0.937,-0.187
109.049,S,340747,0.234,1.031,-0.187
109.079,S,340776,0.140,0.984,-0.234
109.101,S,340798,0.234,0.937,-0.187
109.130,S,340827,0.281,0.937,-0.234
109.153,S,340849,0.187,0.984,-0.140
109.179,S,340876,0.281,0.843,-0.187
109.201,S,340898,0.234,0.890,-0.234
109.223,S,340920,0.187,0.984,-0.234
109.252,S,340949,0.234,0.937,-0.187
109.274,S,340971,0.328,0.937,-0.187
109.304,S,341000,0.281,0.890,-0.234
109.326,S,341022,0.140,1.031,-0.328
109.355,S,341051,0.234,0.937,-0.234
109.377,S,341074,0.187,0.984,-0.234
109.406,S,341103,0.093,1.031,-0.140
109.428,S,341124,0.234,1.031,-0.187
109.449,S,341145,0.234,0.890,-0.234
109.477,S,341174,0.187,0.937,-0.281
109.500,S,341196,0.234,0.984,-0.234
109.528,S,341224,0.234,0.890,-0.234
109.550,S,341246,0.281,0.890,-0.234
109.569,S,341267,0.281,1.125,-0.281
109.600,S,341296,0.140,0.984,-0.187
109.621,S,341317,0.281,0.750,-0.187
109.649,S,341346,0.328,0.750,-0.234
109.672,S,341368,0.234,0.890,-0.328
109.702,S,341397,0.140,0.890,-0.328
109.723,S,341420,0.187,0.937,-0.187
109.753,S,341449,0.234,0.937,-0.187
109.776,S,341470,0.187,0.937,-0.187
109.804,S,341499,0.234,0.984,-0.140
109.824,S,341521,0.281,0.890,-0.187
109.855,S,341550,0.328,0.937,-0.281
109.884,S,341580,0.234,0.890,-0.281
109.906,S,341602,0.281,0.937,-0.234
109.935,S,341631,0.234,0.890,-0.281
109.970,READY
109.976,M,MOVING
110.005,S,341701,0.234,0.937,-0.234
110.027,S,341723,0.281,0.890,-0.234
110.057,S,341752,0.093,1.078,-0.234
110.079,S,341775,0.140,1.078,-0.187
110.107,S,341802,0.234,0.890,-0.187
110.129,S,341825,0.187,1.031,-0.234
110.155,S,341851,0.093,0.984,-0.328
110.177,S,341873,0.140,0.937,-0.375
110.199,S,341895,0.187,0.843,-0.421
110.227,S,341923,0.328,0.890,-0.187
110.247,S,341943,0.328,0.937,-0.046
110.269,S,341964,0.187,1.078,-0.093
110.290,S,341986,0.281,1.031,-0.093
110.318,S,342014,0.140,0.984,-0.187
110.340,S,342036,0.187,1.031,-0.234
110.346,M,WRITING
110.376,S,342072,0.140,0.984,-0.140
110.399,S,342094,0.187,0.937,-0.187
110.427,S,342123,0.328,0.890,-0.234
110.457,S,342153,0.281,0.984,-0.234
110.487,S,342183,0.187,0.937,-0.421
110.509,S,342205,0.187,0.984,-0.421
110.538,S,342234,0.093,0.984,-0.281
110.561,S,342256,0.234,0.984,-0.234
110.589,S,342285,0.281,0.984,-0.093
110.612,S,342307,0.234,1.031,-0.140
110.641,S,342336,0.140,0.937,-0.140
110.663,S,342358,0.281,0.937,-0.140
110.692,S,342387,0.281,0.984,-0.234
110.720,S,342416,0.187,0.890,-0.234
110.742,S,342439,0.140,1.031,-0.421
110.771,S,342468,0.140,0.984,-0.375
110.793,S,342490,0.187,0.890,-0.328
110.823,S,342519,0.140,1.125,-0.234
110.845,S,342541,0.140,1.031,-0.093
110.875,S,342570,0.187,0.937,-0.187
110.896,S,342591,0.234,1.125,-0.140
110.925,S,342621,0.046,0.984,-0.328
110.954,S,342649,0.187,0.890,-0.468
110.988,READY
110.994,M,WRITING
111.024,S,342719,0.281,0.937,-0.046
111.047,S,342741,0.375,0.937,-0.046
111.075,S,342771,0.046,1.078,-0.046
111.098,S,342793,0.234,0.984,-0.140
111.126,S,342821,0.093,1.125,-0.093
111.147,S,342843,0.281,0.890,-0.187
111.176,S,342871,0.281,0.937,-0.234
111.199,S,342893,0.328,0.890,-0.187
111.226,S,342921,0.234,0.937,-0.281
111.248,S,342943,0.328,0.796,-0.234
111.277,S,342972,0.234,0.890,-0.328
111.299,S,342994,0.140,0.984,-0.328
111.328,S,343023,0.140,0.984,-0.281
111.350,S,343045,0.140,1.078,-0.187
111.378,S,343074,0.281,0.890,-0.093
111.400,S,343095,0.140,1.031,-0.281
111.429,S,343124,0.281,0.890,-0.234
111.451,S,343146,0.234,0.796,-0.234
111.480,S,343175,0.234,0.843,-0.328
111.503,S,343197,0.375,0.843,-0.328
111.531,S,343226,0.234,0.937,-0.187
111.553,S,343248,0.281,1.078,-0.187
111.581,S,343275,0.187,1.031,-0.140
111.603,S,343297,0.234,0.984,-0.187
111.632,S,343326,0.093,1.078,-0.187
111.654,S,343349,0.093,0.984,-0.187
111.683,S,343377,0.328,0.937,-0.187
111.705,S,343400,0.281,0.937,-0.187
111.735,S,343429,0.234,0.843,-0.187
111.756,S,343451,0.328,0.937,-0.187
111.784,S,343479,0.140,0.937,-0.375
111.807,S,343501,0.140,1.031,-0.375
111.835,S,343529,0.281,0.937,-0.328
111.856,S,343550,0.234,0.937,-0.375
111.884,S,343579,0.187,1.031,-0.375
111.906,S,343601,0.328,0.937,-0.187
111.935,S,343630,0.328,0.843,-0.281
111.957,S,343653,0.281,0.937,-0.234
111.992,READY
111.999,M,WRITING
112.029,S,343723,0.281,1.031,-0.234
112.051,S,343746,0.328,0.937,-0.140
112.079,S,343774,0.281,0.796,-0.140
112.101,S,343796,0.281,0.843,-0.281
112.122,S,343817,0.281,0.937,-0.281
112.152,S,343846,0.187,0.937,-0.328
112.174,S,343868,0.234,0.937,-0.187
112.203,S,343897,0.187,1.031,-0.234
112.225,S,343919,0.234,0.984,-0.234
112.255,S,343949,0.234,0.937,-0.234
112.277,S,343971,0.234,0.937,-0.187
112.282,M,MOVING
112.310,S,344005,0.234,0.937,-0.328
112.333,S,344027,0.234,0.890,-0.328
112.363,S,344057,0.187,0.890,-0.281
112.384,S,344078,0.046,0.984,-0.421
112.413,S,344107,0.093,1.078,-0.328
112.435,S,344129,0.187,0.890,-0.187
112.463,S,344157,0.234,0.984,-0.187
112.485,S,344179,0.046,1.171,-0.281
112.515,S,344208,0.140,0.984,-0.281
112.543,S,344237,0.234,0.984,-0.328
112.566,S,344260,0.328,0.843,-0.281
112.595,S,344289,0.140,0.890,-0.234
112.615,S,344310,0.234,0.937,-0.281
112.643,S,344338,0.375,0.937,-0.234
112.667,S,344360,0.421,0.937,-0.046
112.687,S,344381,0.281,0.937,-0.046
112.716,S,344411,0.234,0.937,-0.140
112.722,M,WRITING
112.753,S,344446,0.140,1.031,-0.187
112.775,S,344468,0.234,0.984,-0.187
112.802,S,344496,0.328,0.984,-0.234
112.825,S,344518,0.281,0.937,-0.187
112.853,S,344548,0.281,0.937,-0.234
112.875,S,344570,0.281,0.937,-0.281
112.905,S,344599,0.234,0.890,-0.281
112.927,S,344621,0.234,0.890,-0.234
112.954,S,344648,0.046,1.031,-0.328
112.976,S,344670,0.093,0.984,-0.281
113.009,READY
113.015,M,WRITING
113.044,S,344738,0.187,0.984,-0.140
113.066,S,344760,0.187,0.937,-0.234
113.095,S,344789,0.234,0.890,-0.187
113.117,S,344810,0.187,0.937,-0.234
113.145,S,344839,0.140,0.937,-0.421
113.168,S,344862,0.187,0.937,-0.328
113.173,M,MOVING
113.204,S,344898,0.281,0.890,-0.187
113.226,S,344920,0.328,0.984,-0.046
113.255,S,344949,0.234,0.984,-0.093
113.278,S,344971,0.046,1.218,-0.187
113.307,S,345000,0.281,0.937,-0.234
113.329,S,345022,0.187,1.031,-0.140
113.334,M,WRITING
113.363,S,345056,0.234,0.890,-0.140
113.384,S,345077,0.328,0.937,-0.140
113.406,S,345099,0.328,0.937,-0.234
113.435,S,345128,0.281,0.937,-0.234
113.456,S,345149,0.140,0.937,-0.375
113.483,S,345176,0.234,0.890,-0.468
113.505,S,345198,0.000,1.125,-0.468
113.528,S,345220,0.234,0.937,-0.281
113.556,S,345249,0.187,1.078,-0.187
113.578,S,345271,0.234,0.937,-0.046
113.607,S,345300,0.234,0.890,-0.093
113.630,S,345321,0.328,0.890,-0.187
113.657,S,345350,0.187,0.890,-0.281
113.687,S,345380,0.187,0.984,-0.328
113.710,S,345402,0.140,0.984,-0.328
113.739,S,345432,0.234,0.984,-0.187
113.761,S,345454,0.234,1.031,-0.093
113.791,S,345483,0.281,0.890,-0.093
113.812,S,345505,0.328,0.984,-0.187
113.842,S,345534,0.187,0.890,-0.093
113.863,S,345556,0.328,1.031,-0.234
113.892,S,345584,0.328,0.984,-0.234
113.914,S,345606,0.187,0.937,-0.375
113.943,S,345635,0.234,0.984,-0.328
113.964,S,345657,0.187,0.984,-0.328
113.993,S,345686,0.281,0.890,-0.093
114.028,READY
114.034,M,WRITING
114.063,S,345755,0.281,1.031,-0.046
114.091,S,345784,0.234,0.937,-0.140
114.115,S,345806,0.328,0.890,-0.140
114.143,S,345835,0.234,0.984,-0.375
114.165,S,345857,0.046,1.078,-0.468
114.194,S,345886,0.234,0.890,-0.328
114.216,S,345908,0.046,1.125,-0.328
114.245,S,345937,0.375,0.890,-0.140
114.267,S,345959,0.421,0.890,-0.093
114.297,S,345988,0.234,0.937,-0.234
114.319,S,346010,0.281,0.890,-0.281
114.346,S,346038,0.281,0.843,-0.421
114.367,S,346060,0.281,0.984,-0.328
114.397,S,346089,0.140,0.937,-0.187
114.419,S,346111,0.375,0.937,-0.140
114.447,S,346140,0.328,0.937,-0.046
114.469,S,346162,0.281,0.984,-0.046
114.498,S,346191,0.375,0.984,-0.140
114.521,S,346213,0.375,0.843,-0.234
114.550,S,346242,0.234,0.890,-0.281
114.572,S,346264,0.234,0.890,-0.328
114.601,S,346293,0.234,0.890,-0.375
114.624,S,346315,0.328,0.796,-0.281
114.653,S,346345,0.140,0.984,-0.375
114.675,S,346367,0.187,1.031,-0.281
114.703,S,346395,0.187,1.078,-0.234
114.725,S,346417,0.187,1.078,-0.187
114.753,S,346446,0.281,0.843,-0.140
114.776,S,346468,0.375,0.937,-0.187
114.805,S,346497,0.281,0.890,-0.281
114.827,S,346519,0.234,0.843,-0.234
114.856,S,346548,0.281,0.796,-0.281
114.877,S,346569,0.000,1.031,-0.328
114.907,S,346598,0.234,0.937,-0.234
114.929,S,346621,-0.046,1.218,-0.234
114.959,S,346650,0.187,0.984,-0.140
114.980,S,346672,0.328,0.937,-0.187
115.008,S,346699,0.234,0.890,-0.281
115.040,READY
115.047,M,WRITING
115.075,S,346767,0.375,0.796,-0.187
115.097,S,346789,0.000,1.218,-0.421
115.126,S,346818,0.187,1.031,-0.140
115.149,S,346840,0.187,1.031,-0.093
115.175,S,346867,0.093,1.078,-0.187
115.198,S,346889,0.140,0.937,-0.187
115.219,S,346911,0.281,0.984,-0.187
115.247,S,346940,0.234,0.937,-0.187
115.269,S,346962,0.328,0.890,-0.093
115.297,S,346990,0.328,0.890,-0.281
115.318,S,347011,0.140,1.125,-0.328
115.341,S,347033,0.187,1.031,-0.375
115.370,S,347062,0.187,0.984,-0.234
115.392,S,347084,0.187,1.031,-0.187
115.421,S,347113,0.187,0.937,-0.281
115.444,S,347135,0.234,0.890,-0.281
115.473,S,347165,0.234,0.796,-0.281
115.503,S,347194,0.234,0.890,-0.375
115.525,S,347217,0.046,1.125,-0.187
115.554,S,347246,0.234,1.125,-0.093
115.576,S,347267,0.421,0.937,0.046
115.605,S,347296,0.375,0.984,-0.093
115.627,S,347317,0.281,0.937,-0.187
115.655,S,347346,0.281,0.843,-0.281
115.676,S,347367,0.328,0.890,-0.281
115.705,S,347396,0.140,1.078,-0.281
115.727,S,347417,0.140,0.984,-0.187
115.755,S,347445,0.281,0.984,-0.093
115.776,S,347467,0.328,0.937,-0.093
115.805,S,347496,0.328,0.937,-0.187
115.827,S,347518,0.375,0.984,-0.328
115.856,S,347547,0.281,0.843,-0.328
115.878,S,347569,0.187,1.031,-0.421
115.907,S,347598,0.046,1.078,-0.421
115.929,S,347620,0.187,0.984,-0.281
115.958,S,347649,0.468,0.937,0.234
115.979,S,347670,0.468,0.937,0.187
116.009,S,347699,0.421,0.984,0.187
116.044,READY
116.050,M,WRITING
116.080,S,347770,0.187,0.937,-0.281
116.102,S,347793,0.187,1.031,-0.421
116.131,S,347822,0.140,0.984,-0.375
116.155,S,347844,0.000,1.125,-0.281
116.183,S,347873,0.234,0.984,-0.140
116.205,S,347896,0.328,0.890,-0.093
116.234,S,347925,0.328,0.937,-0.187
116.257,S,347947,0.421,0.843,-0.187
116.287,S,347977,0.375,0.937,-0.328
116.317,S,348006,0.187,0.937,-0.328
116.347,S,348037,0.234,0.937,-0.046
116.369,S,348059,0.140,1.125,-0.046
116.398,S,348088,0.328,0.890,-0.093
116.420,S,348110,0.328,0.937,-0.093
116.448,S,348138,0.375,0.890,-0.046
116.470,S,348160,0.421,0.890,-0.140
116.498,S,348188,0.375,0.796,-0.234
116.519,S,348209,0.281,0.937,-0.375
116.542,S,348231,0.046,1.125,-0.375
116.571,S,348261,0.093,1.078,-0.234
116.592,S,348283,0.187,0.984,-0.140
116.620,S,348310,0.093,0.937,-0.234
116.641,S,348331,0.093,0.984,-0.375
116.663,S,348353,0.281,1.265,-0.515
116.692,S,348382,0.093,0.843,-0.562
116.713,S,348403,0.234,0.703,-0.656
116.743,S,348433,0.140,0.515,-0.468
116.765,S,348455,0.234,0.656,-0.187
116.793,S,348483,0.515,1.125,0.328
116.815,S,348505,0.281,1.218,0.468
116.845,S,348534,0.234,1.031,0.140
116.867,S,348557,0.281,0.984,0.000
116.896,S,348586,0.187,0.937,-0.234
116.925,S,348615,0.234,0.984,-0.281
116.948,S,348637,0.234,0.937,-0.187
116.977,S,348667,0.187,1.031,-0.187
116.999,S,348689,0.234,0.984,-0.187
117.028,S,348718,0.281,0.890,-0.234
117.063,READY
117.069,M,WRITING
117.098,S,348788,0.140,0.984,-0.375
117.121,S,348810,0.187,0.937,-0.234
117.149,S,348839,0.187,0.984,-0.187
117.172,S,348861,0.234,0.984,-0.140
117.201,S,348891,0.187,0.984,-0.281
117.223,S,348913,0.281,0.843,-0.328
117.252,S,348942,0.281,0.890,-0.328
117.283,S,348972,0.328,0.890,-0.375
117.313,S,349002,0.281,0.890,-0.328
117.335,S,349024,0.375,0.984,-0.281
117.363,S,349052,0.234,1.125,-0.093
117.385,S,349074,0.328,0.984,-0.046
117.414,S,349104,0.187,0.984,-0.140
117.436,S,349126,0.281,0.937,-0.187
117.466,S,349155,0.375,0.890,-0.140
117.486,S,349177,0.421,0.890,-0.046
117.515,S,349206,0.234,0.937,-0.375
117.538,S,349228,0.140,0.984,-0.468
117.567,S,349257,0.140,0.890,-0.515
117.589,S,349279,0.187,0.984,-0.468
117.618,S,349308,0.281,1.031,-0.187
117.641,S,349331,0.328,1.031,0.000
117.670,S,349360,0.281,1.031,0.000
117.693,S,349382,0.140,0.984,-0.234
117.720,S,349410,0.187,1.031,-0.328
117.741,S,349431,0.234,0.890,-0.468
117.763,S,349452,0.187,0.937,-0.375
117.791,S,349480,0.187,0.890,-0.281
117.813,S,349502,0.375,1.031,0.046
117.842,S,349531,0.421,0.937,0.046
117.864,S,349553,0.281,0.984,-0.187
117.893,S,349581,0.093,1.031,-0.281
117.914,S,349603,0.140,0.890,-0.375
117.943,S,349632,0.234,0.890,-0.328
117.965,S,349654,0.187,0.984,-0.234
117.995,S,349683,0.375,0.937,-0.234
118.017,S,349706,0.281,0.937,-0.234
118.046,S,349735,0.328,0.890,-0.187
118.080,READY
118.087,M,WRITING
118.115,S,349803,0.187,0.984,-0.187
118.137,S,349825,0.234,0.890,-0.234
118.166,S,349855,0.234,1.031,-0.187
118.188,S,349877,0.328,0.937,-0.046
118.218,S,349906,0.328,0.937,-0.140
118.240,S,349928,0.328,0.843,-0.187
118.270,S,349957,0.234,0.937,-0.281
118.290,S,349979,0.328,0.843,-0.281
118.320,S,350008,0.140,1.031,-0.328
118.342,S,350030,0.187,0.984,-0.281
118.371,S,350059,0.187,1.031,-0.281
118.393,S,350082,0.281,1.031,-0.093
118.423,S,350111,0.328,0.937,-0.093
118.445,S,350133,0.328,0.937,-0.140
118.473,S,350161,0.328,0.890,-0.187
118.495,S,350183,0.328,0.890,-0.140
118.523,S,350211,0.281,0.937,-0.140
118.545,S,350233,0.187,1.078,-0.234
118.573,S,350262,0.093,0.984,-0.234
118.596,S,350284,0.093,0.984,-0.234
118.625,S,350313,-0.046,1.031,-0.328
118.647,S,350335,0.375,0.843,-0.281
118.675,S,350363,0.421,0.890,-0.140
118.697,S,350385,0.328,0.937,-0.234
118.725,S,350414,0.609,0.890,0.000
118.747,S,350436,0.609,0.796,0.000
118.774,S,350463,0.328,1.125,0.046
118.797,S,350485,0.281,1.031,-0.046
118.826,S,350514,0.093,0.937,-0.187
118.847,S,350536,0.046,0.984,-0.234
118.876,S,350565,0.046,1.031,-0.328
118.898,S,350586,0.140,0.984,-0.421
118.918,S,350607,0.093,1.078,-0.328
118.947,S,350636,0.234,0.890,-0.140
118.970,S,350658,0.375,0.937,-0.046
118.998,S,350686,0.375,0.937,-0.093
119.020,S,350708,0.375,0.843,-0.234
119.049,S,350737,0.328,0.890,-0.375
119.085,READY
119.091,M,WRITING
119.118,S,350806,0.140,1.078,-0.093
119.141,S,350828,0.375,0.984,0.093
119.169,S,350856,0.328,1.031,0.000
119.191,S,350878,0.375,0.843,-0.187
119.219,S,350907,0.375,0.890,-0.328
119.242,S,350929,0.187,0.937,-0.375
119.271,S,350958,0.000,1.078,-0.328
119.292,S,350980,0.000,1.218,-0.234
119.321,S,351008,0.328,0.890,-0.093
119.341,S,351029,0.375,0.890,-0.046
119.362,S,351050,0.421,0.890,-0.093
119.391,S,351079,0.468,0.843,-0.375
119.412,S,351101,0.375,0.890,-0.375
119.441,S,351129,0.375,0.796,-0.328
119.462,S,351151,0.093,1.078,-0.140
119.492,S,351180,0.187,1.031,0.000
119.515,S,351202,0.187,0.984,-0.140
119.544,S,351231,0.093,1.031,-0.187
119.566,S,351253,0.281,0.890,-0.234
119.596,S,351283,0.421,0.890,-0.234
119.618,S,351305,0.421,0.984,-0.234
119.646,S,351334,0.421,0.843,-0.234
119.669,S,351356,0.328,0.984,-0.234
119.698,S,351385,0.046,1.078,-0.281
119.720,S,351408,0.234,0.937,-0.234
119.751,S,351437,0.093,1.078,-0.187
119.771,S,351459,0.375,0.937,-0.093
119.800,S,351488,0.375,0.937,0.000
119.822,S,351510,0.328,0.796,-0.234
119.851,S,351539,0.281,0.843,-0.328
119.880,S,351568,0.281,0.843,-0.421
119.902,S,351590,0.140,0.984,-0.375
119.932,S,351620,0.140,1.125,-0.187
119.953,S,351642,0.328,0.984,0.000
119.981,S,351670,0.328,0.984,0.000
120.003,S,351691,0.328,0.890,-0.046
120.026,S,351713,0.375,0.843,-0.140
120.055,S,351742,0.328,0.937,-0.328
120.090,READY
120.096,M,WRITING
120.126,S,351812,0.046,0.984,-0.281
120.146,S,351833,0.281,0.937,-0.187
120.175,S,351861,0.328,0.890,-0.140
120.197,S,351883,0.375,0.937,-0.187
120.219,S,351905,0.281,0.890,-0.328
120.246,S,351933,0.140,0.984,-0.421
120.268,S,351955,0.375,1.078,-0.375
120.291,S,351977,0.328,1.125,-0.281
120.318,S,352005,0.328,0.796,-0.281
120.339,S,352026,0.234,0.750,-0.375
120.362,S,352049,0.281,0.750,-0.281
120.392,S,352078,0.328,0.890,-0.234
120.412,S,352099,0.234,1.031,-0.187
120.440,S,352127,0.187,0.984,-0.234
120.463,S,352149,0.281,0.984,-0.234
120.492,S,352178,0.234,0.937,-0.234
120.514,S,352200,0.140,0.937,-0.328
120.543,S,352230,0.234,0.890,-0.328
120.566,S,352252,0.234,0.937,-0.281
120.595,S,352281,0.187,0.984,-0.234
120.617,S,352303,0.234,0.937,-0.281
120.644,S,352330,0.187,0.937,-0.281
120.666,S,352352,0.187,0.937,-0.281
120.688,S,352374,0.140,0.937,-0.281
120.717,S,352403,0.093,0.937,-0.281
120.723,M,MOVING
120.754,S,352439,0.234,0.890,-0.281
120.783,S,352470,0.328,0.890,-0.328
120.805,S,352492,0.328,0.890,-0.281
120.833,S,352520,0.281,0.890,-0.328
120.856,S,352542,0.281,0.796,-0.328
120.885,S,352571,0.187,0.890,-0.281
120.906,S,352593,0.046,1.125,-0.328
120.935,S,352621,0.093,0.937,-0.234
120.957,S,352643,-0.046,1.078,-0.281
120.987,S,352672,0.187,0.984,-0.187
121.008,S,352693,0.421,0.984,-0.046
121.037,S,352723,0.328,0.937,-0.140
121.059,S,352745,0.281,0.843,-0.328
121.064,M,WRITING
121.100,READY
121.107,M,WRITING
121.136,S,352821,0.093,0.890,-0.562
121.157,S,352843,0.187,0.937,-0.375
121.187,S,352873,0.234,1.078,-0.093
121.209,S,352895,0.234,1.031,-0.046
121.239,S,352924,0.281,0.984,-0.046
121.269,S,352954,0.140,0.937,-0.375
121.291,S,352976,0.093,0.937,-0.515
121.320,S,353005,0.140,0.843,-0.609
121.342,S,353028,0.093,0.843,-0.515
121.371,S,353057,0.187,0.937,-0.328
121.393,S,353079,0.187,0.937,-0.281
121.422,S,353108,0.281,1.078,-0.093
121.445,S,353129,0.328,1.031,0.000
121.472,S,353158,0.234,1.171,-0.281
121.494,S,353180,0.187,0.984,-0.234
121.523,S,353209,0.140,0.562,-0.468
121.546,S,353231,0.187,0.750,-0.515
121.574,S,353259,0.046,0.937,-0.656
121.595,S,353280,0.093,0.843,-0.562
121.624,S,353309,0.093,0.796,-0.515
121.645,S,353331,0.187,0.937,-0.468
121.674,S,353360,0.093,0.937,-0.468
121.697,S,353382,0.140,0.937,-0.328
121.723,S,353409,0.187,0.890,-0.375
121.745,S,353431,0.046,0.984,-0.375
121.767,S,353452,0.046,0.984,-0.375
121.793,S,353479,0.187,0.890,-0.328
121.816,S,353501,0.187,0.937,-0.328
121.844,S,353530,0.234,0.890,-0.421
121.867,S,353552,0.234,0.937,-0.421
121.896,S,353581,0.234,0.984,-0.328
121.918,S,353603,0.328,0.843,-0.328
121.946,S,353632,0.140,1.031,-0.234
121.966,S,353652,0.140,1.031,-0.234
121.988,S,353673,0.187,0.937,-0.234
122.014,S,353700,0.140,0.937,-0.375
122.034,S,353720,0.093,0.984,-0.421
122.056,S,353742,0.046,0.937,-0.468
122.062,M,MOVING
122.097,READY
122.104,M,MOVING
122.129,S,353816,0.187,0.890,-0.468
122.150,S,353837,0.234,0.890,-0.328
122.173,S,353859,0.281,0.984,-0.281
122.202,S,353888,0.328,0.890,-0.421
122.224,S,353910,0.234,0.937,-0.328
122.252,S,353938,0.000,1.031,-0.375
122.274,S,353960,0.093,0.937,-0.421
122.303,S,353989,0.187,0.937,-0.234
122.326,S,354011,0.234,0.890,-0.140
122.355,S,354040,0.234,0.843,-0.281
122.377,S,354062,0.328,0.890,-0.328
122.405,S,354090,0.281,0.796,-0.515
122.427,S,354112,0.046,0.937,-0.562
122.455,S,354140,0.046,0.984,-0.468
122.460,M,WRITING
122.490,S,354175,0.281,1.031,-0.140
122.512,S,354197,0.281,0.937,-0.093
122.540,S,354225,0.234,0.984,-0.140
122.562,S,354247,0.234,0.937,-0.234
122.589,S,354274,0.140,0.937,-0.281
122.611,S,354296,0.140,0.937,-0.375
122.632,S,354317,0.140,0.937,-0.234
122.661,S,354346,0.234,0.984,-0.281
122.684,S,354368,0.187,0.937,-0.281
122.712,S,354397,0.234,0.937,-0.328
122.735,S,354419,0.281,0.843,-0.421
122.763,S,354447,0.281,0.890,-0.375
122.784,S,354468,0.093,1.031,-0.375
122.808,S,354490,0.093,1.031,-0.281
122.835,S,354519,0.093,0.937,-0.234
122.857,S,354541,-0.140,1.125,-0.281
122.886,S,354570,0.187,0.937,-0.281
122.908,S,354592,0.328,0.937,-0.234
122.937,S,354621,0.281,0.843,-0.140
122.959,S,354643,0.421,0.937,-0.234
122.988,S,354672,0.421,0.796,-0.328
123.009,S,354694,0.281,0.890,-0.328
123.038,S,354723,0.187,0.937,-0.234
123.059,S,354744,0.093,1.078,-0.234
123.087,S,354772,0.093,1.031,-0.234
123.122,READY
123.129,M,WRITING
123.158,S,354842,0.281,0.890,-0.187
123.181,S,354864,0.375,0.937,-0.281
123.208,S,354892,0.328,0.890,-0.375
123.231,S,354914,0.328,0.890,-0.468
123.259,S,354943,0.187,0.937,-0.375
123.282,S,354965,0.187,1.031,-0.281
123.309,S,354993,0.046,1.078,-0.140
123.330,S,355014,0.187,0.984,-0.140
123.351,S,355036,0.187,1.078,-0.187
123.380,S,355065,0.281,0.937,-0.187
123.401,S,355086,0.328,0.890,-0.234
123.431,S,355115,0.328,0.890,-0.234
123.453,S,355137,0.234,0.984,-0.328
123.482,S,355166,0.187,0.843,-0.328
123.504,S,355188,0.187,0.937,-0.328
123.531,S,355215,0.234,0.937,-0.281
123.554,S,355237,0.093,1.078,-0.140
123.575,S,355259,0.140,0.984,-0.046
123.604,S,355287,0.000,1.125,-0.187
123.624,S,355308,0.281,0.937,-0.187
123.645,S,355329,0.281,0.937,-0.234
123.666,S,355350,0.328,0.890,-0.093
123.694,S,355377,0.281,0.984,-0.140
123.716,S,355399,0.375,0.984,-0.140
123.744,S,355427,0.328,0.843,-0.281
123.766,S,355449,0.281,0.843,-0.328
123.788,S,355471,0.140,0.937,-0.328
123.816,S,355499,0.140,0.890,-0.234
123.837,S,355521,0.046,1.078,-0.187
123.859,S,355543,0.187,0.984,-0.187
123.889,S,355572,0.234,1.078,-0.093
123.911,S,355594,0.234,0.984,-0.187
123.939,S,355623,0.281,0.937,-0.140
123.962,S,355645,0.328,0.890,-0.187
123.991,S,355675,0.234,0.890,-0.328
124.013,S,355697,0.281,0.890,-0.375
124.042,S,355726,0.187,0.937,-0.375
124.064,S,355748,0.234,0.984,-0.281
124.094,S,355777,0.046,1.125,-0.093
124.128,READY
124.135,M,WRITING
124.165,S,355848,0.281,0.937,-0.140
124.195,S,355877,0.328,0.843,-0.234
124.216,S,355899,0.234,0.937,-0.234
124.244,S,355927,0.234,0.890,-0.234
124.267,S,355950,0.281,0.890,-0.234
124.294,S,355977,0.281,0.937,-0.281
124.316,S,356000,0.093,1.125,-0.187
124.345,S,356029,0.187,0.984,-0.234
124.366,S,356050,0.140,1.078,-0.281
124.395,S,356079,0.140,1.031,-0.281
124.417,S,356101,0.281,0.890,-0.328
124.445,S,356129,0.187,0.937,-0.328
124.468,S,356151,0.234,0.890,-0.375
124.497,S,356180,0.000,0.890,-0.468
124.518,S,356201,0.140,0.890,-0.468
124.547,S,356230,0.281,0.937,-0.234
124.569,S,356252,0.421,0.937,-0.046
124.598,S,356281,0.328,1.031,0.046
124.619,S,356302,0.234,1.078,0.000
124.640,S,356323,0.328,0.984,0.046
124.669,S,356352,0.234,0.984,-0.093
124.691,S,356374,0.140,0.937,-0.093
124.719,S,356402,0.234,0.937,-0.187
124.740,S,356423,0.234,1.031,-0.140
124.762,S,356445,0.187,0.984,-0.046
124.791,S,356474,0.328,0.937,-0.093
124.813,S,356496,0.187,0.984,-0.234
124.843,S,356524,0.093,1.078,-0.328
124.864,S,356547,0.093,0.937,-0.328
124.893,S,356576,0.046,0.984,-0.468
124.917,S,356598,0.046,0.984,-0.375
124.946,S,356627,0.375,0.890,-0.140
124.967,S,356650,0.328,0.984,-0.140
124.997,S,356679,0.281,0.890,-0.140
125.019,S,356701,0.281,0.984,-0.234
125.048,S,356730,0.187,0.984,-0.281
125.069,S,356752,0.140,0.984,-0.375
125.098,S,356780,0.234,0.984,-0.328
125.132,READY
125.139,M,WRITING
125.167,S,356849,0.328,0.984,-0.093
125.189,S,356871,0.421,0.937,-0.046
125.218,S,356900,0.281,0.937,-0.140
125.240,S,356922,0.328,0.890,-0.328
125.268,S,356950,0.046,1.078,-0.468
125.290,S,356972,0.093,0.890,-0.468
125.319,S,357001,0.187,0.937,-0.281
125.340,S,357022,0.187,0.937,-0.187
125.368,S,357050,0.140,0.984,-0.187
125.389,S,357071,0.281,0.937,-0.140
125.411,S,357093,0.281,0.937,-0.093
125.440,S,357122,0.281,0.937,-0.187
125.463,S,357144,0.234,0.937,-0.234
125.492,S,357173,0.000,1.031,-0.375
125.521,S,357203,0.093,0.984,-0.281
125.543,S,357225,0.140,1.031,-0.187
125.571,S,357252,0.187,0.984,-0.187
125.592,S,357274,0.234,1.031,-0.140
125.614,S,357296,0.234,0.937,-0.093
125.642,S,357324,0.328,0.890,-0.140
125.665,S,357347,0.281,0.984,-0.187
125.693,S,357374,0.234,0.890,-0.281
125.714,S,357395,0.281,0.937,-0.281
125.736,S,357417,0.328,0.937,-0.281
125.765,S,357446,-0.046,1.171,-0.140
125.787,S,357468,0.140,0.984,-0.093
125.815,S,357497,0.187,1.031,-0.046
125.838,S,357519,0.328,0.937,0.093
125.866,S,357549,0.375,0.937,-0.046
125.890,S,357571,0.234,1.031,-0.187
125.917,S,357599,0.140,0.937,-0.375
125.939,S,357621,0.140,0.890,-0.421
125.967,S,357649,0.234,0.937,-0.375
125.991,S,357671,0.187,0.984,-0.281
126.019,S,357700,0.140,1.078,-0.281
126.041,S,357723,0.187,0.984,-0.187
126.072,S,357753,0.187,0.984,-0.234
126.094,S,357775,0.281,1.031,-0.375
126.123,S,357804,0.281,1.125,-0.281
126.158,READY
126.166,M,WRITING
126.195,S,357876,0.328,0.750,-0.281
126.217,S,357898,0.328,0.796,-0.187
126.246,S,357927,0.375,0.984,-0.046
126.269,S,357950,0.375,0.984,0.000
126.595,S,357976,0.281,1.031,0.000
126.596,S,357998,0.234,1.078,-0.093
126.597,S,358020,0.234,0.937,-0.046
126.598,S,358049,0.281,0.937,-0.140
126.599,S,358071,0.234,0.890,-0.140
126.599,S,358100,0.281,1.078,-0.140
126.600,S,358122,0.281,1.031,-0.187
126.601,S,358151,0.140,1.031,-0.234
126.602,S,358174,0.234,0.937,-0.187
126.603,S,358202,0.187,1.031,-0.140
126.603,S,358225,0.421,0.937,-0.093
126.604,S,358254,0.375,0.937,-0.140
126.605,S,358276,0.328,0.937,-0.281
126.623,S,358305,0.187,0.937,-0.234
126.645,S,358327,0.187,0.984,-0.281
126.675,S,358356,0.187,0.984,-0.187
126.697,S,358378,0.000,1.031,-0.281
126.726,S,358408,0.281,1.031,-0.187
126.757,S,358430,0.234,0.984,-0.093
126.778,S,358459,0.328,0.890,-0.187
126.799,S,358481,0.281,0.890,-0.328
126.830,S,358510,0.328,0.796,-0.328
126.851,S,358532,0.234,0.937,-0.281
126.881,S,358561,0.187,0.984,-0.281
126.901,S,358583,0.187,0.984,-0.187
126.929,S,358611,0.234,1.031,0.046
126.951,S,358633,0.328,1.031,0.046
126.980,S,358662,0.234,0.984,-0.046
127.002,S,358684,0.328,0.890,-0.140
127.032,S,358713,0.187,0.937,-0.328
127.062,S,358744,0.234,0.843,-0.328
127.084,S,358766,0.187,0.890,-0.328
127.114,S,358795,0.187,1.031,-0.234
127.143,S,358825,0.187,0.984,-0.187
127.179,READY
127.187,M,WRITING
127.215,S,358897,0.234,0.984,-0.281
127.238,S,358919,0.421,0.890,-0.140
127.265,S,358947,0.375,0.937,-0.140
127.288,S,358969,0.375,0.984,-0.140
127.317,S,358998,0.375,0.843,-0.093
127.339,S,359020,0.281,0.843,-0.140
127.368,S,359049,0.187,0.984,-0.234
127.390,S,359071,0.093,1.031,-0.234
127.420,S,359101,0.140,0.937,-0.140
127.443,S,359123,0.281,0.937,-0.093
127.471,S,359152,0.281,0.937,-0.093
127.501,S,359182,0.375,0.937,-0.187
127.523,S,359204,0.187,0.937,-0.281
127.551,S,359231,0.140,1.031,-0.328
127.573,S,359254,0.187,0.984,-0.281
127.595,S,359276,0.234,0.984,-0.234
127.624,S,359305,0.281,0.984,-0.140
127.644,S,359326,0.281,0.984,-0.140
127.674,S,359355,0.234,0.937,-0.140
127.703,S,359383,0.234,0.984,-0.187
127.725,S,359406,0.234,0.984,-0.281
127.754,S,359434,0.187,0.937,-0.328
127.760,M,MOVING
127.790,S,359471,0.234,1.031,-0.234
127.812,S,359493,0.187,0.984,-0.187
127.840,S,359520,0.281,0.984,-0.140
127.862,S,359543,0.281,0.890,-0.140
127.892,S,359572,0.375,0.890,-0.093
127.912,S,359593,0.375,0.937,-0.140
127.941,S,359622,0.421,0.937,-0.093
127.963,S,359643,0.328,0.937,-0.093
127.992,S,359673,0.328,0.984,-0.140
128.021,S,359700,0.281,0.890,-0.140
128.043,S,359723,0.328,0.937,-0.140
128.071,S,359751,0.375,0.937,-0.187
128.093,S,359773,0.328,0.890,-0.140
128.122,S,359802,0.281,0.937,-0.140
128.280,S,359824,0.281,0.984,-0.187
128.281,S,359853,0.328,0.984,-0.187
128.281,S,359874,0.375,0.937,-0.234
128.282,S,359903,0.328,0.937,-0.187
128.283,S,359933,0.375,0.890,-0.187
128.284,S,359956,0.328,0.890,-0.140
128.309,READY
128.316,M,MOVING
128.344,S,360025,0.281,0.890,-0.187
128.366,S,360046,0.328,0.890,-0.093
128.396,S,360075,0.375,0.937,-0.093
128.417,S,360097,0.328,0.984,-0.046
128.446,S,360126,0.375,0.984,-0.093
128.469,S,360148,0.328,0.984,-0.140
128.497,S,360177,0.328,0.984,-0.187
128.519,S,360199,0.328,0.843,-0.187
128.548,S,360228,0.375,0.937,-0.187
128.570,S,360250,0.328,0.890,-0.187
128.599,S,360279,0.281,0.937,-0.187
128.621,S,360301,0.375,0.937,-0.187
128.650,S,360330,0.328,0.937,-0.187
128.673,S,360352,0.328,0.890,-0.187
128.701,S,360381,0.281,0.937,-0.234
128.724,S,360403,0.328,0.890,-0.187
128.752,S,360432,0.281,0.937,-0.140
128.775,S,360454,0.281,0.937,-0.187
128.803,S,360483,0.281,0.937,-0.187
128.826,S,360505,0.281,0.984,-0.140
128.855,S,360534,0.375,0.937,-0.140
128.877,S,360556,0.281,0.984,-0.187
128.906,S,360585,0.328,0.937,-0.187
128.911,M,STILL
128.941,S,360621,0.328,0.937,-0.234
128.963,S,360643,0.328,0.890,-0.187
128.992,S,360672,0.281,0.890,-0.187
129.015,S,360694,0.328,0.890,-0.187
129.044,S,360724,0.328,0.843,-0.187
129.066,S,360745,0.375,0.937,-0.234
129.095,S,360774,0.375,0.984,-0.234
129.117,S,360796,0.375,0.984,-0.187
129.145,S,360824,0.375,0.890,-0.234
129.301,S,360846,0.281,0.890,-0.187
129.302,S,360873,0.328,0.937,-0.140
129.303,S,360895,0.328,0.984,-0.187
129.303,S,360917,0.375,0.937,-0.234
129.304,S,360946,0.328,0.937,-0.187
129.305,S,360968,0.328,0.890,-0.187
129.337,READY
129.343,M,STILL
129.357,S,361037,0.375,0.984,-0.187
129.378,S,361058,0.328,0.937,-0.187
129.401,S,361080,0.375,0.937,-0.234
129.423,S,361102,0.375,0.890,-0.234
129.453,S,361130,0.328,0.937,-0.234
129.471,S,361150,0.328,0.890,-0.187
129.493,S,361172,0.281,0.937,-0.187
129.522,S,361201,0.375,0.890,-0.187
129.543,S,361223,0.375,0.890,-0.187
129.573,S,361252,0.375,0.890,-0.187
129.598,S,361273,0.375,0.937,-0.187
129.623,S,361302,0.328,0.984,-0.187
129.645,S,361324,0.328,0.890,-0.234
129.673,S,361352,0.375,0.890,-0.187
129.695,S,361375,0.328,0.937,-0.281
129.725,S,361404,0.328,0.937,-0.187
129.746,S,361425,0.281,0.890,-0.187
129.768,S,361446,0.375,0.937,-0.234
129.797,S,361475,0.375,0.984,-0.187
129.819,S,361497,0.281,0.890,-0.187
129.848,S,361526,0.421,0.937,-0.187
129.871,S,361548,0.375,0.937,-0.187
129.899,S,361576,0.375,0.937,-0.187
129.920,S,361598,0.375,0.937,-0.140
129.942,S,361620,0.328,0.937,-0.187
129.970,S,361648,0.281,0.890,-0.187
129.992,S,361670,0.328,0.937,-0.187
130.022,S,361699,0.375,0.890,-0.234
130.043,S,361721,0.328,0.890,-0.187
130.072,S,361750,0.375,0.937,-0.234
130.095,S,361772,0.375,0.890,-0.140
130.124,S,361801,0.281,0.937,-0.234
130.146,S,361823,0.328,0.937,-0.234
130.175,S,361852,0.375,0.937,-0.187
130.338,S,361873,0.328,0.937,-0.234
130.339,S,361900,0.375,0.890,-0.187
130.340,S,361922,0.281,0.984,-0.140
130.341,S,361944,0.375,0.890,-0.140
130.342,S,361972,0.328,0.937,-0.234
130.342,S,361994,0.281,0.890,-0.234
130.344,S,362023,0.375,0.890,-0.187
130.380,READY
130.387,M,STILL
130.414,S,362093,0.328,0.984,-0.187
130.436,S,362115,0.328,0.937,-0.187
130.459,S,362136,0.328,0.890,-0.187
130.487,S,362165,0.281,0.937,-0.234
130.509,S,362187,0.281,0.937,-0.187
130.538,S,362216,0.328,0.984,-0.187
130.559,S,362237,0.375,0.937,-0.187
130.590,S,362265,0.328,0.890,-0.187
130.608,S,362286,0.328,0.937,-0.281
130.630,S,362308,0.281,0.937,-0.234
130.659,S,362337,0.328,0.984,-0.187
130.681,S,362360,0.328,0.937,-0.187
130.710,S,362388,0.234,0.890,-0.187
130.732,S,362410,0.281,1.031,-0.234
130.760,S,362438,0.328,0.984,-0.187
130.782,S,362460,0.281,0.890,-0.187
130.810,S,362488,0.281,0.937,-0.187
130.832,S,362510,0.281,0.937,-0.234
130.861,S,362539,0.281,0.937,-0.187
130.883,S,362560,0.328,0.937,-0.140
130.911,S,362589,0.375,0.937,-0.234
130.933,S,362611,0.328,0.937,-0.187
130.961,S,362638,0.281,0.937,-0.187
130.984,S,362659,0.375,0.890,-0.234
131.003,S,362681,0.328,0.984,-0.234
131.033,S,362710,0.234,0.937,-0.234
131.055,S,362732,0.328,0.937,-0.234
131.085,S,362762,0.281,0.937,-0.234
131.107,S,362784,0.281,0.937,-0.234
131.136,S,362812,0.281,0.890,-0.234
131.157,S,362834,0.281,0.984,-0.234
131.185,S,362863,0.281,0.937,-0.187
131.208,S,362885,0.281,0.890,-0.187
131.714,S,362914,0.328,0.890,-0.281
131.716,S,362944,0.328,0.890,-0.234
131.717,S,362966,0.328,0.890,-0.187
131.719,S,362995,0.281,0.937,-0.187
131.720,S,363016,0.281,0.984,-0.234
131.721,S,363045,0.281,0.984,-0.187
131.721,S,363068,0.328,0.890,-0.234
131.723,S,363096,0.328,0.890,-0.281
131.724,S,363118,0.281,0.937,-0.234
131.725,S,363147,0.328,0.984,-0.234
131.726,S,363169,0.328,0.890,-0.234
131.727,S,363198,0.281,0.937,-0.187
131.728,S,363221,0.281,0.890,-0.281
131.729,S,363249,0.281,0.984,-0.234
131.730,S,363269,0.281,0.890,-0.234
131.731,S,363291,0.328,0.937,-0.281
131.733,S,363319,0.281,0.937,-0.234
131.734,S,363342,0.234,0.890,-0.234
131.735,S,363363,0.234,0.890,-0.234
131.736,S,363392,0.281,0.984,-0.234
131.749,READY
131.754,M,STILL
131.783,S,363460,0.234,0.843,-0.234
131.805,S,363482,0.093,1.031,-0.046
131.834,S,363511,0.234,0.984,-0.046
131.856,S,363533,0.187,0.984,-0.093
131.862,M,MOVING
131.891,S,363568,0.140,0.890,-0.281
131.912,S,363589,0.187,0.937,-0.328
131.934,S,363611,0.187,0.984,-0.281
131.962,S,363639,0.234,0.890,-0.281
131.987,S,363661,0.187,0.937,-0.187
132.004,S,363681,0.234,0.984,-0.187
132.033,S,363710,0.140,1.031,-0.187
132.055,S,363732,0.234,0.984,-0.234
132.085,S,363761,0.234,0.937,-0.234
132.107,S,363783,0.187,0.984,-0.187
132.136,S,363811,0.187,0.984,-0.187
132.158,S,363833,0.140,0.984,-0.187
132.187,S,363862,0.234,0.937,-0.234
132.215,S,363890,0.234,0.890,-0.187
132.236,S,363911,0.187,1.031,-0.234
132.258,S,363934,0.234,0.890,-0.234
132.287,S,363963,0.187,1.031,-0.281
132.310,S,363985,0.234,0.937,-0.187
132.337,S,364012,0.187,0.984,-0.234
132.358,S,364034,0.187,0.937,-0.187
132.388,S,364063,0.187,0.984,-0.187
132.410,S,364085,0.187,0.937,-0.234
132.439,S,364115,0.187,0.890,-0.234
132.460,S,364136,0.187,0.937,-0.140
132.490,S,364165,0.187,0.937,-0.234
132.512,S,364187,0.187,0.984,-0.234
132.540,S,364215,0.234,0.984,-0.234
132.562,S,364237,0.187,0.984,-0.234
132.591,S,364266,0.187,0.984,-0.234
132.611,S,364287,0.187,0.937,-0.234
132.617,M,STILL
132.646,S,364322,0.187,0.984,-0.234
132.667,S,364343,0.187,0.984,-0.187
132.696,S,364372,0.187,0.937,-0.234
132.719,S,364394,0.187,1.031,-0.187
132.753,READY
132.760,M,STILL
132.787,S,364462,0.140,0.890,-0.187
132.809,S,364484,0.281,0.984,-0.187
132.838,S,364513,0.187,0.937,-0.187
132.860,S,364535,0.187,0.984,-0.234
132.890,S,364564,0.187,1.031,-0.281
132.910,S,364585,0.187,0.890,-0.187
132.931,S,364606,0.187,0.890,-0.234
132.960,S,364634,0.187,0.937,-0.234
132.981,S,364656,0.234,0.937,-0.234
133.010,S,364685,0.187,0.984,-0.187
133.032,S,364707,0.187,0.937,-0.281
133.061,S,364736,0.187,0.984,-0.234
133.083,S,364758,0.187,0.984,-0.234
133.114,S,364787,0.187,0.890,-0.234
133.134,S,364809,0.187,0.937,-0.234
133.163,S,364839,0.234,0.984,-0.234
133.194,S,364869,0.187,0.984,-0.187
133.216,S,364891,0.234,0.984,-0.234
133.245,S,364919,0.187,0.937,-0.234
133.268,S,364942,0.140,0.937,-0.234
133.296,S,364970,0.187,0.984,-0.234
133.318,S,364993,0.234,0.984,-0.234
133.347,S,365021,0.140,0.984,-0.187
133.376,S,365051,0.234,0.890,-0.234
133.397,S,365072,0.187,0.937,-0.234
133.427,S,365101,0.187,0.937,-0.234
133.448,S,365123,0.234,1.031,-0.187
133.477,S,365152,0.234,0.890,-0.234
133.501,S,365175,0.140,0.937,-0.234
133.531,S,365206,0.187,0.984,-0.140
133.551,S,365227,0.234,0.937,-0.140
133.580,S,365255,0.187,0.984,-0.234
133.602,S,365277,0.187,0.937,-0.187
133.632,S,365306,0.281,0.984,-0.187
133.655,S,365328,0.234,0.937,-0.187
133.683,S,365358,0.187,0.984,-0.234
133.706,S,365380,0.187,0.937,-0.234
133.732,S,365407,0.234,0.937,-0.234
133.767,READY
133.773,M,STILL
133.801,S,365476,0.187,0.937,-0.234
133.824,S,365498,0.187,0.937,-0.234
133.853,S,365527,0.187,0.984,-0.234
133.883,S,365557,0.234,1.031,-0.234
133.905,S,365579,0.187,0.937,-0.281
133.934,S,365608,0.187,1.031,-0.234
133.964,S,365637,0.234,0.937,-0.281
133.986,S,365660,0.187,0.984,-0.187
134.015,S,365689,0.187,0.937,-0.140
134.037,S,365711,0.187,0.984,-0.187
134.068,S,365740,0.187,1.031,-0.234
134.087,S,365762,0.187,0.937,-0.187
134.115,S,365788,0.187,0.984,-0.234
134.135,S,365808,0.234,0.984,-0.187
134.157,S,365830,0.187,0.984,-0.187
134.179,S,365852,0.140,0.937,-0.187
134.208,S,365881,0.187,0.984,-0.234
134.230,S,365903,0.234,0.937,-0.187
134.259,S,365932,0.187,0.984,-0.187
134.281,S,365954,0.234,0.984,-0.234
134.310,S,365983,0.234,0.937,-0.234
134.333,S,366005,0.187,0.984,-0.234
134.361,S,366034,0.140,0.984,-0.281
134.384,S,366056,0.140,1.031,-0.234
134.412,S,366085,0.187,0.937,-0.234
134.433,S,366107,0.187,0.984,-0.234
134.463,S,366136,0.187,0.937,-0.187
134.486,S,366159,0.234,0.984,-0.234
134.514,S,366188,0.187,0.937,-0.187
134.535,S,366209,0.187,0.984,-0.234
134.563,S,366236,0.234,0.984,-0.234
134.585,S,366258,0.140,0.937,-0.187
134.605,S,366279,0.187,0.937,-0.234
134.634,S,366308,0.234,0.937,-0.234
134.656,S,366329,0.234,1.031,-0.187
134.684,S,366357,0.140,0.984,-0.234
134.705,S,366378,0.187,0.937,-0.234
134.727,S,366400,0.187,0.984,-0.234
134.752,S,366426,0.187,0.937,-0.187
134.783,READY
134.789,M,STILL
134.816,S,366489,0.187,0.890,-0.187
134.838,S,366512,0.187,0.984,-0.187
134.866,S,366539,0.187,1.031,-0.187
134.888,S,366562,0.187,0.984,-0.187
134.917,S,366589,0.187,0.984,-0.234
134.937,S,366611,0.187,0.937,-0.234
134.959,S,366633,0.234,0.984,-0.187
134.988,S,366662,0.187,1.031,-0.234
135.010,S,366684,0.187,0.937,-0.234
135.038,S,366712,0.187,0.984,-0.234
135.059,S,366732,0.187,0.984,-0.234
135.079,S,366753,0.140,0.984,-0.234
135.102,S,366775,0.140,0.984,-0.234
135.130,S,366803,0.234,0.937,-0.187
135.152,S,366825,0.187,0.937,-0.187
135.180,S,366853,0.187,0.984,-0.187
135.202,S,366875,0.187,0.984,-0.234
135.231,S,366903,0.187,0.937,-0.234
135.254,S,366926,0.187,0.937,-0.187
135.282,S,366955,0.187,0.937,-0.187
135.304,S,366977,0.281,0.937,-0.281
135.332,S,367006,0.187,0.890,-0.187
135.354,S,367028,0.187,0.937,-0.234
135.383,S,367057,0.140,0.984,-0.187
135.405,S,367079,0.187,0.984,-0.187
135.434,S,367107,0.187,0.937,-0.187
135.456,S,367130,0.187,0.984,-0.234
135.485,S,367159,0.187,0.984,-0.187
135.507,S,367180,0.140,0.984,-0.187
135.537,S,367209,0.140,0.984,-0.234
135.559,S,367231,0.187,0.984,-0.234
135.588,S,367260,0.234,0.984,-0.234
135.608,S,367281,0.140,0.984,-0.187
135.637,S,367310,0.140,0.937,-0.234
135.659,S,367332,0.187,0.984,-0.234
135.687,S,367360,0.234,0.984,-0.187
135.709,S,367382,0.234,0.984,-0.234
135.737,S,367410,0.187,0.984,-0.187
135.758,S,367431,0.140,0.984,-0.187
135.792,READY
135.798,M,STILL
135.825,S,367499,0.187,0.937,-0.234
135.848,S,367521,0.140,0.984,-0.187
135.870,S,367543,0.187,0.984,-0.187
135.899,S,367572,0.234,0.984,-0.187
135.921,S,367594,0.234,0.937,-0.234
135.950,S,367623,0.234,0.937,-0.234
135.972,S,367645,0.187,0.937,-0.187
136.001,S,367674,0.187,0.937,-0.234
136.024,S,367696,0.187,0.984,-0.187
136.053,S,367725,0.187,0.937,-0.187
136.075,S,367747,0.187,0.984,-0.187
136.105,S,367776,0.187,0.984,-0.234
136.126,S,367797,0.140,0.937,-0.140
136.155,S,367827,0.187,0.937,-0.234
136.177,S,367849,0.234,0.984,-0.234
136.206,S,367878,0.187,0.937,-0.281
136.228,S,367900,0.234,0.984,-0.234
136.256,S,367928,0.187,0.984,-0.234
136.278,S,367950,0.187,0.890,-0.234
136.306,S,367978,0.187,0.937,-0.234
136.327,S,367999,0.187,0.937,-0.187
136.349,S,368021,0.187,0.984,-0.234
136.378,S,368050,0.187,0.890,-0.234
136.401,S,368072,0.187,0.984,-0.187
136.427,S,368099,0.187,0.984,-0.187
136.450,S,368121,0.234,0.937,-0.187
136.471,S,368143,0.234,0.984,-0.234
136.501,S,368173,0.140,0.890,-0.187
136.531,S,368202,0.234,0.937,-0.187
136.553,S,368224,0.187,0.984,-0.187
136.581,S,368253,0.187,0.984,-0.234
136.603,S,368275,0.234,0.984,-0.187
136.632,S,368304,0.234,0.937,-0.234
136.654,S,368326,0.187,0.984,-0.187
136.682,S,368355,0.140,0.984,-0.187
136.704,S,368377,0.187,1.031,-0.234
136.733,S,368406,0.187,1.031,-0.187
136.755,S,368428,0.140,0.937,-0.187
136.785,S,368457,0.187,0.984,-0.234
136.819,READY
136.825,M,STILL
136.852,S,368525,0.187,0.984,-0.234
136.874,S,368547,0.187,0.937,-0.234
136.903,S,368576,0.140,0.984,-0.187
136.926,S,368598,0.187,0.984,-0.187
136.954,S,368627,0.187,0.984,-0.187
136.977,S,368649,0.234,0.937,-0.234
137.005,S,368678,0.140,0.984,-0.187
137.027,S,368699,0.187,0.984,-0.234
137.056,S,368728,0.140,1.031,-0.187
137.078,S,368750,0.187,0.937,-0.187
137.107,S,368779,0.140,1.031,-0.234
137.129,S,368801,0.187,0.937,-0.234
137.158,S,368830,0.140,0.984,-0.187
137.180,S,368852,0.187,0.937,-0.234
137.209,S,368881,0.187,0.984,-0.234
137.231,S,368903,0.187,0.984,-0.187
137.260,S,368932,0.187,0.984,-0.187
137.289,S,368961,0.187,1.031,-0.234
137.312,S,368984,0.187,0.937,-0.234
137.341,S,369013,0.187,0.984,-0.234
137.363,S,369035,0.234,0.984,-0.187
137.392,S,369064,0.140,0.937,-0.234
137.422,S,369094,0.187,0.937,-0.234
137.452,S,369124,0.140,0.984,-0.187
137.475,S,369146,0.234,0.937,-0.187
137.503,S,369174,0.140,0.984,-0.234
137.525,S,369196,0.187,0.984,-0.234
137.554,S,369225,0.187,0.937,-0.234
137.576,S,369248,0.187,0.937,-0.140
137.604,S,369276,0.140,1.031,-0.234
137.626,S,369298,0.187,0.984,-0.187
137.656,S,369327,0.234,0.984,-0.234
137.678,S,369349,0.187,0.984,-0.234
137.707,S,369379,0.187,0.937,-0.234
137.729,S,369401,0.187,0.984,-0.234
137.758,S,369430,0.093,1.031,-0.187
137.781,S,369452,0.187,0.937,-0.234
137.809,S,369480,0.140,0.984,-0.234
137.844,READY
137.852,M,STILL
137.881,S,369552,0.140,0.937,-0.281
137.904,S,369574,0.187,0.937,-0.234
137.933,S,369603,0.187,0.984,-0.234
137.955,S,369625,0.187,0.937,-0.234
137.984,S,369654,0.281,0.984,-0.234
138.012,S,369682,0.187,0.937,-0.234
138.033,S,369705,0.234,0.937,-0.234
138.062,S,369734,0.187,0.890,-0.234
138.084,S,369756,0.234,0.984,-0.234
138.111,S,369783,0.140,1.031,-0.187
138.132,S,369803,0.187,0.984,-0.281
138.155,S,369825,0.187,0.937,-0.234
138.184,S,369853,0.187,1.031,-0.281
138.204,S,369875,0.187,1.031,-0.234
138.234,S,369905,0.140,0.937,-0.187
138.254,S,369926,0.140,0.984,-0.234
138.283,S,369953,0.187,0.984,-0.234
138.305,S,369976,0.187,0.937,-0.234
138.325,S,369995,0.187,0.984,-0.187
138.347,S,370017,0.140,0.937,-0.234
138.377,S,370046,0.187,0.937,-0.234
138.399,S,370068,0.187,0.937,-0.234
138.427,S,370096,0.140,0.984,-0.187
138.449,S,370119,0.140,0.984,-0.234
138.478,S,370148,0.234,0.937,-0.234
138.501,S,370170,0.187,1.031,-0.187
138.530,S,370199,0.187,0.937,-0.281
138.552,S,370221,0.187,0.984,-0.281
138.581,S,370250,0.187,0.937,-0.234
138.603,S,370272,0.140,0.937,-0.234
138.631,S,370302,0.140,0.937,-0.187
138.655,S,370324,0.140,0.984,-0.187
138.683,S,370353,0.140,0.890,-0.281
138.714,S,370383,0.187,0.984,-0.234
138.735,S,370405,0.234,0.984,-0.281
138.764,S,370434,0.187,0.937,-0.281
138.787,S,370456,0.140,0.984,-0.234
138.816,S,370485,0.140,0.984,-0.234
138.850,READY
138.858,M,STILL
138.888,S,370557,0.140,0.937,-0.281
138.909,S,370579,0.140,0.937,-0.234
138.938,S,370608,0.187,0.984,-0.234
138.960,S,370630,0.140,0.937,-0.234
138.989,S,370659,0.187,0.984,-0.187
139.011,S,370681,0.140,0.984,-0.234
139.040,S,370710,0.187,0.984,-0.234
139.062,S,370732,0.187,0.937,-0.187
139.091,S,370762,0.234,0.984,-0.187
139.122,S,370792,0.234,0.937,-0.187
139.144,S,370814,0.187,1.031,-0.234
139.174,S,370843,0.187,0.984,-0.281
139.204,S,370872,0.187,0.984,-0.187
139.225,S,370895,0.234,0.937,-0.234
139.255,S,370924,0.234,0.984,-0.187
139.277,S,370946,0.187,0.984,-0.187
139.305,S,370973,0.187,0.937,-0.234
139.326,S,370995,0.187,0.937,-0.234
139.355,S,371024,0.187,0.937,-0.234
139.377,S,371047,0.187,0.984,-0.234
139.407,S,371077,0.187,0.984,-0.234
139.430,S,371099,0.187,0.984,-0.281
139.459,S,371128,0.187,0.937,-0.281
139.482,S,371150,0.187,0.984,-0.234
139.509,S,371179,0.140,0.984,-0.234
139.539,S,371208,0.140,0.984,-0.234
139.562,S,371230,0.187,0.984,-0.234
139.590,S,371259,0.140,1.031,-0.234
139.613,S,371281,0.140,1.031,-0.187
139.642,S,371311,0.187,0.937,-0.234
139.669,S,371339,0.140,0.984,-0.234
139.692,S,371361,0.140,0.984,-0.234
139.721,S,371390,0.187,0.937,-0.187
139.751,S,371420,0.187,0.984,-0.234
139.774,S,371442,0.187,0.984,-0.187
139.803,S,371471,0.187,0.937,-0.187
139.825,S,371493,0.187,0.984,-0.234
139.860,READY
139.865,M,STILL
139.896,S,371563,0.140,1.031,-0.234
139.917,S,371586,0.234,0.984,-0.187
139.946,S,371615,0.187,0.937,-0.234
139.969,S,371637,0.187,0.984,-0.187
139.998,S,371666,0.187,0.984,-0.234
140.028,S,371696,0.234,0.937,-0.187
140.050,S,371719,0.187,0.937,-0.234
140.079,S,371748,0.234,0.984,-0.187
140.100,S,371769,0.140,0.937,-0.234
140.126,S,371796,0.187,0.984,-0.234
140.149,S,371818,0.234,0.984,-0.187
140.170,S,371839,0.187,0.890,-0.187
140.198,S,371867,0.187,1.031,-0.187
140.221,S,371888,0.234,0.984,-0.234
140.243,S,371910,0.234,0.984,-0.234
140.270,S,371939,0.140,0.937,-0.234
140.292,S,371961,0.187,0.937,-0.187
140.321,S,371990,0.234,0.937,-0.234
140.343,S,372012,0.187,0.984,-0.187
140.372,S,372041,0.140,0.984,-0.187
140.394,S,372063,0.187,0.890,-0.234
140.424,S,372093,0.234,0.937,-0.187
140.446,S,372115,0.187,0.984,-0.234
140.475,S,372144,0.140,0.937,-0.187
140.498,S,372166,0.187,0.984,-0.187
140.527,S,372195,0.234,0.890,-0.187
140.550,S,372217,0.187,0.937,-0.281
140.579,S,372246,0.187,0.984,-0.187
140.608,S,372276,0.187,0.984,-0.234
140.630,S,372298,0.140,0.984,-0.187
140.660,S,372327,0.187,0.984,-0.187
140.682,S,372349,0.187,0.984,-0.234
140.711,S,372378,0.140,0.937,-0.234
140.740,S,372408,0.234,0.984,-0.187
140.763,S,372430,0.187,1.031,-0.140
140.792,S,372459,0.187,0.937,-0.234
140.814,S,372481,0.234,0.937,-0.234
140.843,S,372510,0.187,0.984,-0.234
140.878,READY
140.885,M,STILL
140.914,S,372581,0.140,0.984,-0.234
140.937,S,372604,0.140,0.937,-0.187
140.965,S,372633,0.187,0.937,-0.187
140.988,S,372655,0.187,0.984,-0.234
141.016,S,372684,0.187,0.937,-0.187
141.039,S,372706,0.187,0.890,-0.187
141.066,S,372734,0.140,0.937,-0.234
141.089,S,372756,0.187,0.937,-0.187
141.117,S,372784,0.140,0.937,-0.234
141.138,S,372806,0.140,0.984,-0.234
141.166,S,372834,0.187,0.937,-0.234
141.189,S,372856,0.187,0.937,-0.234
141.217,S,372884,0.140,0.937,-0.234
141.239,S,372906,0.234,0.984,-0.234
141.267,S,372935,0.140,0.984,-0.234
141.290,S,372957,0.187,1.031,-0.234
141.319,S,372987,0.140,0.937,-0.187
141.342,S,373009,0.187,0.984,-0.234
141.370,S,373037,0.140,0.984,-0.234
141.392,S,373059,0.234,0.984,-0.234
141.421,S,373088,0.187,0.984,-0.234
141.444,S,373111,0.187,0.937,-0.234
141.471,S,373138,0.234,0.937,-0.234
141.493,S,373160,0.140,0.984,-0.234
141.524,S,373189,0.187,1.031,-0.234
141.544,S,373211,0.187,0.984,-0.234
141.573,S,373241,0.187,0.984,-0.234
141.598,S,373263,0.140,1.031,-0.187
141.625,S,373291,0.187,0.984,-0.187
141.647,S,373314,0.234,0.937,-0.234
141.674,S,373342,0.234,0.984,-0.187
141.695,S,373362,0.187,0.937,-0.187
141.717,S,373384,0.140,0.984,-0.234
141.745,S,373411,0.234,0.984,-0.234
141.766,S,373433,0.187,0.984,-0.234
141.787,S,373453,0.187,0.937,-0.187
141.813,S,373481,0.187,0.937,-0.187
141.836,S,373502,0.234,0.984,-0.187
141.857,S,373524,0.187,0.984,-0.234
141.891,READY
141.897,M,STILL
141.925,S,373592,0.281,0.984,-0.234
141.947,S,373614,0.187,0.937,-0.187
141.975,S,373642,0.234,0.937,-0.187
141.996,S,373663,0.140,0.937,-0.234
142.026,S,373693,0.187,0.890,-0.234
142.048,S,373715,0.187,0.937,-0.234
142.076,S,373743,0.234,0.937,-0.234
142.098,S,373765,0.234,0.984,-0.234
142.127,S,373794,0.234,0.984,-0.234
142.150,S,373816,0.234,0.984,-0.234
142.178,S,373844,0.234,0.984,-0.234
142.200,S,373866,0.187,0.984,-0.187
142.228,S,373894,0.234,0.984,-0.234
142.250,S,373916,0.187,0.937,-0.187
142.278,S,373944,0.234,0.984,-0.187
142.299,S,373966,0.140,0.890,-0.234
142.329,S,373995,0.187,0.937,-0.234
142.350,S,374017,0.187,0.984,-0.234
142.378,S,374044,0.187,0.984,-0.234
142.399,S,374065,0.187,0.984,-0.234
142.428,S,374094,0.187,0.937,-0.234
142.450,S,374117,0.187,0.984,-0.234
142.479,S,374146,0.187,0.984,-0.234
142.502,S,374168,0.187,0.937,-0.187
142.530,S,374196,0.140,0.984,-0.234
142.550,S,374217,0.234,0.984,-0.234
142.572,S,374239,0.140,1.031,-0.234
142.599,S,374266,0.234,0.984,-0.281
142.620,S,374288,0.187,0.984,-0.234
142.650,S,374317,0.187,0.937,-0.234
142.671,S,374338,0.187,0.937,-0.187
142.699,S,374367,0.234,0.937,-0.234
142.722,S,374389,0.187,0.937,-0.187
142.751,S,374417,0.187,0.937,-0.234
142.771,S,374437,0.187,0.984,-0.234
142.801,S,374466,0.140,0.937,-0.234
142.823,S,374489,0.234,0.937,-0.234
142.852,S,374518,0.187,0.937,-0.187
142.874,S,374540,0.187,0.937,-0.234
142.910,READY
142.917,M,STILL
142.946,S,374612,0.187,0.984,-0.234
142.969,S,374634,0.187,0.984,-0.234
142.998,S,374663,0.187,0.984,-0.234
143.019,S,374685,0.140,0.984,-0.234
143.048,S,374714,0.187,0.984,-0.234
143.071,S,374736,0.187,0.984,-0.234
143.100,S,374766,0.234,0.984,-0.234
143.123,S,374788,0.234,0.937,-0.234
143.151,S,374817,0.187,0.937,-0.187
143.173,S,374839,0.187,0.984,-0.234
143.203,S,374868,0.187,0.937,-0.187
143.225,S,374891,0.187,0.937,-0.234
143.255,S,374920,0.140,0.937,-0.187
143.275,S,374941,0.234,0.984,-0.234
143.303,S,374970,0.234,0.984,-0.234
143.326,S,374992,0.140,0.937,-0.234
143.355,S,375021,0.234,0.937,-0.187
143.383,S,375049,0.187,0.984,-0.187
143.405,S,375072,0.187,0.984,-0.234
143.435,S,375101,0.140,0.984,-0.234
143.456,S,375122,0.140,0.937,-0.234
143.486,S,375151,0.187,0.937,-0.187
143.507,S,375172,0.281,0.984,-0.187
143.535,S,375200,0.234,0.937,-0.187
143.558,S,375222,0.187,0.984,-0.234
143.587,S,375251,0.234,0.937,-0.234
143.608,S,375273,0.187,0.937,-0.234
143.636,S,375301,0.140,0.984,-0.187
143.657,S,375323,0.187,0.984,-0.187
143.679,S,375344,0.140,0.937,-0.234
143.707,S,375373,0.187,0.984,-0.281
143.729,S,375395,0.234,0.984,-0.281
143.758,S,375424,0.140,1.031,-0.234
143.781,S,375446,0.234,0.984,-0.187
143.811,S,375475,0.187,0.937,-0.140
143.833,S,375497,0.140,0.937,-0.187
143.862,S,375526,0.187,0.984,-0.234
143.884,S,375549,0.187,0.937,-0.234
143.920,READY
143.926,M,STILL
143.955,S,375620,0.187,0.984,-0.234
143.977,S,375642,0.187,0.937,-0.234
143.998,S,375663,0.187,0.937,-0.234
144.028,S,375692,0.234,1.031,-0.187
144.050,S,375714,0.187,0.984,-0.234
144.079,S,375744,0.187,0.984,-0.281
144.101,S,375765,0.187,0.984,-0.187
144.129,S,375794,0.234,0.984,-0.187
144.151,S,375816,0.187,0.937,-0.187
144.181,S,375845,0.187,0.937,-0.187
144.203,S,375867,0.187,0.984,-0.187
144.231,S,375896,0.140,0.937,-0.234
144.253,S,375918,0.140,0.984,-0.187
144.283,S,375947,0.187,0.984,-0.187
144.304,S,375968,0.187,0.937,-0.234
144.333,S,375997,0.187,0.984,-0.234
144.362,S,376026,0.187,0.937,-0.234
144.385,S,376049,0.234,0.937,-0.234
144.413,S,376078,0.140,0.937,-0.234
144.435,S,376100,0.187,0.937,-0.234
144.466,S,376129,0.234,0.890,-0.234
144.486,S,376150,0.234,0.984,-0.234
144.515,S,376179,0.187,0.984,-0.234
144.537,S,376201,0.140,0.937,-0.234
144.566,S,376230,0.187,0.984,-0.187
144.595,S,376260,0.140,0.937,-0.187
144.617,S,376282,0.187,0.984,-0.187
144.645,S,376311,0.187,0.984,-0.281
144.668,S,376333,0.140,0.890,-0.187
144.697,S,376362,0.187,0.984,-0.234
144.719,S,376384,0.187,0.937,-0.187
144.748,S,376413,0.234,0.890,-0.234
144.773,S,376436,0.140,0.937,-0.234
144.799,S,376465,0.187,0.937,-0.187
144.822,S,376487,0.234,0.984,-0.234
144.851,S,376516,0.187,0.937,-0.187
144.881,S,376546,0.187,1.031,-0.187
144.903,S,376568,0.234,0.984,-0.187
144.940,READY
144.947,M,STILL
144.976,S,376641,0.187,0.984,-0.187
144.999,S,376663,0.140,0.984,-0.187
145.027,S,376692,0.140,0.937,-0.281
145.050,S,376714,0.187,0.984,-0.234
145.079,S,376743,0.140,0.937,-0.187
145.108,S,376773,0.187,0.984,-0.234
145.130,S,376795,0.187,0.937,-0.187
145.159,S,376824,0.187,0.890,-0.187
145.182,S,376846,0.187,1.031,-0.234
145.211,S,376875,0.187,0.984,-0.234
145.233,S,376897,0.140,0.984,-0.187
145.262,S,376927,0.187,0.937,-0.234
145.284,S,376949,0.234,0.984,-0.234
145.314,S,376978,0.234,0.937,-0.187
145.336,S,377000,0.140,0.984,-0.234
145.365,S,377029,0.187,0.937,-0.187
145.394,S,377059,0.140,0.890,-0.234
145.416,S,377081,0.187,0.984,-0.234
145.445,S,377110,0.140,1.031,-0.234
145.468,S,377132,0.234,0.984,-0.234
145.497,S,377161,0.187,0.937,-0.187
145.519,S,377183,0.187,0.937,-0.187
145.547,S,377212,0.187,0.890,-0.187
145.570,S,377234,0.187,0.984,-0.234
145.599,S,377263,0.187,0.937,-0.234
145.621,S,377285,0.187,0.937,-0.187
145.650,S,377314,0.234,0.937,-0.234
145.672,S,377336,0.140,0.937,-0.234
145.702,S,377366,0.187,0.937,-0.187
145.724,S,377388,0.140,0.984,-0.234
145.753,S,377417,0.187,0.890,-0.234
145.775,S,377439,0.187,0.890,-0.234
145.804,S,377468,0.187,0.937,-0.187
145.827,S,377491,0.187,0.984,-0.234
145.856,S,377520,0.234,0.937,-0.234
145.878,S,377542,0.187,0.937,-0.234
145.907,S,377571,0.187,0.984,-0.234
145.942,READY
145.948,M,STILL
145.977,S,377641,0.187,0.937,-0.187
146.000,S,377663,0.187,0.937,-0.281
146.029,S,377692,0.140,0.984,-0.187
146.051,S,377714,0.187,0.937,-0.234
146.081,S,377743,0.234,0.937,-0.234
146.103,S,377765,0.140,0.937,-0.234
146.131,S,377794,0.187,0.937,-0.187
146.154,S,377816,0.187,0.937,-0.234
146.183,S,377845,0.234,0.890,-0.281
146.205,S,377867,0.140,0.984,-0.187
146.235,S,377897,0.187,0.984,-0.187
146.257,S,377919,0.187,0.937,-0.187
146.287,S,377949,0.187,0.984,-0.234
146.309,S,377972,0.234,0.890,-0.187
146.337,S,378001,0.187,0.984,-0.187
146.360,S,378022,0.140,0.984,-0.281
146.389,S,378051,0.187,0.937,-0.187
146.411,S,378073,0.187,1.031,-0.234
146.439,S,378102,0.187,1.031,-0.234
146.462,S,378124,0.140,0.984,-0.187
146.490,S,378153,0.234,0.984,-0.234
146.513,S,378175,0.234,0.890,-0.234
146.543,S,378205,0.140,0.984,-0.187
146.566,S,378227,0.140,0.937,-0.234
146.594,S,378257,0.140,0.984,-0.234
146.615,S,378278,0.187,0.984,-0.187
146.645,S,378307,0.234,1.031,-0.187
146.667,S,378329,0.140,0.937,-0.234
146.695,S,378357,0.187,0.937,-0.187
146.718,S,378379,0.140,0.937,-0.234
146.747,S,378409,0.140,0.984,-0.234
146.770,S,378431,0.234,0.984,-0.234
146.798,S,378460,0.187,0.984,-0.234
146.820,S,378482,0.187,0.937,-0.187
146.850,S,378511,0.187,0.937,-0.187
146.879,S,378540,0.234,0.984,-0.187
146.900,S,378563,0.187,0.984,-0.234
146.931,S,378592,0.187,0.984,-0.187
146.965,READY
146.971,M,STILL
146.998,S,378660,0.140,0.984,-0.234
147.019,S,378682,0.187,0.890,-0.234
147.046,S,378709,0.187,1.031,-0.187
147.069,S,378731,0.187,1.031,-0.187
147.098,S,378760,0.187,0.984,-0.234
147.120,S,378783,0.187,0.937,-0.187
147.148,S,378811,0.187,0.937,-0.187
147.171,S,378833,0.234,0.984,-0.234
147.199,S,378862,0.234,1.031,-0.187
147.222,S,378884,0.187,0.937,-0.187
