# marks: kind,expected_taps,t_start,t_end
# single,1,4.127119302749634,8.127119302749634
# single,1,8.141447305679321,12.141447305679321
# single,1,12.148586988449097,16.148586988449097
# single,1,16.155046463012695,20.155046463012695
# single,1,20.18360686302185,24.18360686302185
# single,1,24.21081805229187,28.21081805229187
# single,1,28.237644910812378,32.23764491081238
# single,1,32.25101017951965,36.25101017951965
# single,1,36.25633788108826,40.25633788108826
# single,1,40.27484130859375,44.27484130859375
# double,2,50.225576877593994,54.225576877593994
# double,2,54.234535217285156,58.234535217285156
# double,2,58.25072121620178,62.25072121620178
# double,2,62.26066708564758,66.26066708564758
# double,2,66.26918292045593,70.26918292045593
# double,2,70.2980568408966,74.2980568408966
# double,2,74.3044536113739,78.3044536113739
# double,2,78.3283805847168,82.3283805847168
# double,2,82.32900953292847,86.32900953292847
# double,2,86.35136485099792,90.35136485099792
# active,0,96.29369330406189,126.29369330406189
# still,0,132.23051977157593,147.23051977157593
0.208,READY
0.214,M,WRITING
0.243,S,587935,0.093,0.796,0.375
0.273,S,587965,0.140,0.890,0.375
0.303,S,587995,0.187,0.984,0.421
0.326,S,588017,0.187,0.984,0.328
0.356,S,588047,0.187,0.890,0.328
0.385,S,588076,0.093,0.937,0.375
0.415,S,588107,0.140,0.937,0.281
0.445,S,588137,0.140,0.890,0.328
0.468,S,588159,0.000,0.890,0.281
0.498,S,588189,-0.093,0.984,0.281
0.520,S,588211,-0.046,0.984,0.328
0.550,S,588242,0.046,0.937,0.375
0.580,S,588272,0.000,0.843,0.281
0.603,S,588294,0.000,0.937,0.375
0.633,S,588324,-0.046,1.031,0.375
0.655,S,588346,0.000,0.984,0.281
0.685,S,588375,-0.046,0.984,0.281
0.691,M,MOVING
0.720,S,588412,-0.046,0.890,0.375
0.743,S,588434,0.000,0.937,0.328
0.772,S,588463,0.281,0.843,0.093
0.802,S,588493,-0.093,0.796,0.328
0.832,S,588523,-0.187,0.937,0.234
0.862,S,588553,-0.187,0.937,0.093
0.885,S,588575,-0.187,0.890,0.093
0.914,S,588605,0.046,0.890,0.046
0.944,S,588635,0.046,0.937,0.234
0.975,S,588665,0.000,1.031,0.187
1.005,S,588696,0.093,1.031,0.281
1.035,S,588726,0.046,0.890,0.328
1.195,S,588748,0.046,0.937,0.375
1.196,M,WRITING
1.196,S,588784,0.281,0.937,0.281
1.197,S,588814,0.046,0.843,0.328
1.198,S,588845,-0.140,0.796,0.468
1.198,S,588876,0.046,0.843,0.421
1.228,READY
1.235,M,WRITING
1.250,S,588941,0.140,0.656,0.515
1.273,S,588963,0.140,0.609,0.515
1.295,S,588986,0.187,0.890,0.562
1.325,S,589016,0.281,0.796,0.468
1.348,S,589038,0.281,0.796,0.468
1.376,S,589068,0.375,0.890,0.609
1.399,S,589090,0.328,0.890,0.515
1.427,S,589118,-0.046,1.171,0.421
1.449,S,589140,0.187,0.890,0.515
1.480,S,589171,0.375,0.890,0.562
1.503,S,589193,0.281,0.890,0.515
1.533,S,589223,0.281,0.937,0.328
1.562,S,589253,0.000,1.031,0.046
1.585,S,589275,0.140,0.984,0.375
1.613,S,589304,0.046,1.078,0.234
1.636,S,589326,0.000,0.984,0.234
1.666,S,589356,0.187,0.984,0.234
1.688,S,589378,0.140,0.984,0.375
1.718,S,589408,-0.281,1.171,0.140
1.748,S,589438,-0.234,1.031,0.046
1.778,S,589468,-0.187,0.937,0.046
1.800,S,589490,-0.234,0.937,0.093
1.831,S,589520,-0.375,0.937,0.093
1.861,S,589551,-0.281,0.937,0.093
1.891,S,589581,-0.281,0.890,0.140
1.921,S,589611,-0.281,0.937,0.140
1.943,S,589633,-0.375,0.890,0.046
1.972,S,589662,-0.375,0.984,0.140
2.002,S,589692,-0.375,0.984,0.093
2.032,S,589722,-0.328,0.984,0.093
2.063,S,589753,-0.328,0.984,0.140
2.228,S,589783,-0.281,0.984,0.281
2.228,S,589805,-0.281,0.984,0.140
2.229,S,589835,-0.281,0.890,0.093
2.230,S,589857,0.234,0.937,-0.515
2.230,S,589886,-0.046,1.265,0.000
2.231,S,589916,0.093,1.031,-0.046
2.264,READY
2.271,M,WRITING
2.301,S,589990,0.046,0.937,-0.093
2.322,S,590012,0.046,0.937,-0.046
2.353,S,590042,0.140,0.984,-0.093
2.383,S,590073,0.046,0.937,-0.093
2.413,S,590103,0.046,1.078,-0.093
2.435,S,590125,0.046,1.031,-0.093
2.465,S,590154,0.000,1.031,-0.093
2.495,S,590184,0.140,0.937,-0.093
2.524,S,590214,0.093,1.078,-0.093
2.554,S,590244,0.093,0.890,-0.093
2.576,S,590266,0.093,1.031,-0.140
2.606,S,590296,0.234,0.937,-0.187
2.636,S,590326,0.000,0.937,-0.187
2.659,S,590348,0.046,0.984,-0.187
2.688,S,590377,0.046,0.703,-0.234
2.710,S,590399,-0.375,0.234,-0.234
2.740,S,590429,-0.328,0.796,-0.187
2.771,S,590460,-0.281,0.890,-0.093
2.801,S,590490,-0.281,1.031,-0.093
2.823,S,590512,-0.234,0.937,-0.046
2.852,S,590541,-0.421,0.890,-0.046
2.883,S,590571,-0.421,0.843,-0.093
2.913,S,590601,-0.234,0.796,-0.328
2.943,S,590632,0.000,0.750,-0.281
2.965,S,590654,-0.375,0.796,-0.421
2.994,S,590683,-0.375,1.031,-0.093
3.024,S,590713,0.000,1.078,-0.421
3.047,S,590735,0.375,0.984,-0.328
3.076,S,590765,-1.359,-0.421,0.421
3.106,S,590795,-0.281,0.937,-0.140
3.614,S,590826,0.000,1.218,-0.328
3.615,S,590855,0.562,0.281,-0.750
3.616,S,590885,-0.937,0.937,0.562
3.616,S,590915,0.328,0.796,-0.703
3.617,S,590945,-0.281,0.750,-0.140
3.618,S,590975,-0.234,0.093,-0.328
3.618,S,591005,0.140,0.796,-0.140
3.619,S,591035,0.234,0.796,-0.468
3.620,S,591066,0.468,1.078,-0.187
3.621,S,591088,0.515,1.265,-0.234
3.621,S,591119,0.375,0.796,-0.187
3.622,S,591141,0.750,0.937,-0.562
3.623,S,591170,0.187,1.031,0.187
3.623,S,591192,0.843,0.890,-0.421
3.624,S,591221,0.703,1.125,-0.234
3.625,S,591252,0.468,1.031,0.093
3.626,S,591282,0.421,0.609,0.046
3.627,S,591312,0.843,0.656,-0.328
3.661,READY
3.669,M,WRITING
3.697,S,591385,0.562,0.656,-0.234
3.719,S,591408,0.468,0.562,-0.187
3.748,S,591437,0.703,0.609,-0.093
3.778,S,591467,0.703,0.703,-0.093
3.801,S,591489,0.515,0.984,0.375
3.829,S,591517,0.796,0.187,-0.187
3.851,S,591539,0.609,0.703,-0.046
3.880,S,591569,0.796,0.609,-0.281
3.903,S,591591,0.890,0.796,-0.375
3.932,S,591620,0.656,0.187,-0.281
3.962,S,591650,0.796,0.656,-0.234
3.984,S,591672,0.843,0.750,-0.187
4.014,S,591702,0.562,0.515,0.000
4.045,S,591733,0.890,0.609,-0.234
4.075,S,591763,0.890,0.750,-0.234
4.105,S,591793,0.796,0.703,-0.328
4.127,S,591815,0.796,0.656,-0.328
4.440,S,591844,0.750,0.468,-0.375
4.441,S,591874,0.843,0.421,-0.328
4.442,S,591904,0.890,0.375,-0.468
4.443,S,591926,0.937,0.328,-0.468
4.444,S,591957,0.796,0.234,-0.375
4.444,S,591979,0.843,0.000,-0.328
4.445,S,592010,0.937,0.187,-0.375
4.446,S,592040,0.937,0.140,-0.468
4.447,S,592071,0.890,0.046,-0.421
4.447,S,592101,0.890,0.093,-0.421
4.448,S,592124,1.031,0.046,-0.421
4.465,S,592153,0.984,-0.046,-0.468
4.496,S,592183,0.796,-0.093,-0.375
4.526,S,592213,0.750,-0.187,-0.421
4.556,S,592243,1.031,-0.234,-0.421
4.585,S,592273,0.937,-0.281,-0.468
4.608,S,592296,0.843,-0.234,-0.421
4.637,S,592325,0.796,-0.234,-0.375
4.675,READY
4.683,M,WRITING
4.712,S,592399,1.031,-0.281,-0.328
4.742,S,592429,0.937,-0.281,-0.187
4.773,S,592460,0.843,-0.328,-0.234
4.803,S,592490,0.890,-0.281,-0.140
4.833,S,592520,0.937,-0.375,-0.375
4.863,S,592550,0.984,-0.281,-0.140
4.893,S,592580,0.937,-0.281,0.093
4.924,S,592611,0.984,-0.281,-0.328
4.954,S,592641,0.937,-0.421,-0.187
4.984,S,592671,0.703,-0.562,-0.187
5.014,S,592701,0.703,-0.468,-0.328
5.045,S,592731,0.703,-0.281,-0.187
5.075,S,592761,0.750,-0.468,-0.328
5.105,S,592791,0.937,-0.609,-0.468
5.135,S,592822,0.843,-0.421,-0.187
5.157,S,592844,0.984,-0.468,-0.375
5.186,S,592873,0.843,-0.609,-0.421
5.217,S,592903,0.796,-0.515,-0.515
5.247,S,592933,0.703,-0.656,-0.421
5.276,S,592963,0.750,-0.468,-0.421
5.306,S,592993,0.843,-0.656,-0.421
5.337,S,593023,0.796,-0.468,-0.468
5.367,S,593053,0.703,-0.515,-0.328
5.397,S,593084,0.843,-0.515,-0.421
5.420,S,593106,0.937,-0.375,-0.843
5.449,S,593136,0.750,-0.515,-0.468
5.480,S,593166,0.750,-0.562,-0.515
5.510,S,593196,0.703,-0.234,-0.421
5.540,S,593226,0.750,-0.421,-0.515
5.570,S,593256,0.750,-0.328,-0.515
5.600,S,593286,0.890,-0.234,-0.656
5.629,S,593316,0.890,-0.093,-0.515
5.660,S,593346,0.890,0.000,-0.515
5.696,READY
5.704,M,WRITING
5.733,S,593419,0.890,0.046,-0.468
5.755,S,593441,0.937,-0.046,-0.468
5.784,S,593470,0.890,0.234,-0.421
5.814,S,593500,0.937,0.375,-0.421
5.845,S,593531,0.890,0.515,-0.375
5.867,S,593553,0.468,0.468,-0.046
5.897,S,593583,0.750,0.703,-0.187
5.920,S,593605,0.656,0.750,-0.187
5.950,S,593635,0.515,0.703,-0.046
5.980,S,593666,0.468,0.937,0.187
6.010,S,593696,0.468,0.843,0.140
6.040,S,593726,0.562,0.750,0.000
6.070,S,593756,0.515,0.890,0.562
6.092,S,593778,0.468,0.937,0.703
6.120,S,593807,0.656,0.468,0.234
6.143,S,593829,0.515,0.468,0.375
6.172,S,593858,-0.375,0.140,1.312
6.194,S,593880,0.515,1.125,1.171
6.223,S,593909,0.187,0.515,0.609
6.245,S,593931,0.328,0.890,0.562
6.274,S,593960,0.000,0.421,0.937
6.296,S,593982,0.328,0.703,0.562
6.325,S,594012,-0.046,0.656,0.890
6.354,S,594041,-0.046,0.843,0.843
6.377,S,594063,0.000,0.609,0.750
6.406,S,594092,-0.234,0.281,1.031
6.436,S,594122,0.093,0.000,0.187
6.458,S,594144,-0.093,0.468,0.890
6.488,S,594175,-0.046,0.515,0.796
6.511,S,594197,0.000,0.609,0.750
6.541,S,594227,0.000,0.562,0.796
6.571,S,594256,-0.046,0.609,0.796
6.593,S,594279,-0.046,0.609,0.796
6.622,S,594308,0.093,0.796,0.750
6.652,S,594338,0.046,0.562,0.843
6.683,S,594368,0.140,0.890,0.703
6.720,READY
6.727,M,WRITING
6.756,S,594441,-0.140,0.843,1.218
6.779,S,594464,0.375,0.750,0.468
6.809,S,594494,0.515,0.984,0.234
6.838,S,594524,0.000,0.468,0.562
6.869,S,594554,0.609,1.171,0.234
6.891,S,594576,0.375,1.453,0.609
6.920,S,594606,0.421,1.031,0.750
6.943,S,594628,-0.187,-0.187,0.375
6.972,S,594658,0.515,1.453,-0.046
7.003,S,594688,0.468,1.265,0.093
7.025,S,594711,0.187,0.375,0.140
7.054,S,594740,-0.093,0.937,0.140
7.077,S,594762,-0.140,0.609,0.281
7.106,S,594791,-0.656,0.375,0.140
7.128,S,594813,-0.562,0.187,0.046
7.158,S,594843,-0.328,1.078,-0.140
7.180,S,594865,-0.515,0.890,0.000
7.209,S,594894,-0.281,0.937,-0.140
7.232,S,594917,0.093,0.984,-0.468
7.261,S,594946,-0.234,0.937,0.140
7.291,S,594976,0.000,0.515,-0.234
7.313,S,594998,0.281,0.703,-0.281
7.342,S,595027,0.515,0.937,-0.328
7.364,S,595049,0.281,1.312,0.000
7.394,S,595079,0.375,0.281,-0.468
7.416,S,595101,0.703,0.750,-0.609
7.445,S,595130,0.656,1.031,-0.421
7.476,S,595160,0.046,-0.515,-0.421
7.506,S,595190,0.000,-0.281,0.468
7.535,S,595220,1.453,0.468,-0.890
7.557,S,595242,0.984,0.046,-0.140
7.586,S,595271,0.984,0.468,-0.140
7.617,S,595301,0.656,1.312,0.375
7.646,S,595331,1.125,-1.312,0.187
7.668,S,595353,1.453,0.609,-0.375
7.698,S,595382,1.031,-1.171,-0.093
7.734,READY
7.741,M,WRITING
7.771,S,595455,-0.656,-1.265,1.406
7.801,S,595485,0.703,-0.843,0.515
7.823,S,595507,0.750,-0.937,0.187
7.853,S,595537,0.750,-1.171,0.328
7.883,S,595568,0.750,-0.843,0.515
7.906,S,595590,0.796,-1.078,0.328
7.936,S,595620,0.515,-1.218,0.375
7.958,S,595642,0.562,-0.562,0.609
7.987,S,595671,0.234,-0.937,0.515
8.009,S,595693,0.375,-1.359,0.234
8.038,S,595722,0.375,-0.890,0.421
8.068,S,595752,0.140,-0.984,0.515
8.090,S,595774,0.234,-1.031,0.375
8.119,S,595803,0.234,-0.984,0.375
8.141,S,595826,0.093,-0.843,0.515
8.457,S,595855,0.046,-0.796,0.515
8.458,S,595877,0.281,-1.078,0.187
8.458,S,595906,-0.281,-0.843,0.890
8.459,S,595937,0.093,-0.843,0.562
8.460,S,595967,0.140,-1.031,0.281
8.460,S,595989,0.140,-0.890,0.328
8.460,S,596018,0.468,-1.218,0.140
8.460,S,596040,0.515,-0.937,0.046
8.461,S,596070,0.328,-0.984,0.234
8.461,S,596099,-0.093,-1.265,0.468
8.461,S,596121,0.234,-0.937,0.468
8.466,S,596150,0.093,-1.265,0.375
8.488,S,596172,0.234,-1.078,0.281
8.518,S,596201,0.234,-0.890,0.328
8.540,S,596224,0.468,-0.843,0.140
8.568,S,596253,0.093,-1.171,0.328
8.591,S,596275,-0.703,-0.187,0.937
8.622,S,596305,-0.046,-0.937,0.843
8.652,S,596335,0.843,-1.171,0.187
8.681,S,596365,0.046,-1.031,0.328
8.703,S,596387,-0.328,-1.031,0.703
8.739,READY
8.746,M,WRITING
8.775,S,596459,-0.046,-1.078,0.703
8.806,S,596489,-0.140,-0.703,0.656
8.836,S,596519,0.140,-0.984,0.468
8.858,S,596541,0.890,-1.500,-0.375
8.887,S,596570,-1.265,0.328,1.453
8.916,S,596599,-0.140,-0.796,0.609
8.947,S,596630,0.093,-1.031,0.375
8.977,S,596660,0.140,-0.937,0.375
8.998,S,596682,0.093,-1.031,0.375
9.028,S,596711,0.000,-0.656,0.421
9.050,S,596733,0.000,-1.125,0.281
9.080,S,596763,-0.093,-1.031,0.328
9.109,S,596792,-0.046,-0.796,0.234
9.139,S,596822,-0.140,-0.843,0.375
9.169,S,596852,-0.140,-0.890,0.328
9.191,S,596874,0.515,-0.937,0.187
9.220,S,596903,-0.375,-0.984,0.468
9.242,S,596925,-0.328,-1.125,0.562
9.272,S,596954,-0.328,-0.984,0.515
9.302,S,596985,-0.281,-0.890,0.656
9.332,S,597015,-0.421,-0.796,0.468
9.362,S,597045,-0.281,-0.609,-0.187
9.392,S,597075,-0.656,-0.234,1.406
9.415,S,597097,-0.140,-0.468,0.609
9.444,S,597126,0.000,-1.031,0.328
9.473,S,597155,0.234,-0.046,0.281
9.503,S,597186,-0.187,-0.468,0.656
9.533,S,597216,-0.703,-1.218,0.515
9.556,S,597238,0.234,-0.750,0.328
9.585,S,597268,-0.140,-1.031,0.281
9.616,S,597298,-0.234,-0.703,0.421
9.646,S,597329,0.000,-1.078,0.375
9.677,S,597359,-0.046,-0.750,0.515
9.707,S,597389,-0.046,-0.890,0.515
9.744,READY
9.751,M,WRITING
9.780,S,597462,-0.468,-1.031,0.890
9.810,S,597492,-0.281,-0.796,0.750
9.840,S,597522,-0.093,-0.796,0.796
9.870,S,597553,0.000,-0.562,0.703
9.892,S,597575,-0.234,-0.937,0.750
9.922,S,597605,-0.046,-0.750,0.609
9.953,S,597635,-0.140,-0.796,0.609
9.975,S,597657,-0.187,-0.890,0.609
10.005,S,597688,-0.046,-0.843,0.703
10.034,S,597717,0.000,-0.750,0.609
10.057,S,597739,-0.093,-0.796,0.609
10.087,S,597769,-0.187,-0.843,0.796
10.117,S,597799,-0.046,-0.750,0.703
10.147,S,597829,0.000,-0.750,0.703
10.169,S,597851,-0.093,-1.031,0.750
10.198,S,597880,0.515,1.171,0.328
10.220,S,597902,-0.328,-0.046,1.031
10.250,S,597932,-0.140,-0.515,0.890
10.273,S,597955,-0.187,-0.750,0.750
10.303,S,597985,-0.140,-0.796,0.656
10.334,S,598015,-0.140,-0.609,0.750
10.364,S,598045,-0.234,-0.703,0.796
10.386,S,598068,0.187,-0.093,0.703
10.416,S,598098,-0.515,-0.656,0.703
10.446,S,598128,-0.046,-0.609,0.609
10.469,S,598150,-0.140,-0.703,0.656
10.498,S,598179,-0.234,-0.796,0.609
10.529,S,598209,-0.234,-0.796,0.609
10.558,S,598240,-0.234,-0.750,0.656
10.581,S,598262,-0.281,-0.750,0.656
10.609,S,598291,-0.515,-1.078,0.750
10.632,S,598313,-0.234,-0.750,0.703
10.662,S,598344,-0.328,-0.984,0.656
10.693,S,598374,-0.187,-0.656,0.703
10.722,S,598404,-0.234,-0.703,0.562
10.758,READY
10.765,M,WRITING
10.795,S,598476,-0.234,-0.750,0.703
10.825,S,598506,-0.187,-0.703,0.703
10.855,S,598537,-0.187,-0.796,0.703
10.886,S,598567,-0.187,-0.750,0.656
10.916,S,598597,-0.046,-0.750,0.656
10.946,S,598627,-0.375,-0.796,0.656
10.977,S,598657,-0.140,-0.750,0.609
11.007,S,598688,-0.234,-0.796,0.609
11.036,S,598718,-0.328,-0.750,0.703
11.067,S,598748,-0.281,-0.796,0.656
11.097,S,598778,-0.234,-0.843,0.703
11.127,S,598808,-0.046,-0.656,0.703
11.157,S,598838,-0.328,-0.750,0.750
11.180,S,598860,-0.093,-0.890,0.515
11.208,S,598889,-0.046,-0.984,0.515
11.231,S,598912,-0.093,-0.703,0.656
11.260,S,598941,-0.093,-0.703,0.656
11.282,S,598963,0.093,-0.750,0.656
11.311,S,598992,-0.093,-0.796,0.703
11.341,S,599022,0.093,-0.890,0.562
11.370,S,599052,0.093,-1.078,0.468
11.394,S,599074,0.000,-1.171,0.234
11.423,S,599103,0.093,-0.703,0.375
11.453,S,599133,-0.140,-0.140,1.031
11.483,S,599163,0.140,-0.796,0.421
11.512,S,599192,0.187,-1.031,0.468
11.542,S,599223,0.093,-1.031,0.468
11.572,S,599253,0.234,-1.078,0.562
11.595,S,599275,0.421,-1.125,0.375
11.624,S,599304,0.140,-0.890,0.562
11.646,S,599326,-0.046,-0.984,0.703
11.676,S,599356,0.093,-0.937,0.609
11.706,S,599386,0.468,-0.750,0.046
11.736,S,599417,0.234,0.328,0.609
11.772,READY
11.779,M,WRITING
11.808,S,599489,0.000,-0.562,0.656
11.830,S,599511,0.093,-0.796,0.609
11.859,S,599540,0.000,-0.703,0.656
11.882,S,599562,0.140,-0.890,0.562
11.912,S,599592,0.046,-0.937,0.703
11.934,S,599614,0.093,-0.890,0.703
11.963,S,599643,-0.046,-1.171,0.796
11.985,S,599665,0.093,-0.750,0.656
12.015,S,599696,0.093,-0.656,0.750
12.037,S,599717,0.000,-0.703,0.750
12.067,S,599747,0.140,-0.796,0.656
12.097,S,599777,0.046,-0.703,0.796
12.119,S,599799,0.000,-0.703,0.843
12.149,S,599829,0.000,-0.656,0.750
12.465,S,599851,0.000,-0.703,0.796
12.465,S,599880,-0.046,-0.656,0.796
12.466,S,599902,-0.046,-0.609,0.890
12.467,S,599931,0.046,-0.656,0.843
12.468,S,599961,-0.093,-0.703,0.796
12.469,S,599984,-0.093,-0.656,0.843
12.469,S,600013,0.093,-0.750,0.796
12.470,S,600035,0.000,-0.656,0.796
12.471,S,600065,0.046,-0.703,0.937
12.471,S,600087,-0.046,-0.609,0.937
12.472,S,600116,-0.046,-0.609,0.796
12.473,S,600146,0.046,-0.703,0.843
12.496,S,600177,0.000,-0.656,0.750
12.527,S,600207,0.046,-0.609,0.703
12.557,S,600237,-0.140,-0.562,0.890
12.580,S,600259,-0.093,-0.562,0.937
12.586,M,MOVING
12.616,S,600296,0.000,-0.562,0.796
12.646,S,600326,-0.046,-0.656,0.890
12.676,S,600356,-0.046,-0.703,0.890
12.707,S,600386,0.000,-0.703,0.796
12.729,S,600408,0.000,-0.703,0.703
12.759,S,600439,-0.140,-0.703,0.796
12.796,READY
12.803,M,MOVING
12.832,S,600511,0.000,-0.656,0.562
12.862,S,600542,0.046,-0.750,0.656
12.892,S,600572,0.000,-0.796,0.750
12.915,S,600594,0.000,-0.750,0.796
12.944,S,600623,-0.046,-0.796,0.796
12.974,S,600654,-0.046,-0.750,0.750
13.004,S,600684,0.000,-0.703,0.703
13.026,S,600706,0.000,-0.750,0.796
13.056,S,600735,-0.093,-0.750,0.750
13.078,S,600757,0.000,-0.750,0.750
13.107,S,600786,0.093,-0.703,0.796
13.136,S,600816,0.046,-0.703,0.750
13.159,S,600838,0.000,-0.656,0.750
13.189,S,600868,0.046,-0.562,0.890
13.211,S,600890,0.000,-0.562,0.843
13.240,S,600919,-0.046,-0.468,0.937
13.270,S,600950,0.000,-0.562,0.843
13.293,S,600972,0.046,-0.562,0.843
13.322,S,601001,0.000,-0.656,0.796
13.352,S,601031,0.140,-0.703,0.796
13.381,S,601060,0.046,-0.703,0.750
13.412,S,601090,0.093,-0.703,0.703
13.441,S,601120,0.140,-0.656,0.843
13.472,S,601151,0.093,-0.750,0.796
13.502,S,601181,0.093,-0.656,0.703
13.532,S,601211,0.046,-0.562,0.750
13.563,S,601241,0.000,-0.562,0.796
13.593,S,601271,-0.046,-0.656,0.796
13.623,S,601302,-0.046,-0.843,0.796
13.653,S,601332,0.093,-0.890,0.890
13.684,S,601363,0.140,-0.843,0.703
13.714,S,601393,0.093,-0.890,0.750
13.745,S,601423,0.328,-0.703,0.796
13.775,S,601454,0.046,-0.515,0.890
13.813,READY
13.820,M,MOVING
13.849,S,601528,0.046,-0.609,0.984
13.880,S,601558,0.187,-0.609,0.796
13.910,S,601588,0.093,-0.656,0.843
13.941,S,601619,0.046,-0.796,0.890
13.971,S,601649,0.046,-0.750,0.796
14.001,S,601679,0.000,-0.703,0.703
14.008,M,WRITING
14.037,S,601716,0.093,-0.656,0.562
14.060,S,601738,0.046,-0.468,0.609
14.089,S,601767,0.140,-0.421,0.656
14.112,S,601790,0.046,-0.468,0.703
14.142,S,601820,0.093,-0.281,0.750
14.171,S,601850,0.093,-0.234,0.843
14.194,S,601872,0.093,-0.328,0.843
14.224,S,601902,0.046,-0.234,0.843
14.254,S,601932,0.187,-0.515,0.890
14.276,S,601954,0.140,-0.515,0.890
14.306,S,601985,0.140,-0.609,1.031
14.336,S,602015,0.234,-0.890,0.984
14.367,S,602045,0.046,-0.656,0.984
14.397,S,602075,0.281,-0.656,0.609
14.426,S,602105,0.234,-0.703,0.796
14.457,S,602135,0.187,-0.750,1.031
14.480,S,602157,0.046,-0.703,1.171
14.510,S,602187,0.140,-0.468,1.031
14.539,S,602217,0.093,-0.375,0.656
14.569,S,602247,0.234,-0.234,0.562
14.599,S,602277,0.187,-0.515,1.078
14.629,S,602307,0.468,-0.843,0.984
14.651,S,602329,0.515,-1.265,0.609
14.682,S,602359,0.328,-0.609,0.937
14.704,S,602381,0.187,-0.796,0.890
14.734,S,602411,0.281,-0.609,0.703
14.765,S,602442,0.187,-0.609,0.609
14.786,S,602464,0.421,-0.796,0.421
14.822,READY
14.828,M,WRITING
14.857,S,602535,0.140,-0.843,0.609
14.887,S,602565,0.375,-0.609,0.890
14.909,S,602587,0.281,-0.796,0.468
14.939,S,602616,0.234,-0.937,0.843
14.969,S,602647,0.281,-1.031,0.750
14.999,S,602677,0.562,-0.093,0.703
15.030,S,602707,0.468,-0.796,0.703
15.060,S,602737,0.281,-0.328,1.031
15.082,S,602759,0.328,-0.656,0.843
15.112,S,602789,0.562,-0.890,0.468
15.134,S,602811,0.468,-0.750,0.796
15.162,S,602840,0.328,-0.562,0.515
15.185,S,602862,0.421,-0.750,0.656
15.215,S,602892,0.609,-0.656,0.796
15.245,S,602922,0.281,-0.515,1.171
15.275,S,602952,0.515,-0.468,0.515
15.305,S,602982,0.468,-0.375,0.656
15.327,S,603004,0.234,-0.609,1.078
15.357,S,603035,0.375,-0.328,0.796
15.380,S,603057,0.375,-0.609,0.843
15.410,S,603087,0.656,-0.468,0.656
15.432,S,603109,0.375,-0.328,0.937
15.462,S,603138,0.515,-0.515,0.890
15.491,S,603168,0.140,-0.468,1.125
15.521,S,603199,0.750,-0.609,0.656
15.544,S,603221,0.609,-0.468,0.750
15.574,S,603251,0.515,-0.609,0.750
15.605,S,603282,0.562,-0.562,0.796
15.627,S,603304,0.468,-0.468,0.750
15.657,S,603334,0.515,-0.562,0.750
15.687,S,603364,0.468,-0.562,0.843
15.718,S,603395,0.421,-0.515,0.796
15.748,S,603425,0.468,-0.468,0.750
15.771,S,603447,0.515,-0.609,0.937
15.801,S,603478,0.515,-0.421,0.703
15.836,READY
15.843,M,WRITING
15.872,S,603548,0.609,-0.421,0.843
15.902,S,603578,0.234,-0.281,0.515
15.931,S,603608,0.656,-0.234,0.750
15.953,S,603630,0.656,-0.328,0.750
15.983,S,603659,0.703,-0.515,0.750
16.013,S,603689,0.750,-0.515,0.609
16.042,S,603719,0.750,-0.468,0.656
16.073,S,603749,0.703,-0.421,0.656
16.103,S,603779,0.609,-0.562,0.750
16.133,S,603810,0.937,-0.656,0.468
16.155,S,603832,0.750,-0.468,0.562
16.469,S,603861,0.703,-0.609,0.468
16.470,S,603883,0.937,-0.890,0.703
16.471,S,603912,0.843,0.515,0.562
16.471,S,603934,0.703,-0.375,0.562
16.472,S,603964,0.421,-0.562,0.890
16.473,S,603995,0.703,-0.796,0.562
16.473,S,604024,0.609,-0.609,0.562
16.474,S,604046,0.515,-0.562,0.703
16.475,S,604075,0.421,-0.562,0.703
16.475,S,604097,0.843,-0.703,0.609
16.476,S,604127,0.609,-0.703,0.750
16.481,S,604158,0.562,-0.609,0.750
16.504,S,604180,0.562,-0.656,0.609
16.532,S,604209,0.703,-0.656,0.796
16.556,S,604231,0.468,-0.421,0.843
16.585,S,604261,0.468,-0.609,0.750
16.608,S,604284,0.515,-0.609,0.609
16.638,S,604314,0.515,-0.515,0.703
16.668,S,604344,0.421,-1.078,0.843
16.690,S,604366,0.328,-0.375,0.890
16.721,S,604396,0.609,-0.562,0.703
16.751,S,604427,0.328,-0.562,0.796
16.781,S,604457,0.562,-0.468,0.796
16.811,S,604487,0.468,-0.468,0.796
16.848,READY
16.856,M,WRITING
16.884,S,604560,0.515,-0.609,0.656
16.907,S,604582,0.515,-0.515,0.750
16.937,S,604612,0.421,-0.609,0.750
16.967,S,604643,0.421,-0.515,0.703
16.997,S,604673,0.375,-0.421,0.796
17.028,S,604703,0.562,-0.468,0.843
17.058,S,604733,0.468,-0.609,0.796
17.080,S,604755,0.468,-0.562,0.750
17.110,S,604786,0.468,-0.515,0.890
17.141,S,604816,0.468,-0.515,0.796
17.170,S,604846,0.562,-0.656,0.703
17.201,S,604876,0.562,-0.421,0.703
17.223,S,604898,0.562,-0.515,0.796
17.253,S,604928,0.468,-0.515,0.890
17.283,S,604958,0.515,-0.609,0.843
17.313,S,604989,0.468,-0.562,0.750
17.335,S,605011,0.515,-0.375,0.562
17.366,S,605041,0.281,-0.515,0.750
17.395,S,605071,0.281,-0.515,0.750
17.426,S,605101,0.375,-0.609,0.750
17.457,S,605132,0.468,-0.609,0.656
17.487,S,605162,0.515,-0.609,0.890
17.517,S,605192,0.421,-0.609,0.843
17.539,S,605214,0.375,-0.515,0.796
17.570,S,605244,0.421,-0.609,0.703
17.600,S,605275,0.468,-0.656,0.703
17.630,S,605305,0.375,-0.656,0.750
17.661,S,605335,0.328,-0.703,0.750
17.690,S,605365,0.328,-0.703,0.609
17.720,S,605395,0.421,-0.703,0.703
17.750,S,605425,0.281,-0.703,0.750
17.781,S,605455,0.140,-0.750,0.796
17.811,S,605485,0.375,-0.656,0.750
17.840,S,605515,0.328,-0.515,0.656
17.876,READY
17.884,M,WRITING
17.914,S,605588,0.328,-0.703,0.703
17.936,S,605610,0.234,-0.656,0.796
17.966,S,605640,0.468,-0.656,0.750
17.997,S,605671,0.421,-0.703,0.750
18.019,S,605693,0.187,-0.609,0.937
18.048,S,605722,0.375,-0.468,0.703
18.079,S,605753,0.375,-0.515,0.796
18.109,S,605783,0.375,-0.515,0.937
18.131,S,605805,0.515,-0.562,0.984
18.161,S,605835,0.562,-0.421,0.796
18.191,S,605866,0.421,-0.375,0.843
18.222,S,605896,0.468,-0.421,0.796
18.252,S,605926,0.515,-0.375,0.843
18.282,S,605956,0.562,-0.468,0.890
18.312,S,605986,0.515,-0.468,0.843
18.342,S,606017,0.515,-0.421,0.890
18.373,S,606047,0.375,-0.515,0.890
18.403,S,606077,-0.046,-0.796,0.796
18.433,S,606107,0.421,-0.281,0.703
18.455,S,606129,0.281,-0.468,0.890
18.484,S,606159,0.609,-1.078,0.843
18.514,S,606188,0.187,-0.187,0.937
18.543,S,606218,0.421,-0.140,0.656
18.566,S,606240,0.234,-0.515,0.843
18.595,S,606269,0.234,-0.703,0.890
18.617,S,606291,0.328,-0.656,0.750
18.648,S,606321,0.234,-0.562,0.843
18.678,S,606352,0.187,-0.468,0.843
18.708,S,606382,0.234,-0.468,0.843
18.731,S,606404,0.234,-0.515,0.890
18.761,S,606435,0.187,-0.562,0.796
18.793,S,606466,0.093,-0.515,0.890
18.823,S,606497,0.093,-0.562,0.843
18.853,S,606527,0.093,-0.468,0.843
18.890,READY
18.897,M,WRITING
18.926,S,606600,0.046,-0.468,0.843
18.957,S,606630,0.140,-0.515,0.890
18.986,S,606660,0.046,-0.515,0.890
19.009,S,606682,0.000,-0.421,0.890
19.038,S,606712,0.046,-0.468,0.890
19.069,S,606742,0.000,-0.515,0.843
19.099,S,606773,0.046,-0.515,0.937
19.130,S,606803,0.046,-0.468,0.843
19.152,S,606825,0.046,-0.515,0.890
19.183,S,606856,0.140,-0.562,0.843
19.213,S,606887,0.046,-0.421,0.843
19.236,S,606909,0.093,-0.562,0.890
19.266,S,606939,0.000,-0.515,0.890
19.297,S,606970,0.000,-0.468,0.890
19.303,M,MOVING
19.333,S,607007,0.046,-0.562,0.937
19.364,S,607037,0.093,-0.421,0.890
19.394,S,607067,0.046,-0.562,0.843
19.424,S,607097,0.093,-0.609,0.890
19.454,S,607128,0.000,-0.562,0.843
19.477,S,607150,-0.046,-0.562,0.890
19.507,S,607180,0.000,-0.515,0.890
19.537,S,607210,0.093,-0.515,0.890
19.559,S,607232,-0.046,-0.515,0.890
19.589,S,607262,0.000,-0.562,0.890
19.612,S,607284,-0.046,-0.515,0.890
19.641,S,607314,0.046,-0.562,0.890
19.664,S,607337,0.046,-0.515,0.843
19.694,S,607367,0.000,-0.468,0.937
19.725,S,607398,0.046,-0.562,0.890
19.754,S,607428,0.000,-0.609,0.843
19.777,S,607450,0.046,-0.562,0.890
19.808,S,607480,0.000,-0.515,0.890
19.838,S,607511,0.046,-0.468,0.937
19.868,S,607541,0.093,-0.515,0.890
19.905,READY
19.912,M,MOVING
19.941,S,607614,0.187,-0.562,0.843
19.971,S,607644,0.000,-0.515,0.890
20.001,S,607674,0.093,-0.562,0.843
20.032,S,607704,0.046,-0.609,0.890
20.062,S,607734,0.093,-0.609,0.843
20.093,S,607765,0.093,-0.562,0.843
20.122,S,607795,0.093,-0.609,0.796
20.153,S,607826,0.093,-0.515,0.750
20.184,S,607856,0.046,-0.609,0.750
20.501,S,607886,0.046,-0.609,0.843
20.502,S,607916,0.187,-0.609,0.843
20.503,S,607947,0.140,-0.750,0.890
20.503,S,607978,0.140,-0.750,0.937
20.504,S,608008,0.140,-0.656,0.796
20.505,S,608038,0.187,-0.656,0.750
20.506,S,608068,0.187,-0.656,0.750
20.507,S,608098,0.234,-0.796,0.656
20.507,S,608129,0.375,-0.703,0.703
20.508,S,608159,0.375,-0.656,0.703
20.517,S,608189,0.234,-0.656,0.750
20.539,S,608211,0.140,-0.609,0.843
20.569,S,608241,0.093,-0.656,0.843
20.592,S,608263,0.187,-0.656,0.796
20.621,S,608294,0.093,-0.656,0.656
20.651,S,608324,0.093,-0.703,0.656
20.682,S,608354,0.000,-0.750,0.656
20.712,S,608384,0.046,-0.703,0.656
20.742,S,608414,0.000,-0.703,0.609
20.772,S,608444,0.093,-0.796,0.609
20.795,S,608466,0.140,-0.750,0.656
20.825,S,608496,0.140,-0.796,0.656
20.855,S,608527,0.187,-0.890,0.937
20.877,S,608549,0.140,-0.890,0.890
20.915,READY
20.922,M,MOVING
20.951,S,608623,0.093,-0.515,0.515
20.973,S,608645,0.046,-0.562,0.750
21.004,S,608675,0.140,-0.796,0.890
21.026,S,608697,0.093,-0.796,0.890
21.056,S,608728,0.140,-0.703,0.750
21.087,S,608758,0.046,-0.656,0.796
21.117,S,608788,0.046,-0.750,0.890
21.147,S,608819,0.093,-0.656,0.796
21.169,S,608841,0.140,-0.703,0.750
21.199,S,608870,0.000,-0.656,0.656
21.229,S,608901,0.093,-0.656,0.796
21.259,S,608931,0.000,-0.703,0.796
21.282,S,608953,0.000,-0.750,0.796
21.311,S,608982,0.000,-0.750,0.843
21.341,S,609013,0.046,-0.703,0.703
21.364,S,609035,0.093,-0.703,0.796
21.393,S,609065,0.046,-0.656,0.750
21.416,S,609087,0.093,-0.656,0.796
21.445,S,609116,0.046,-0.609,0.843
21.476,S,609147,0.046,-0.609,0.843
21.498,S,609169,0.046,-0.656,0.843
21.528,S,609198,0.000,-0.703,0.843
21.555,T,1
21.565,S,609229,0.000,-0.609,0.796
21.594,S,609265,-0.046,-0.609,0.843
21.616,S,609287,-0.046,-0.609,0.796
21.646,S,609317,0.046,-0.656,0.796
21.669,S,609340,0.093,-0.703,0.750
21.698,S,609369,0.046,-0.656,0.796
21.728,S,609399,0.000,-0.656,0.750
21.758,S,609429,0.000,-0.656,0.843
21.789,S,609459,0.046,-0.703,0.750
21.819,S,609490,0.000,-0.656,0.796
21.842,S,609512,0.046,-0.750,0.796
21.871,S,609542,0.000,-0.703,0.796
21.902,S,609572,0.046,-0.609,0.750
21.939,READY
21.946,M,MOVING
21.976,S,609646,0.046,-0.656,0.703
22.006,S,609676,0.046,-0.750,0.796
22.028,S,609699,0.000,-0.750,0.750
22.057,S,609728,0.046,-0.750,0.656
22.080,S,609750,0.000,-0.750,0.703
22.109,S,609780,0.093,-0.796,0.750
22.132,S,609802,0.000,-0.796,0.750
22.161,S,609831,0.093,-0.750,0.750
22.183,S,609853,0.046,-0.750,0.796
22.212,S,609882,0.046,-0.750,0.703
22.233,S,609904,0.093,-0.703,0.703
22.263,S,609933,0.093,-0.656,0.656
22.293,S,609963,0.046,-0.703,0.656
22.323,S,609993,0.000,-0.656,0.609
22.345,S,610016,0.046,-0.750,0.609
22.375,S,610045,0.046,-0.890,0.796
22.404,S,610075,0.093,-1.125,0.843
22.427,S,610097,0.140,-0.984,0.656
22.457,S,610127,0.046,-0.843,0.656
22.479,S,610149,0.140,-0.890,0.703
22.510,S,610180,0.093,-0.750,0.562
22.532,S,610202,0.140,-0.656,0.515
22.561,S,610231,0.140,-0.609,0.562
22.591,S,610261,0.140,-0.796,0.703
22.621,S,610290,0.046,-0.750,0.703
22.651,S,610321,0.093,-0.796,0.703
22.681,S,610351,0.140,-0.984,0.796
22.703,S,610373,0.046,-0.937,0.796
22.732,S,610402,0.046,-0.796,0.703
22.762,S,610432,0.093,-0.750,0.656
22.792,S,610462,0.093,-0.562,0.468
22.822,S,610492,0.140,-0.328,0.375
22.852,S,610522,0.000,-0.562,0.468
22.882,S,610552,-0.046,-1.031,0.750
22.912,S,610582,0.375,-1.265,0.750
22.948,READY
22.955,M,MOVING
22.984,S,610654,0.093,-0.890,0.609
23.007,S,610676,0.140,-0.703,0.515
23.037,S,610707,0.187,-0.375,0.234
23.067,S,610737,0.093,-0.281,0.234
23.098,S,610767,-0.093,-0.609,0.468
23.128,S,610797,0.421,-1.265,0.984
23.158,S,610828,0.140,-1.218,0.468
23.188,S,610858,0.093,-1.171,0.750
23.218,S,610888,0.093,-0.984,0.609
23.249,S,610918,0.093,-0.703,0.515
23.279,S,610948,0.093,-0.562,0.515
23.308,S,610978,0.046,-0.515,0.468
23.330,S,611000,0.046,-0.562,0.562
23.359,S,611029,0.046,-0.656,0.609
23.389,S,611059,0.093,-0.984,0.750
23.411,S,611081,0.093,-1.171,0.796
23.441,S,611110,0.140,-1.265,0.796
23.471,S,611140,0.187,-0.984,0.609
23.501,S,611170,0.046,-0.750,0.562
23.523,S,611192,0.046,-0.703,0.609
23.552,S,611222,0.140,-0.656,0.609
23.574,S,611244,0.140,-0.656,0.609
23.604,S,611273,0.140,-0.562,0.562
23.635,S,611303,0.140,-0.703,0.609
23.665,S,611334,0.046,-0.984,0.750
23.695,S,611364,0.046,-1.171,0.843
23.725,S,611394,0.046,-0.984,0.703
23.755,S,611424,0.093,-0.796,0.609
23.761,M,WRITING
23.792,S,611460,0.046,-0.656,0.562
23.821,S,611490,0.140,-0.468,0.468
23.851,S,611520,0.093,-0.515,0.468
23.882,S,611550,0.000,-0.656,0.562
23.912,S,611581,0.046,-1.078,0.656
23.942,S,611611,0.093,-1.312,0.890
23.980,READY
23.988,M,WRITING
24.017,S,611685,0.046,-0.796,0.515
24.047,S,611715,0.046,-0.703,0.515
24.077,S,611746,0.093,-0.515,0.375
24.099,S,611768,0.093,-0.421,0.375
24.128,S,611797,0.046,-0.468,0.421
24.151,S,611819,-0.046,-0.937,0.609
24.181,S,611849,0.000,-1.125,0.562
24.211,S,611879,0.046,-1.265,0.703
24.515,S,611903,0.093,-1.125,0.750
24.516,S,611932,0.046,-0.750,0.562
24.517,S,611954,0.140,-0.468,0.281
24.518,S,611983,0.187,-0.375,0.328
24.518,S,612005,0.093,-0.421,0.468
24.519,S,612035,0.000,-0.656,0.562
24.520,S,612065,0.421,-1.031,0.796
24.521,S,612095,0.140,-1.125,0.656
24.521,S,612126,0.046,-1.125,0.656
24.522,S,612148,0.140,-0.937,0.562
24.523,S,612177,0.140,-0.609,0.421
24.531,S,612199,0.187,-0.375,0.234
24.560,S,612228,0.046,-0.421,0.328
24.589,S,612258,0.000,-0.750,0.468
24.620,S,612288,-0.093,-1.265,0.937
24.642,S,612310,0.093,-1.218,0.421
24.672,S,612340,0.046,-1.265,0.750
24.694,S,612363,0.093,-1.078,0.656
24.723,S,612392,0.093,-0.703,0.421
24.753,S,612422,0.187,-0.375,0.281
24.784,S,612452,0.093,-0.468,0.328
24.806,S,612474,0.000,-0.656,0.421
24.835,S,612503,0.046,-1.078,0.703
24.858,S,612526,0.046,-1.312,0.609
24.887,S,612555,0.046,-1.031,0.703
24.909,S,612577,0.046,-1.031,0.750
24.938,S,612606,0.093,-0.890,0.515
24.961,S,612628,0.187,-0.656,0.375
24.998,READY
25.005,M,WRITING
25.034,S,612702,0.046,-0.562,0.375
25.057,S,612725,-0.046,-0.890,0.656
25.087,S,612755,0.000,-1.265,0.421
25.110,S,612777,0.046,-1.078,0.562
25.140,S,612807,0.093,-1.125,0.750
25.170,S,612838,0.140,-0.796,0.515
25.199,S,612867,0.187,-0.609,0.375
25.229,S,612897,0.187,-0.515,0.234
25.251,S,612919,0.093,-0.515,0.375
25.281,S,612949,0.000,-0.796,0.609
25.311,S,612979,0.468,-0.984,1.031
25.333,S,613001,0.093,-0.984,0.468
25.363,S,613030,0.140,-1.218,0.750
25.392,S,613060,0.093,-0.984,0.609
25.415,S,613083,0.140,-0.796,0.468
25.445,S,613113,0.140,-0.609,0.468
25.468,S,613135,0.093,-0.375,0.328
25.499,S,613166,0.046,-0.468,0.375
25.520,S,613188,0.046,-0.750,0.468
25.550,S,613217,-0.093,-1.125,0.843
25.580,S,613247,0.000,-1.125,0.515
25.610,S,613277,0.187,-1.171,0.703
25.632,S,613299,0.140,-0.984,0.656
25.663,S,613330,0.093,-0.703,0.515
25.693,S,613360,0.281,-0.468,0.281
25.715,S,613382,0.187,-0.421,0.281
25.745,S,613412,0.000,-0.703,0.562
25.767,S,613434,0.046,-0.796,0.562
25.797,S,613464,-0.046,-1.078,0.515
25.828,S,613495,0.000,-1.078,0.515
25.858,S,613525,0.093,-1.218,0.703
25.889,S,613555,0.093,-0.843,0.468
25.918,S,613585,0.187,-0.609,0.421
25.940,S,613607,0.187,-0.421,0.281
25.969,S,613636,0.140,-0.328,0.281
26.006,READY
26.013,M,WRITING
26.043,S,613709,0.421,-1.078,0.703
26.073,S,613739,0.046,-1.265,0.468
26.103,S,613769,0.046,-1.359,0.796
26.126,S,613793,0.140,-1.078,0.609
26.156,S,613823,0.140,-0.703,0.421
26.186,S,613853,0.140,-0.468,0.328
26.216,S,613883,0.140,-0.375,0.281
26.247,S,613913,0.046,-0.562,0.468
26.277,S,613944,0.140,-1.312,1.078
26.299,S,613966,-0.140,-1.171,0.609
26.329,S,613995,0.140,-1.218,0.656
26.351,S,614017,0.140,-1.218,0.750
26.380,S,614047,0.187,-0.843,0.515
26.411,S,614077,0.187,-0.656,0.421
26.432,S,614099,0.187,-0.562,0.328
26.462,S,614128,0.093,-0.515,0.328
26.484,S,614150,0.093,-0.609,0.421
26.513,S,614180,0.000,-0.937,0.656
26.535,S,614202,0.281,-0.937,0.656
26.564,S,614231,0.140,-1.031,0.515
26.594,S,614261,0.093,-1.078,0.609
26.625,S,614291,0.093,-0.796,0.515
26.656,S,614322,0.046,-0.703,0.515
26.678,S,614344,0.000,-0.656,0.515
26.709,S,614376,0.093,-0.750,0.609
26.732,S,614398,0.093,-0.890,0.656
26.762,S,614428,0.140,-0.984,0.750
26.784,S,614450,0.093,-0.796,0.656
26.814,S,614480,0.046,-0.796,0.609
26.844,S,614510,0.046,-0.890,0.656
26.866,S,614532,0.000,-0.890,0.656
26.897,S,614562,0.046,-0.843,0.562
26.927,S,614593,0.093,-0.843,0.609
26.957,S,614623,-0.046,-0.843,0.703
26.979,S,614645,0.046,-0.843,0.750
27.015,READY
27.022,M,WRITING
27.050,S,614716,0.046,-0.703,0.703
27.073,S,614739,0.000,-0.750,0.703
27.104,S,614769,0.046,-0.703,0.796
27.133,S,614799,0.000,-0.703,0.703
27.163,S,614829,0.000,-0.750,0.703
27.185,S,614851,0.000,-0.750,0.703
27.215,S,614880,0.046,-0.796,0.656
27.245,S,614911,0.046,-0.843,0.656
27.275,S,614941,0.046,-0.750,0.656
27.297,S,614963,0.000,-0.796,0.750
27.327,S,614992,0.046,-0.843,0.703
27.356,S,615022,0.093,-0.750,0.703
27.363,M,MOVING
27.392,S,615058,0.046,-0.750,0.703
27.422,S,615088,0.046,-0.796,0.703
27.445,S,615110,0.046,-0.796,0.703
27.474,S,615139,-0.046,-0.843,0.656
27.504,S,615169,0.046,-0.796,0.750
27.535,S,615201,0.046,-0.750,0.703
27.565,S,615231,0.046,-0.796,0.703
27.587,S,615253,0.046,-0.750,0.703
27.617,S,615283,0.093,-0.796,0.703
27.648,S,615313,0.093,-0.750,0.703
27.677,S,615342,0.093,-0.890,0.656
27.700,S,615365,0.093,-0.796,0.703
27.730,S,615395,0.000,-0.796,0.703
27.752,S,615417,0.000,-0.750,0.750
27.781,S,615446,0.046,-0.750,0.703
27.811,S,615477,0.046,-0.796,0.656
27.842,S,615507,0.046,-0.796,0.656
27.864,S,615529,0.000,-0.703,0.750
27.893,S,615558,0.093,-0.796,0.656
27.915,S,615580,0.046,-0.796,0.703
27.944,S,615609,0.046,-0.843,0.656
27.974,S,615639,0.046,-0.796,0.703
28.004,S,615669,0.000,-0.703,0.656
28.040,READY
28.047,M,MOVING
28.075,S,615741,0.046,-0.750,0.750
28.098,S,615763,0.140,-0.796,0.656
28.127,S,615792,0.093,-0.796,0.656
28.158,S,615822,0.000,-0.796,0.656
28.186,S,615851,0.046,-0.750,0.703
28.209,S,615874,0.093,-0.796,0.656
28.238,S,615902,0.093,-0.750,0.703
28.554,S,615933,0.046,-0.796,0.656
28.555,S,615963,0.046,-0.843,0.750
28.556,S,615993,0.046,-0.796,0.703
28.557,S,616023,0.000,-0.750,0.656
28.558,S,616045,0.093,-0.796,0.656
28.559,S,616076,0.046,-0.750,0.703
28.560,S,616107,0.000,-0.796,0.703
28.560,S,616137,0.093,-0.750,0.656
28.561,S,616159,0.046,-0.750,0.656
28.562,S,616189,0.046,-0.796,0.656
28.563,S,616219,0.046,-0.796,0.703
28.585,S,616249,0.046,-0.796,0.656
28.615,S,616280,0.046,-0.796,0.703
28.646,S,616310,0.000,-0.750,0.703
28.676,S,616340,0.046,-0.703,0.656
28.706,S,616370,0.093,-0.796,0.703
28.736,S,616400,0.093,-0.750,0.656
28.742,M,STILL
28.772,S,616436,0.046,-0.796,0.656
28.795,S,616459,0.046,-0.750,0.609
28.825,S,616489,0.046,-0.750,0.656
28.847,S,616511,0.046,-0.843,0.656
28.877,S,616541,0.046,-0.796,0.609
28.907,S,616571,0.000,-0.796,0.703
28.937,S,616601,0.093,-0.796,0.656
28.959,S,616623,0.046,-0.796,0.656
28.989,S,616653,0.046,-0.796,0.703
29.011,S,616675,0.000,-0.843,0.703
29.047,READY
29.054,M,STILL
29.083,S,616747,0.000,-0.796,0.656
29.105,S,616769,0.046,-0.890,0.656
29.134,S,616798,0.000,-0.796,0.656
29.156,S,616820,0.046,-0.796,0.656
29.186,S,616850,0.093,-0.796,0.703
29.217,S,616880,0.046,-0.843,0.656
29.247,S,616911,0.000,-0.796,0.656
29.269,S,616933,0.093,-0.796,0.703
29.298,S,616962,0.046,-0.750,0.703
29.328,S,616992,0.093,-0.796,0.656
29.351,S,617014,0.093,-0.796,0.656
29.380,S,617044,0.046,-0.750,0.703
29.409,S,617073,0.046,-0.843,0.656
29.439,S,617103,0.000,-0.750,0.703
29.462,S,617125,0.046,-0.796,0.703
29.491,S,617155,0.046,-0.796,0.656
29.522,S,617185,0.046,-0.796,0.703
29.552,S,617215,0.000,-0.796,0.656
29.581,S,617245,0.046,-0.843,0.656
29.604,S,617267,0.046,-0.750,0.703
29.633,S,617297,0.093,-0.750,0.703
29.656,S,617319,0.046,-0.796,0.656
29.686,S,617349,0.046,-0.796,0.703
29.716,S,617380,0.046,-0.750,0.656
29.747,S,617410,0.046,-0.796,0.656
29.777,S,617440,0.093,-0.750,0.703
29.806,S,617470,0.000,-0.796,0.703
29.831,S,617493,0.046,-0.796,0.656
29.860,S,617524,0.093,-0.796,0.703
29.891,S,617554,0.000,-0.796,0.656
29.921,S,617584,0.000,-0.796,0.703
29.943,S,617606,0.000,-0.796,0.750
29.972,S,617635,0.000,-0.796,0.750
29.995,S,617657,0.046,-0.750,0.703
30.024,S,617688,0.046,-0.843,0.703
30.061,READY
30.067,M,STILL
30.096,S,617759,0.046,-0.796,0.750
30.126,S,617789,0.046,-0.843,0.656
30.156,S,617819,0.000,-0.750,0.656
30.178,S,617841,0.046,-0.796,0.656
30.207,S,617870,0.000,-0.843,0.703
30.230,S,617892,0.046,-0.750,0.703
30.259,S,617922,0.046,-0.750,0.703
30.281,S,617944,0.046,-0.796,0.750
30.311,S,617974,0.046,-0.796,0.750
30.334,S,617996,0.046,-0.750,0.703
30.364,S,618027,0.046,-0.796,0.703
30.386,S,618049,0.046,-0.750,0.750
30.414,S,618078,0.046,-0.796,0.703
30.437,S,618100,0.000,-0.750,0.656
30.468,S,618131,0.000,-0.796,0.703
30.490,S,618153,0.093,-0.796,0.703
30.519,S,618182,0.046,-0.750,0.703
30.541,S,618204,0.000,-0.796,0.703
30.571,S,618233,0.046,-0.703,0.656
30.593,S,618255,0.000,-0.750,0.703
30.622,S,618285,-0.046,-0.750,0.703
30.653,S,618315,0.046,-0.796,0.703
30.683,S,618345,-0.046,-0.703,0.703
30.713,S,618375,0.046,-0.750,0.656
30.743,S,618406,0.046,-0.750,0.750
30.766,S,618428,0.000,-0.796,0.656
30.796,S,618458,0.046,-0.750,0.703
30.827,S,618489,0.093,-0.796,0.703
30.857,S,618519,0.046,-0.750,0.703
30.887,S,618549,0.046,-0.796,0.796
30.917,S,618579,-0.046,-0.796,0.703
30.947,S,618609,0.000,-0.796,0.750
30.979,S,618640,0.046,-0.750,0.656
31.007,S,618670,0.000,-0.796,0.703
31.029,S,618692,0.046,-0.796,0.796
31.066,READY
31.074,M,STILL
31.103,S,618765,-0.046,-0.890,0.703
31.133,S,618795,0.093,-0.796,0.750
31.162,S,618824,0.046,-0.703,0.703
31.193,S,618855,0.000,-0.750,0.703
31.223,S,618885,0.000,-0.609,0.703
31.253,S,618915,0.046,-0.750,0.750
31.275,S,618937,-0.046,-0.750,0.750
31.304,S,618966,0.046,-0.703,0.796
31.310,M,MOVING
31.341,S,619002,0.046,-0.750,0.796
31.370,S,619032,0.000,-0.843,0.843
31.400,S,619062,0.046,-0.656,0.703
31.429,S,619091,0.000,-0.562,0.703
31.453,S,619114,0.000,-0.328,0.656
31.482,S,619144,0.046,-0.234,0.656
31.505,S,619166,0.000,-0.281,0.703
31.533,S,619195,0.046,-0.468,0.796
31.556,S,619217,-0.046,-0.609,0.843
31.586,S,619247,-0.046,-0.937,0.984
31.615,S,619277,-0.093,-1.078,0.937
31.645,S,619307,0.046,-0.937,0.796
31.668,S,619329,-0.046,-0.796,0.703
31.698,S,619359,-0.046,-0.468,0.562
31.728,S,619389,0.000,-0.375,0.656
31.750,S,619412,-0.046,-0.421,0.703
31.781,S,619442,0.000,-0.609,0.750
31.803,S,619464,-0.093,-0.796,0.843
31.832,S,619493,-0.140,-1.125,0.984
31.862,S,619523,-0.140,-0.984,0.937
31.892,S,619553,-0.093,-0.656,0.703
31.922,S,619583,0.000,-0.421,0.609
31.952,S,619614,-0.093,-0.421,0.609
31.975,S,619636,-0.046,-0.656,0.750
32.005,S,619666,-0.093,-0.843,0.890
32.035,S,619696,-0.093,-0.984,0.937
32.071,READY
32.079,M,MOVING
32.108,S,619769,0.000,-0.609,0.656
32.130,S,619791,0.000,-0.562,0.703
32.160,S,619822,0.000,-0.609,0.703
32.191,S,619852,0.000,-0.562,0.703
32.221,S,619882,-0.046,-0.656,0.796
32.251,S,619912,0.000,-0.796,0.843
32.565,S,619942,-0.093,-0.984,0.843
32.566,S,619972,0.000,-0.843,0.796
32.566,S,619994,-0.046,-0.750,0.656
32.567,S,620024,0.000,-0.656,0.703
32.568,S,620046,0.000,-0.703,0.656
32.569,S,620075,-0.046,-0.656,0.703
32.570,S,620097,-0.046,-0.656,0.750
32.570,S,620127,-0.046,-0.750,0.843
32.571,S,620157,-0.046,-0.796,0.750
32.572,S,620179,-0.046,-0.750,0.796
32.573,S,620209,-0.046,-0.703,0.703
32.579,S,620240,-0.046,-0.703,0.703
32.609,S,620270,0.000,-0.750,0.703
32.639,S,620300,-0.046,-0.750,0.656
32.669,S,620330,-0.046,-0.750,0.750
32.692,S,620352,-0.046,-0.796,0.750
32.721,S,620382,-0.046,-0.843,0.703
32.743,S,620404,-0.046,-0.703,0.656
32.773,S,620434,-0.046,-0.750,0.750
32.804,S,620464,-0.046,-0.843,0.703
32.834,S,620495,0.000,-0.796,0.703
32.857,S,620517,0.000,-0.750,0.703
32.886,S,620546,0.000,-0.796,0.703
32.908,S,620568,-0.046,-0.796,0.703
32.937,S,620597,0.046,-0.703,0.703
32.966,S,620626,-0.093,-0.750,0.750
32.997,S,620657,-0.046,-0.750,0.703
33.027,S,620687,-0.046,-0.750,0.656
33.057,S,620717,-0.093,-0.703,0.656
33.095,READY
33.102,M,MOVING
33.131,S,620791,-0.046,-0.843,0.656
33.153,S,620813,-0.046,-0.843,0.656
33.183,S,620843,0.000,-0.843,0.656
33.205,S,620865,0.046,-0.750,0.656
33.233,S,620894,-0.046,-0.843,0.656
33.256,S,620916,-0.046,-0.796,0.656
33.285,S,620945,0.093,-0.843,0.703
33.307,S,620967,0.000,-0.750,0.796
33.336,S,620997,-0.046,-0.703,0.796
33.365,S,621026,-0.281,-0.796,0.796
33.388,S,621048,-0.375,-1.125,0.843
33.417,S,621077,-0.281,-1.265,1.031
33.439,S,621099,-0.234,-1.218,1.078
33.469,S,621128,-0.234,-1.031,0.843
33.499,S,621159,-0.093,-0.609,0.421
33.521,S,621181,0.046,-0.375,0.140
33.551,S,621211,0.093,-0.187,0.140
33.573,S,621233,0.140,0.000,0.093
33.602,S,621262,0.140,0.140,0.046
33.632,S,621291,0.000,-0.281,0.234
33.662,S,621322,-0.140,-1.265,0.750
33.692,S,621352,-0.281,-1.500,0.890
33.715,S,621374,0.093,-1.500,0.796
33.744,S,621404,0.000,-1.218,0.468
33.767,S,621426,-0.046,-0.750,0.281
33.796,S,621455,0.000,-0.468,0.234
33.818,S,621478,-0.046,-0.656,0.375
33.847,S,621507,-0.140,-0.796,0.515
33.870,S,621529,-0.515,-1.500,1.453
33.900,S,621559,0.375,-0.984,0.890
33.921,S,621581,0.046,-0.421,0.421
33.950,S,621610,0.140,-0.093,0.140
33.973,S,621632,0.093,-0.046,0.187
34.001,S,621661,-0.093,0.000,0.328
34.024,S,621683,-0.656,-1.500,1.453
34.053,S,621713,0.515,-0.703,0.375
34.076,S,621735,0.140,-0.609,0.234
34.113,READY
34.120,M,MOVING
34.149,S,621808,0.000,-0.843,0.703
34.171,S,621830,0.000,-0.750,0.703
34.202,S,621860,0.000,-0.796,0.703
34.231,S,621890,0.000,-0.750,0.703
34.253,S,621913,0.046,-0.796,0.703
34.283,S,621942,0.093,-0.750,0.656
34.313,S,621972,0.140,-0.796,0.656
34.336,S,621994,0.093,-0.890,0.609
34.366,S,622025,0.046,-0.750,0.750
34.396,S,622055,0.046,-0.703,0.750
34.418,S,622077,0.140,-0.796,0.703
34.448,S,622107,0.093,-0.750,0.703
34.477,S,622136,0.046,-0.843,0.656
34.500,S,622159,0.046,-0.796,0.609
34.529,S,622188,0.093,-0.843,0.656
34.551,S,622210,0.000,-0.890,0.703
34.581,S,622240,0.093,-0.796,0.703
34.604,S,622262,0.046,-0.843,0.656
34.633,S,622291,0.093,-0.796,0.656
34.663,S,622322,0.093,-0.796,0.656
34.676,T,2
34.692,S,622351,0.000,-0.843,0.703
34.715,S,622374,0.046,-0.750,0.703
34.745,S,622403,-0.046,-0.750,0.656
34.775,S,622434,0.046,-0.796,0.703
34.798,S,622456,0.093,-0.750,0.703
34.828,S,622486,0.093,-0.843,0.656
34.858,S,622516,0.140,-0.796,0.609
34.880,S,622538,0.046,-0.796,0.703
34.910,S,622568,0.093,-0.796,0.609
34.940,S,622598,0.046,-0.750,0.656
34.962,S,622621,0.093,-0.796,0.703
34.991,S,622649,0.093,-0.796,0.656
35.013,S,622672,0.093,-0.843,0.656
35.043,S,622700,0.093,-0.796,0.609
35.073,S,622730,0.046,-0.796,0.703
35.103,S,622761,0.093,-0.890,0.703
35.140,READY
35.148,M,MOVING
35.177,S,622835,0.046,-0.750,0.656
35.207,S,622865,0.046,-0.796,0.750
35.237,S,622895,0.046,-0.843,0.656
35.268,S,622925,0.187,-0.796,0.703
35.298,S,622956,0.093,-0.703,0.656
35.328,S,622986,0.046,-0.515,0.562
35.350,S,623008,0.093,-0.468,0.562
35.380,S,623038,0.046,-0.609,0.703
35.410,S,623068,0.000,-0.937,0.890
35.433,S,623091,0.093,-0.984,0.843
35.463,S,623121,0.093,-0.796,0.609
35.485,S,623143,0.046,-0.890,0.656
35.516,S,623173,0.093,-0.843,0.656
35.546,S,623204,0.046,-0.750,0.656
35.576,S,623234,0.046,-0.750,0.656
35.607,S,623264,0.000,-0.890,0.703
35.637,S,623295,0.140,-0.937,0.656
35.667,S,623325,0.046,-0.796,0.609
35.689,S,623347,0.093,-0.703,0.562
35.719,S,623376,0.140,-0.656,0.656
35.749,S,623407,0.046,-0.796,0.656
35.772,S,623429,0.093,-0.843,0.703
35.801,S,623459,0.046,-0.984,0.703
35.824,S,623481,0.093,-0.937,0.703
35.854,S,623512,0.140,-0.843,0.609
35.885,S,623542,0.140,-0.843,0.703
35.914,S,623572,0.093,-0.890,0.656
35.937,S,623594,0.140,-0.750,0.609
35.966,S,623623,0.046,-0.703,0.656
35.995,S,623653,0.046,-0.703,0.656
36.024,S,623682,0.046,-0.656,0.656
36.038,T,1
36.053,S,623711,0.093,-0.703,0.656
36.077,S,623734,0.046,-0.843,0.703
36.100,S,623758,0.046,-0.843,0.656
36.131,S,623788,0.093,-0.796,0.656
36.168,READY
36.175,M,MOVING
36.205,S,623862,0.046,-0.890,0.703
36.235,S,623892,0.046,-0.796,0.703
36.256,S,623914,0.093,-0.750,0.656
36.572,S,623943,0.046,-0.656,0.703
36.573,S,623965,0.046,-0.750,0.750
36.574,S,623994,0.046,-0.843,0.656
36.575,S,624017,0.000,-0.796,0.656
36.576,S,624046,0.046,-0.843,0.703
36.577,S,624068,0.046,-0.843,0.656
36.578,S,624099,0.046,-0.750,0.703
36.579,S,624121,0.000,-0.796,0.703
36.580,S,624151,0.046,-0.796,0.656
36.581,S,624181,0.000,-0.843,0.656
36.582,S,624212,0.093,-0.796,0.703
36.585,S,624242,0.046,-0.703,0.656
36.607,S,624264,0.046,-0.750,0.703
36.637,S,624293,0.093,-0.703,0.703
36.667,S,624323,0.000,-0.843,0.656
36.697,S,624354,0.046,-0.703,0.750
36.719,S,624376,0.093,-0.796,0.656
36.748,S,624405,0.000,-0.796,0.656
36.770,S,624427,0.093,-0.843,0.703
36.799,S,624457,0.046,-0.796,0.703
36.829,S,624486,0.046,-0.750,0.656
36.859,S,624516,0.093,-0.890,0.703
36.881,S,624538,0.000,-0.750,0.750
36.910,S,624567,0.093,-0.843,0.703
36.933,S,624589,0.046,-0.796,0.703
36.963,S,624620,0.000,-0.750,0.656
36.986,S,624642,0.000,-0.796,0.703
37.016,S,624672,0.000,-0.750,0.703
37.046,S,624703,0.000,-0.843,0.656
37.068,S,624725,0.046,-0.750,0.703
37.099,S,624755,0.000,-0.750,0.656
37.129,S,624785,0.000,-0.843,0.656
37.152,S,624807,0.000,-0.843,0.656
37.188,READY
37.195,M,MOVING
37.224,S,624880,0.046,-0.796,0.656
37.254,S,624911,0.000,-0.843,0.703
37.284,S,624941,0.000,-0.843,0.703
37.307,S,624963,0.093,-0.750,0.656
37.338,S,624993,0.000,-0.796,0.656
37.369,S,625025,0.000,-0.796,0.703
37.399,S,625055,0.046,-0.750,0.656
37.430,S,625086,0.046,-0.796,0.703
37.460,S,625116,0.000,-0.843,0.656
37.490,S,625146,0.000,-0.750,0.703
37.520,S,625176,0.046,-0.796,0.656
37.551,S,625206,0.046,-0.796,0.703
37.580,S,625236,0.046,-0.796,0.703
37.587,M,STILL
37.617,S,625273,0.000,-0.796,0.703
37.647,S,625303,0.046,-0.796,0.656
37.669,S,625325,0.046,-0.843,0.609
37.699,S,625354,0.000,-0.796,0.703
37.729,S,625384,0.046,-0.796,0.703
37.759,S,625414,0.046,-0.796,0.656
37.789,S,625444,0.046,-0.843,0.656
37.819,S,625474,0.000,-0.890,0.656
37.850,S,625506,0.046,-0.750,0.656
37.880,S,625536,0.000,-0.843,0.656
37.911,S,625566,0.000,-0.750,0.609
37.940,S,625596,0.000,-0.796,0.656
37.971,S,625626,0.000,-0.750,0.703
38.001,S,625657,0.000,-0.796,0.609
38.032,S,625687,0.000,-0.796,0.703
38.062,S,625717,0.000,-0.750,0.609
38.092,S,625748,0.046,-0.843,0.703
38.122,S,625778,0.046,-0.796,0.656
38.152,S,625808,0.046,-0.796,0.703
38.183,S,625838,0.000,-0.890,0.609
38.220,READY
38.227,M,STILL
38.256,S,625911,0.046,-0.843,0.703
38.286,S,625941,0.000,-0.750,0.656
38.308,S,625964,0.000,-0.843,0.656
38.337,S,625993,0.046,-0.796,0.703
38.360,S,626015,0.046,-0.750,0.750
38.390,S,626045,0.046,-0.796,0.703
38.419,S,626075,0.046,-0.796,0.656
38.441,S,626097,0.000,-0.843,0.656
38.471,S,626126,0.000,-0.796,0.703
38.493,S,626148,0.046,-0.750,0.609
38.523,S,626178,0.046,-0.843,0.703
38.553,S,626208,0.000,-0.796,0.656
38.575,S,626230,0.046,-0.796,0.750
38.605,S,626260,0.000,-0.843,0.703
38.635,S,626290,0.046,-0.796,0.656
38.665,S,626319,0.000,-0.796,0.656
38.695,S,626350,0.000,-0.796,0.703
38.717,S,626372,0.000,-0.796,0.609
38.746,S,626401,0.046,-0.750,0.656
38.768,S,626423,0.000,-0.750,0.656
38.798,S,626453,0.046,-0.796,0.703
38.821,S,626475,0.000,-0.750,0.703
38.850,S,626505,0.000,-0.796,0.750
38.880,S,626535,0.000,-0.750,0.703
38.902,S,626557,0.000,-0.796,0.703
38.932,S,626586,0.000,-0.843,0.703
38.954,S,626609,0.046,-0.750,0.656
38.983,S,626638,0.000,-0.796,0.656
39.005,S,626660,0.000,-0.843,0.703
39.035,S,626689,0.046,-0.796,0.656
39.057,S,626712,0.000,-0.796,0.703
39.086,S,626741,0.046,-0.796,0.656
39.109,S,626763,-0.046,-0.703,0.703
39.139,S,626793,0.000,-0.750,0.656
39.169,S,626824,0.046,-0.750,0.656
39.191,S,626846,0.046,-0.843,0.609
39.228,READY
39.235,M,STILL
39.264,S,626919,0.046,-0.796,0.703
39.295,S,626949,0.046,-0.843,0.656
39.325,S,626979,0.046,-0.796,0.703
39.354,S,627008,0.046,-0.796,0.703
39.384,S,627038,0.000,-0.796,0.656
39.406,S,627061,0.046,-0.703,0.703
39.435,S,627090,0.046,-0.796,0.656
39.458,S,627112,0.000,-0.796,0.656
39.487,S,627141,0.046,-0.750,0.656
39.517,S,627171,-0.046,-0.750,0.703
39.539,S,627193,0.000,-0.796,0.656
39.569,S,627223,0.046,-0.796,0.703
39.598,S,627252,0.000,-0.796,0.656
39.621,S,627275,0.046,-0.750,0.703
39.650,S,627304,0.000,-0.796,0.609
39.672,S,627326,0.093,-0.796,0.656
39.701,S,627355,0.000,-0.843,0.656
39.723,S,627377,0.000,-0.843,0.656
39.752,S,627406,0.046,-0.796,0.703
39.774,S,627428,0.046,-0.750,0.656
39.803,S,627457,0.046,-0.750,0.656
39.833,S,627487,0.000,-0.796,0.703
39.855,S,627509,0.046,-0.796,0.656
39.884,S,627538,0.093,-0.796,0.703
39.906,S,627560,0.000,-0.796,0.656
39.936,S,627590,0.000,-0.750,0.703
39.965,S,627619,0.000,-0.796,0.656
39.987,S,627641,0.093,-0.796,0.750
40.016,S,627670,0.000,-0.796,0.656
40.038,S,627692,0.046,-0.843,0.703
40.067,S,627721,0.000,-0.890,0.656
40.090,S,627743,0.046,-0.796,0.703
40.119,S,627773,0.046,-0.796,0.656
40.142,S,627795,0.093,-0.796,0.656
40.171,S,627824,0.093,-0.750,0.703
40.201,S,627854,0.046,-0.796,0.656
40.238,READY
40.246,M,STILL
40.275,S,627928,0.093,-0.796,0.656
40.587,S,627950,-0.046,-0.796,0.656
40.588,S,627980,0.046,-0.843,0.703
40.589,S,628010,-0.046,-0.796,0.656
40.589,S,628032,0.000,-0.843,0.703
40.590,S,628061,0.093,-0.843,0.609
40.591,S,628091,0.000,-0.796,0.609
40.592,S,628113,0.046,-0.750,0.703
40.592,S,628142,-0.046,-0.750,0.656
40.593,S,628164,0.046,-0.796,0.703
40.594,S,628193,0.046,-0.843,0.703
40.595,S,628215,0.000,-0.750,0.656
40.595,S,628244,0.000,-0.796,0.656
40.614,S,628267,0.046,-0.843,0.656
40.643,S,628296,0.046,-0.750,0.656
40.665,S,628318,0.046,-0.796,0.656
40.694,S,628347,0.046,-0.796,0.609
40.724,S,628377,0.046,-0.796,0.703
40.754,S,628408,0.046,-0.796,0.703
40.784,S,628438,0.046,-0.796,0.656
40.807,S,628460,0.046,-0.796,0.656
40.837,S,628489,0.046,-0.750,0.703
40.860,S,628513,0.000,-0.796,0.656
40.890,S,628542,0.046,-0.843,0.703
40.911,S,628564,0.046,-0.843,0.703
40.941,S,628593,0.046,-0.750,0.656
40.970,S,628622,0.046,-0.750,0.656
40.992,S,628645,0.046,-0.843,0.656
41.021,S,628674,0.000,-0.796,0.656
41.044,S,628696,0.046,-0.750,0.656
41.073,S,628725,0.046,-0.796,0.703
41.103,S,628755,0.046,-0.750,0.703
41.125,S,628778,0.046,-0.750,0.703
41.154,S,628807,0.000,-0.843,0.656
41.184,S,628837,0.046,-0.796,0.703
41.215,S,628867,0.046,-0.843,0.703
41.252,READY
41.259,M,STILL
41.288,S,628941,0.093,-0.796,0.703
41.311,S,628963,0.046,-0.796,0.703
41.340,S,628992,0.046,-0.796,0.656
41.362,S,629014,0.046,-0.796,0.656
41.391,S,629043,0.046,-0.796,0.703
41.420,S,629073,0.046,-0.796,0.703
41.442,S,629095,0.046,-0.796,0.703
41.474,S,629125,0.000,-0.750,0.656
41.495,S,629147,0.093,-0.750,0.656
41.525,S,629177,0.000,-0.796,0.656
41.555,S,629207,0.093,-0.750,0.656
41.585,S,629237,0.046,-0.796,0.703
41.615,S,629267,0.046,-0.750,0.703
41.637,S,629289,0.046,-0.796,0.703
41.666,S,629318,0.000,-0.843,0.703
41.697,S,629348,-0.046,-0.796,0.656
41.726,S,629378,0.046,-0.750,0.750
41.757,S,629409,0.046,-0.750,0.656
41.779,S,629431,0.046,-0.796,0.703
41.809,S,629460,0.046,-0.843,0.656
41.838,S,629490,0.046,-0.796,0.703
41.861,S,629513,0.000,-0.796,0.656
41.890,S,629542,0.000,-0.796,0.656
41.912,S,629564,0.046,-0.750,0.703
41.941,S,629593,0.046,-0.796,0.703
41.964,S,629616,0.046,-0.796,0.750
41.993,S,629645,0.046,-0.843,0.656
42.023,S,629675,0.000,-0.750,0.656
42.046,S,629697,0.046,-0.750,0.703
42.076,S,629728,0.000,-0.750,0.703
42.106,S,629758,0.000,-0.750,0.656
42.129,S,629780,0.046,-0.796,0.703
42.159,S,629810,0.000,-0.843,0.703
42.188,S,629840,0.093,-0.843,0.703
42.210,S,629862,0.046,-0.750,0.703
42.240,S,629892,0.000,-0.796,0.609
42.278,READY
42.284,M,STILL
42.313,S,629964,0.000,-0.796,0.656
42.343,S,629994,0.093,-0.796,0.703
42.373,S,630024,0.046,-0.796,0.703
42.403,S,630055,0.046,-0.843,0.703
42.434,S,630085,0.046,-0.796,0.656
42.456,S,630107,-0.046,-0.750,0.656
42.485,S,630137,0.000,-0.750,0.703
42.516,S,630167,0.046,-0.750,0.656
42.546,S,630197,0.000,-0.750,0.656
42.576,S,630227,0.046,-0.796,0.656
42.606,S,630257,0.046,-0.796,0.703
42.637,S,630288,0.093,-0.796,0.656
42.659,S,630310,0.000,-0.843,0.703
42.690,S,630340,0.046,-0.750,0.750
42.720,S,630370,0.046,-0.843,0.703
42.749,S,630400,0.000,-0.750,0.656
42.779,S,630430,0.046,-0.796,0.656
42.801,S,630452,0.000,-0.703,0.703
42.830,S,630481,0.046,-0.750,0.656
42.852,S,630503,-0.046,-0.796,0.703
42.881,S,630532,0.000,-0.843,0.656
42.903,S,630554,0.093,-0.796,0.656
42.932,S,630583,0.000,-0.796,0.703
42.954,S,630605,0.000,-0.796,0.656
42.984,S,630635,0.046,-0.796,0.703
43.007,S,630657,0.046,-0.750,0.703
43.037,S,630688,0.000,-0.843,0.656
43.067,S,630718,0.000,-0.796,0.703
43.090,S,630740,0.000,-0.796,0.703
43.119,S,630769,0.046,-0.796,0.656
43.141,S,630792,0.000,-0.750,0.656
43.170,S,630821,0.000,-0.796,0.703
43.192,S,630843,0.046,-0.750,0.703
43.222,S,630872,0.000,-0.750,0.703
43.245,S,630895,-0.046,-0.890,0.656
43.282,READY
43.289,M,STILL
43.319,S,630969,0.000,-0.843,0.703
43.349,S,630999,0.046,-0.750,0.703
43.379,S,631029,0.000,-0.796,0.703
43.409,S,631059,0.000,-0.796,0.656
43.438,S,631089,0.093,-0.890,0.703
43.468,S,631119,0.000,-0.750,0.750
43.490,S,631141,0.000,-0.750,0.703
43.520,S,631170,0.046,-0.796,0.656
43.550,S,631200,0.000,-0.796,0.703
43.580,S,631230,0.000,-0.750,0.703
43.603,S,631253,0.046,-0.796,0.703
43.633,S,631283,0.000,-0.796,0.703
43.663,S,631313,0.000,-0.796,0.703
43.685,S,631335,0.000,-0.843,0.703
43.715,S,631365,0.046,-0.796,0.703
43.745,S,631395,0.046,-0.796,0.656
43.775,S,631425,0.000,-0.796,0.703
43.805,S,631455,0.093,-0.750,0.703
43.835,S,631485,-0.046,-0.750,0.656
43.858,S,631507,0.046,-0.843,0.703
43.888,S,631538,0.046,-0.750,0.656
43.918,S,631568,-0.046,-0.750,0.656
43.940,S,631590,0.046,-0.796,0.656
43.969,S,631619,0.000,-0.843,0.703
43.992,S,631642,0.000,-0.703,0.703
44.021,S,631671,-0.046,-0.750,0.656
44.043,S,631693,0.000,-0.796,0.656
44.072,S,631722,0.046,-0.796,0.656
44.094,S,631744,0.046,-0.750,0.656
44.124,S,631773,0.046,-0.796,0.703
44.154,S,631804,0.046,-0.750,0.656
44.184,S,631834,0.000,-0.796,0.703
44.214,S,631864,0.046,-0.796,0.656
44.245,S,631894,0.000,-0.843,0.703
44.274,S,631923,0.046,-0.796,0.703
44.312,READY
44.622,M,STILL
44.623,S,631997,0.000,-0.750,0.656
44.623,S,632027,0.093,-0.843,0.703
44.624,S,632051,0.046,-0.843,0.656
44.625,S,632081,-0.046,-0.843,0.656
44.626,S,632111,0.000,-0.796,0.656
44.626,S,632142,0.000,-0.796,0.656
44.627,S,632172,0.000,-0.843,0.703
44.627,S,632202,0.093,-0.796,0.703
44.627,S,632232,0.000,-0.843,0.750
44.628,S,632261,0.000,-0.796,0.703
44.643,S,632292,0.046,-0.750,0.656
44.665,S,632314,0.046,-0.796,0.656
44.696,S,632344,0.046,-0.843,0.703
44.725,S,632374,0.046,-0.796,0.656
44.747,S,632397,0.000,-0.703,0.703
44.777,S,632427,0.046,-0.796,0.656
44.800,S,632449,0.046,-0.750,0.656
44.830,S,632478,0.046,-0.750,0.656
44.859,S,632508,0.046,-0.750,0.703
44.881,S,632530,0.046,-0.750,0.656
44.909,S,632559,0.000,-0.843,0.656
44.933,S,632581,0.000,-0.796,0.656
44.963,S,632612,0.046,-0.750,0.703
44.993,S,632642,0.000,-0.796,0.656
45.015,S,632664,0.046,-0.796,0.703
45.045,S,632693,0.000,-0.796,0.656
45.075,S,632724,0.046,-0.843,0.656
45.097,S,632746,0.000,-0.750,0.656
45.126,S,632775,0.000,-0.750,0.703
45.148,S,632797,0.046,-0.796,0.656
45.178,S,632827,0.000,-0.843,0.703
45.208,S,632857,0.000,-0.750,0.656
45.238,S,632887,0.046,-0.796,0.703
45.260,S,632909,0.046,-0.796,0.703
45.291,S,632940,0.046,-0.796,0.703
45.328,READY
45.335,M,STILL
45.364,S,633013,0.046,-0.843,0.703
45.394,S,633043,0.000,-0.796,0.703
45.424,S,633073,0.046,-0.750,0.656
45.447,S,633095,0.046,-0.796,0.656
45.477,S,633125,0.046,-0.750,0.703
45.506,S,633154,-0.046,-0.796,0.703
45.536,S,633185,0.046,-0.796,0.703
45.559,S,633207,0.000,-0.750,0.703
45.589,S,633237,0.000,-0.750,0.656
45.619,S,633268,0.000,-0.796,0.703
45.641,S,633290,0.000,-0.796,0.703
45.671,S,633319,0.000,-0.750,0.703
45.701,S,633349,0.046,-0.796,0.656
45.731,S,633379,0.046,-0.796,0.703
45.761,S,633409,0.046,-0.843,0.656
45.791,S,633439,0.046,-0.796,0.750
45.813,S,633461,0.046,-0.796,0.703
45.843,S,633491,0.093,-0.843,0.703
45.872,S,633520,0.046,-0.843,0.656
45.903,S,633551,0.046,-0.796,0.703
45.926,S,633573,0.000,-0.750,0.703
45.956,S,633604,0.046,-0.750,0.656
45.986,S,633634,0.000,-0.796,0.703
46.016,S,633664,0.000,-0.796,0.656
46.047,S,633694,0.046,-0.750,0.656
46.077,S,633725,0.046,-0.843,0.703
46.099,S,633747,0.000,-0.843,0.656
46.128,S,633776,0.000,-0.796,0.656
46.282,S,633799,0.046,-0.750,0.656
46.282,S,633828,0.046,-0.750,0.703
46.282,S,633850,0.000,-0.750,0.656
46.283,S,633880,0.000,-0.796,0.703
46.283,S,633910,0.140,-0.796,0.703
46.292,S,633940,0.046,-0.750,0.703
46.329,READY
46.336,M,STILL
46.365,S,634012,0.093,-0.796,0.703
46.395,S,634042,0.046,-0.703,0.703
46.424,S,634072,0.046,-0.750,0.609
46.454,S,634102,0.000,-0.750,0.703
46.476,S,634124,0.000,-0.796,0.703
46.506,S,634153,0.046,-0.796,0.703
46.529,S,634175,0.000,-0.750,0.656
46.558,S,634206,0.046,-0.750,0.703
46.580,S,634228,0.046,-0.796,0.703
46.609,S,634257,0.000,-0.796,0.656
46.640,S,634287,0.046,-0.796,0.703
46.663,S,634309,0.046,-0.843,0.703
46.691,S,634338,0.000,-0.750,0.703
46.721,S,634368,0.000,-0.796,0.750
46.751,S,634398,0.000,-0.796,0.656
46.773,S,634421,0.046,-0.750,0.656
46.803,S,634450,-0.046,-0.750,0.609
46.825,S,634472,0.046,-0.796,0.656
46.854,S,634501,0.000,-0.843,0.656
46.876,S,634523,0.046,-0.796,0.703
46.906,S,634553,0.046,-0.796,0.750
46.936,S,634583,0.000,-0.796,0.703
46.957,S,634605,0.000,-0.796,0.703
46.989,S,634635,-0.046,-0.796,0.703
47.018,S,634665,0.093,-0.796,0.656
47.041,S,634688,0.000,-0.750,0.703
47.071,S,634718,-0.046,-0.750,0.750
47.101,S,634748,0.000,-0.843,0.703
47.123,S,634770,0.046,-0.750,0.656
47.153,S,634799,0.046,-0.750,0.609
47.318,S,634828,0.093,-0.796,0.703
47.318,S,634850,0.046,-0.750,0.703
47.319,S,634880,-0.046,-0.796,0.656
47.320,S,634902,0.046,-0.843,0.703
47.320,S,634932,0.046,-0.843,0.703
47.321,S,634963,0.046,-0.796,0.703
47.352,READY
47.359,M,STILL
47.388,S,635035,0.093,-0.796,0.656
47.418,S,635065,0.046,-0.796,0.703
47.449,S,635095,0.000,-0.796,0.703
47.479,S,635125,0.000,-0.750,0.703
47.510,S,635156,0.046,-0.796,0.656
47.540,S,635186,0.000,-0.796,0.656
47.562,S,635208,0.046,-0.750,0.703
47.592,S,635238,0.093,-0.750,0.703
47.621,S,635268,0.046,-0.796,0.703
47.652,S,635298,0.000,-0.750,0.703
47.682,S,635328,0.046,-0.703,0.656
47.704,S,635350,0.046,-0.843,0.656
47.733,S,635380,0.000,-0.703,0.703
47.764,S,635410,0.046,-0.843,0.609
47.794,S,635440,0.046,-0.796,0.703
47.824,S,635470,0.046,-0.796,0.656
47.846,S,635492,0.046,-0.796,0.750
47.876,S,635522,0.046,-0.796,0.703
47.905,S,635552,0.046,-0.843,0.656
47.936,S,635582,0.093,-0.796,0.656
47.958,S,635604,0.000,-0.750,0.656
47.988,S,635633,0.046,-0.843,0.703
48.017,S,635663,0.000,-0.843,0.703
48.038,S,635685,0.000,-0.750,0.703
48.069,S,635715,0.046,-0.750,0.703
48.092,S,635737,0.046,-0.843,0.703
48.121,S,635767,0.046,-0.796,0.703
48.150,S,635796,0.046,-0.750,0.656
48.172,S,635818,0.000,-0.796,0.656
48.325,S,635847,0.046,-0.796,0.703
48.325,S,635877,0.000,-0.796,0.703
48.326,S,635907,0.046,-0.750,0.656
48.326,S,635929,0.046,-0.750,0.703
48.327,S,635958,0.000,-0.843,0.656
48.357,READY
48.364,M,STILL
48.379,S,636024,0.000,-0.796,0.750
48.401,S,636046,0.046,-0.796,0.703
48.424,S,636070,0.000,-0.750,0.656
48.453,S,636099,0.046,-0.796,0.703
48.476,S,636121,0.046,-0.750,0.703
48.505,S,636150,0.000,-0.796,0.609
48.526,S,636172,0.000,-0.750,0.609
48.556,S,636202,0.000,-0.796,0.656
48.587,S,636232,0.000,-0.796,0.703
48.609,S,636254,0.046,-0.843,0.656
48.638,S,636283,0.000,-0.796,0.750
48.660,S,636306,0.046,-0.843,0.703
48.690,S,636335,0.000,-0.750,0.656
48.712,S,636357,0.000,-0.796,0.656
48.741,S,636386,0.046,-0.796,0.703
48.763,S,636408,0.046,-0.796,0.750
48.793,S,636437,0.093,-0.796,0.703
48.822,S,636467,0.000,-0.750,0.656
48.845,S,636490,-0.046,-0.750,0.703
48.874,S,636519,0.000,-0.843,0.656
48.896,S,636541,0.046,-0.796,0.703
48.925,S,636570,0.000,-0.796,0.656
48.947,S,636592,0.000,-0.890,0.656
48.976,S,636621,0.000,-0.750,0.703
48.998,S,636643,0.046,-0.796,0.656
49.028,S,636672,0.000,-0.796,0.656
49.058,S,636702,0.000,-0.750,0.703
49.088,S,636733,0.000,-0.843,0.656
49.110,S,636755,0.093,-0.796,0.703
49.139,S,636784,0.000,-0.750,0.609
49.169,S,636814,0.000,-0.750,0.656
49.191,S,636836,0.046,-0.796,0.656
49.708,S,636865,0.000,-0.843,0.656
49.709,S,636887,-0.046,-0.843,0.656
49.710,S,636916,0.046,-0.750,0.656
49.711,S,636946,0.000,-0.796,0.656
49.712,S,636977,0.046,-0.796,0.703
49.712,S,637007,0.046,-0.796,0.656
49.713,S,637037,0.046,-0.796,0.703
49.714,S,637067,0.000,-0.796,0.656
49.715,S,637098,0.046,-0.796,0.656
49.716,S,637129,0.093,-0.843,0.656
49.716,S,637151,0.046,-0.890,0.656
49.717,S,637180,0.093,-0.750,0.656
49.718,S,637210,0.046,-0.750,0.703
49.719,S,637240,0.093,-0.796,0.703
49.719,S,637270,0.046,-0.796,0.656
49.720,S,637293,0.046,-0.796,0.656
49.721,S,637322,0.093,-0.796,0.703
49.722,S,637344,0.046,-0.843,0.703
49.746,READY
49.753,M,STILL
49.768,S,637412,0.046,-0.796,0.656
49.790,S,637434,0.046,-0.796,0.750
49.812,S,637457,0.093,-0.796,0.656
49.842,S,637487,0.046,-0.750,0.703
49.865,S,637509,0.046,-0.843,0.656
49.894,S,637538,0.093,-0.796,0.703
49.924,S,637568,0.046,-0.703,0.609
49.948,S,637592,0.000,-0.796,0.703
49.978,S,637622,0.046,-0.843,0.703
50.008,S,637652,0.000,-0.796,0.656
50.030,S,637674,0.046,-0.843,0.703
50.061,S,637705,0.093,-0.750,0.750
50.091,S,637735,0.046,-0.843,0.656
50.114,S,637757,0.000,-0.843,0.656
50.144,S,637787,0.046,-0.796,0.656
50.174,S,637818,0.046,-0.796,0.703
50.196,S,637840,0.093,-0.750,0.703
50.226,S,637869,0.046,-0.796,0.656
50.654,S,637891,0.093,-0.796,0.703
50.654,S,637921,0.046,-0.750,0.703
50.654,S,637943,0.046,-0.843,0.703
50.655,S,637973,0.046,-0.796,0.656
50.655,S,637995,0.000,-0.750,0.703
50.655,S,638026,0.000,-0.796,0.656
50.656,S,638048,0.093,-0.843,0.656
50.656,S,638078,0.093,-0.796,0.656
50.656,S,638108,0.046,-0.796,0.703
50.657,S,638130,0.046,-0.750,0.703
50.657,S,638160,0.093,-0.750,0.703
50.657,S,638182,0.093,-0.796,0.656
50.658,S,638211,0.046,-0.750,0.703
50.658,S,638241,0.046,-0.750,0.703
50.658,S,638263,0.046,-0.796,0.656
50.659,S,638293,0.000,-0.843,0.703
50.672,S,638315,0.046,-0.750,0.703
50.701,S,638345,0.046,-0.796,0.656
50.731,S,638375,0.000,-0.796,0.656
50.768,READY
50.774,M,STILL
50.803,S,638447,0.093,-0.796,0.703
50.826,S,638469,0.046,-0.796,0.703
50.856,S,638499,0.046,-0.796,0.656
50.879,S,638521,0.000,-0.750,0.656
50.909,S,638552,0.046,-0.796,0.703
50.931,S,638574,0.093,-0.796,0.703
50.960,S,638603,0.000,-0.843,0.750
50.983,S,638626,0.046,-0.796,0.703
51.012,S,638655,0.000,-0.750,0.703
51.034,S,638677,0.046,-0.796,0.656
51.064,S,638707,0.046,-0.796,0.703
51.094,S,638738,0.046,-0.843,0.656
51.117,S,638760,0.046,-0.843,0.656
51.146,S,638789,0.046,-0.750,0.656
51.168,S,638811,0.046,-0.843,0.656
51.199,S,638842,0.046,-0.796,0.609
51.229,S,638872,0.000,-0.796,0.656
51.259,S,638902,0.093,-0.843,0.703
51.281,S,638924,0.046,-0.750,0.656
51.311,S,638953,0.046,-0.703,0.656
51.340,S,638983,0.093,-0.796,0.656
51.362,S,639005,0.000,-0.843,0.656
51.393,S,639035,0.000,-0.750,0.656
51.421,S,639065,0.093,-0.796,0.750
51.444,S,639087,0.046,-0.750,0.703
51.473,S,639116,0.046,-0.796,0.656
51.496,S,639138,0.140,-0.796,0.703
51.525,S,639168,0.000,-0.750,0.656
51.547,S,639190,0.000,-0.796,0.703
51.578,S,639220,0.000,-0.796,0.703
51.608,S,639250,0.140,-0.703,0.750
51.638,S,639281,0.000,-0.796,0.703
51.668,S,639311,0.046,-0.703,0.703
51.691,S,639333,0.046,-0.703,0.750
51.721,S,639363,0.046,-0.656,0.703
51.751,S,639393,-0.046,-0.656,0.703
51.788,READY
51.796,M,STILL
51.825,S,639467,-0.093,-0.890,0.843
51.848,S,639490,-0.046,-0.703,0.890
51.854,M,MOVING
51.885,S,639527,-0.140,-0.515,0.890
51.907,S,639549,-0.046,-0.656,0.750
51.935,S,639578,-0.046,-0.703,0.609
51.958,S,639600,-0.046,-0.609,0.609
51.988,S,639630,-0.093,-0.562,0.609
52.010,S,639652,-0.140,-0.515,0.562
52.039,S,639681,-0.140,-0.609,0.609
52.062,S,639703,-0.187,-0.515,0.515
52.092,S,639734,-0.140,-0.609,0.703
52.122,S,639764,-0.234,-0.890,1.265
52.153,S,639794,-0.093,-0.890,0.843
52.181,S,639823,0.093,-0.656,0.515
52.212,S,639854,0.046,-0.281,0.375
52.241,S,639884,0.046,-0.703,0.984
52.264,S,639906,-0.234,-1.218,1.078
52.294,S,639936,0.281,-0.796,0.468
52.317,S,639958,0.046,-0.796,0.609
52.345,S,639987,0.046,-0.843,0.750
52.367,S,640009,0.093,-0.796,0.656
52.396,S,640038,-0.046,-0.656,0.703
52.427,S,640069,-0.046,-0.750,0.703
52.457,S,640099,0.000,-0.703,0.703
52.480,S,640121,-0.046,-0.796,0.656
52.510,S,640152,0.093,-0.796,0.703
52.541,S,640182,0.140,-0.796,0.656
52.571,S,640212,0.093,-0.796,0.656
52.601,S,640242,0.093,-0.750,0.656
52.631,S,640273,0.046,-0.750,0.703
52.662,S,640303,0.000,-0.750,0.703
52.692,S,640333,0.000,-0.796,0.703
52.722,S,640363,0.000,-0.796,0.656
52.752,S,640394,0.000,-0.703,0.703
52.789,READY
52.797,M,MOVING
52.825,S,640467,0.000,-0.796,0.703
52.848,S,640489,0.093,-0.750,0.750
52.875,T,1
52.886,S,640519,0.000,-0.750,0.703
52.915,S,640556,0.046,-0.750,0.703
52.946,S,640586,0.000,-0.796,0.703
52.968,S,640609,0.000,-0.703,0.703
52.998,S,640639,0.000,-0.750,0.656
53.028,S,640669,0.000,-0.796,0.656
53.050,S,640691,0.093,-0.750,0.656
53.079,S,640719,0.046,-0.796,0.656
53.109,S,640750,-0.046,-0.843,0.703
53.139,S,640780,0.000,-0.796,0.750
53.162,S,640802,0.000,-0.750,0.703
53.192,S,640832,0.000,-0.843,0.703
53.221,S,640861,0.046,-0.796,0.703
53.251,S,640892,0.093,-0.796,0.750
53.281,S,640922,0.046,-0.750,0.656
53.311,S,640952,0.046,-0.843,0.703
53.341,S,640982,0.000,-0.843,0.703
53.371,S,641012,-0.046,-0.750,0.703
53.393,S,641034,-0.046,-0.796,0.703
53.422,S,641063,0.046,-0.750,0.703
53.445,S,641085,0.093,-0.750,0.703
53.474,S,641115,0.046,-0.796,0.703
53.497,S,641137,0.046,-0.796,0.703
53.527,S,641167,0.046,-0.843,0.750
53.549,S,641189,0.000,-0.750,0.703
53.579,S,641219,0.046,-0.796,0.656
53.608,S,641249,0.046,-0.796,0.656
53.638,S,641279,0.046,-0.750,0.750
53.668,S,641309,0.093,-0.750,0.703
53.698,S,641339,0.046,-0.843,0.703
53.721,S,641361,0.046,-0.843,0.703
53.751,S,641391,0.093,-0.796,0.750
53.780,S,641421,0.093,-0.750,0.703
53.817,READY
53.824,M,MOVING
53.853,S,641493,0.093,-0.937,0.703
53.882,S,641523,0.187,-0.843,0.656
53.913,S,641553,-0.093,-0.656,0.750
53.935,S,641575,-0.140,-0.562,0.843
53.965,S,641605,0.000,-0.609,0.703
53.987,S,641627,0.046,-0.656,0.750
54.018,S,641657,-0.046,-0.656,0.750
54.048,S,641688,0.000,-0.750,0.750
54.070,S,641710,0.046,-0.703,0.703
54.100,S,641740,0.046,-0.750,0.750
54.122,S,641762,0.000,-0.890,0.750
54.152,S,641792,0.000,-0.796,0.796
54.174,S,641814,-0.046,-0.750,0.750
54.204,S,641844,-0.046,-0.750,0.656
54.235,S,641874,-0.093,-0.750,0.656
54.675,S,641904,-0.093,-0.796,0.750
54.675,S,641935,-0.046,-0.750,0.750
54.675,S,641957,-0.093,-0.703,0.750
54.676,S,641988,0.046,-0.656,0.750
54.676,S,642018,0.000,-0.796,0.796
54.676,S,642040,0.000,-0.750,0.750
54.677,S,642070,-0.093,-0.609,0.750
54.677,S,642100,-0.046,-0.656,0.703
54.677,S,642129,0.000,-0.750,0.750
54.677,S,642153,0.046,-0.796,0.796
54.678,S,642182,-0.046,-0.703,0.750
54.678,S,642212,-0.046,-0.656,0.703
54.678,S,642242,0.000,-0.796,0.750
54.679,S,642264,0.000,-0.796,0.750
54.679,S,642293,-0.046,-0.703,0.750
54.683,S,642324,-0.093,-0.656,0.750
54.706,S,642346,-0.046,-0.656,0.750
54.736,S,642375,-0.093,-0.796,0.703
54.758,S,642397,0.000,-0.796,0.703
54.787,S,642427,-0.046,-0.796,0.750
54.823,READY
54.830,M,MOVING
54.859,S,642498,0.000,-0.656,0.750
54.889,S,642528,-0.046,-0.703,0.750
54.919,S,642558,-0.046,-0.750,0.796
54.949,S,642589,-0.046,-0.656,0.750
54.979,S,642618,-0.046,-0.656,0.750
55.009,S,642648,0.000,-0.750,0.750
55.031,S,642670,0.000,-0.703,0.750
55.061,S,642700,-0.046,-0.750,0.796
55.092,S,642730,-0.093,-0.703,0.796
55.121,S,642761,-0.046,-0.656,0.750
55.143,S,642783,-0.093,-0.703,0.750
55.173,S,642812,0.000,-0.703,0.703
55.195,S,642834,-0.093,-0.703,0.750
55.226,S,642864,-0.046,-0.750,0.703
55.255,S,642894,-0.046,-0.796,0.750
55.286,S,642924,-0.046,-0.750,0.750
55.315,S,642954,-0.093,-0.656,0.796
55.338,S,642976,-0.046,-0.703,0.750
55.368,S,643006,-0.140,-0.609,0.750
55.398,S,643037,-0.140,-0.750,0.750
55.428,S,643067,-0.093,-0.750,0.796
55.459,S,643097,-0.093,-0.750,0.750
55.489,S,643127,-0.093,-0.750,0.750
55.519,S,643157,-0.093,-0.750,0.796
55.541,S,643180,-0.046,-0.750,0.750
55.570,S,643209,-0.093,-0.703,0.703
55.601,S,643239,-0.093,-0.703,0.703
55.631,S,643269,-0.093,-0.656,0.750
55.660,S,643299,-0.046,-0.796,0.703
55.683,S,643321,-0.046,-0.750,0.750
55.713,S,643351,0.000,-0.750,0.703
55.736,S,643374,0.000,-0.703,0.750
55.766,S,643404,-0.046,-0.703,0.703
55.796,S,643434,-0.046,-0.656,0.750
55.832,READY
55.839,M,MOVING
55.869,S,643507,-0.046,-0.750,0.750
55.898,S,643537,-0.093,-0.750,0.750
55.921,S,643559,-0.046,-0.750,0.750
55.952,S,643590,-0.046,-0.703,0.796
55.982,S,643620,-0.046,-0.750,0.750
56.012,S,643650,-0.046,-0.703,0.703
56.042,S,643680,0.000,-0.750,0.750
56.072,S,643710,-0.046,-0.703,0.703
56.102,S,643740,-0.046,-0.750,0.750
56.133,S,643770,-0.046,-0.750,0.750
56.162,S,643801,-0.046,-0.703,0.750
56.185,S,643823,-0.093,-0.656,0.796
56.191,M,STILL
56.221,S,643859,-0.046,-0.703,0.750
56.243,S,643881,-0.046,-0.703,0.750
56.273,S,643911,-0.046,-0.703,0.750
56.294,S,643932,-0.046,-0.703,0.750
56.323,S,643961,-0.046,-0.703,0.703
56.353,S,643991,-0.093,-0.656,0.750
56.374,S,644013,-0.093,-0.703,0.750
56.402,S,644041,-0.093,-0.750,0.750
56.432,S,644071,0.000,-0.750,0.703
56.455,S,644093,-0.093,-0.656,0.656
56.485,S,644123,0.000,-0.750,0.750
56.507,S,644145,0.000,-0.703,0.750
56.537,S,644174,-0.093,-0.656,0.703
56.559,S,644197,0.000,-0.750,0.750
56.588,S,644226,-0.046,-0.796,0.703
56.618,S,644256,-0.046,-0.750,0.750
56.641,S,644278,-0.046,-0.750,0.750
56.671,S,644308,-0.093,-0.703,0.750
56.700,S,644338,0.000,-0.703,0.750
56.722,S,644360,0.000,-0.703,0.750
56.753,S,644390,0.046,-0.703,0.750
56.783,S,644420,0.000,-0.750,0.703
56.813,S,644451,0.000,-0.750,0.750
56.849,READY
56.854,M,STILL
56.882,S,644520,0.000,-0.656,0.750
56.904,S,644542,0.000,-0.750,0.750
56.934,S,644571,-0.046,-0.656,0.750
56.964,S,644601,0.000,-0.703,0.750
56.986,S,644624,0.000,-0.656,0.750
57.017,S,644654,0.000,-0.703,0.703
57.039,S,644676,0.000,-0.750,0.703
57.069,S,644706,-0.046,-0.750,0.796
57.099,S,644736,0.046,-0.750,0.750
57.121,S,644758,0.000,-0.750,0.703
57.150,S,644787,0.000,-0.750,0.703
57.173,S,644809,-0.046,-0.703,0.703
57.203,S,644840,-0.046,-0.703,0.703
57.225,S,644862,-0.046,-0.750,0.750
57.254,S,644891,0.000,-0.750,0.750
57.277,S,644913,-0.046,-0.703,0.750
57.306,S,644943,-0.093,-0.750,0.703
57.328,S,644965,0.000,-0.703,0.703
57.358,S,644995,0.000,-0.703,0.750
57.380,S,645017,0.000,-0.796,0.703
57.409,S,645046,-0.046,-0.703,0.703
57.438,S,645076,-0.046,-0.703,0.750
57.461,S,645098,0.000,-0.750,0.750
57.491,S,645127,0.000,-0.750,0.750
57.520,S,645157,0.000,-0.703,0.703
57.551,S,645188,-0.046,-0.703,0.703
57.581,S,645218,0.046,-0.750,0.703
57.603,S,645240,0.000,-0.703,0.750
57.633,S,645269,-0.046,-0.656,0.750
57.655,S,645291,0.000,-0.703,0.750
57.684,S,645321,0.000,-0.796,0.703
57.706,S,645343,0.046,-0.750,0.703
57.735,S,645372,0.000,-0.750,0.703
57.758,S,645394,-0.046,-0.796,0.656
57.788,S,645425,0.000,-0.750,0.796
57.810,S,645447,0.000,-0.796,0.750
57.840,S,645476,0.046,-0.703,0.656
57.876,READY
57.882,M,STILL
57.912,S,645548,0.000,-0.703,0.750
57.934,S,645570,0.000,-0.750,0.703
57.964,S,645601,0.000,-0.750,0.750
57.986,S,645623,0.000,-0.703,0.750
58.016,S,645652,0.046,-0.703,0.750
58.038,S,645674,0.000,-0.750,0.703
58.067,S,645704,0.000,-0.750,0.703
58.097,S,645733,0.046,-0.703,0.703
58.118,S,645755,0.000,-0.796,0.703
58.148,S,645784,0.000,-0.703,0.656
58.170,S,645806,0.046,-0.750,0.750
58.200,S,645835,0.000,-0.703,0.750
58.229,S,645865,0.000,-0.703,0.750
58.251,S,645887,0.000,-0.703,0.796
58.701,S,645916,0.000,-0.796,0.796
58.701,S,645939,-0.046,-0.843,0.656
58.701,S,645968,0.000,-0.703,0.750
58.702,S,645990,-0.046,-0.703,0.703
58.702,S,646019,0.000,-0.703,0.703
58.703,S,646041,0.046,-0.703,0.750
58.703,S,646071,0.000,-0.750,0.750
58.704,S,646101,-0.046,-0.750,0.703
58.704,S,646123,0.046,-0.703,0.750
58.704,S,646152,-0.046,-0.750,0.750
58.704,S,646182,0.000,-0.703,0.750
58.705,S,646205,0.046,-0.703,0.750
58.705,S,646234,0.000,-0.703,0.750
58.705,S,646256,0.000,-0.703,0.703
58.706,S,646285,0.046,-0.750,0.796
58.706,S,646307,0.046,-0.750,0.703
58.706,S,646336,0.000,-0.750,0.750
58.722,S,646358,0.000,-0.703,0.750
58.751,S,646387,0.046,-0.703,0.703
58.774,S,646409,0.000,-0.750,0.750
58.803,S,646439,-0.046,-0.703,0.750
58.833,S,646469,0.046,-0.703,0.750
58.855,S,646491,0.046,-0.656,0.750
58.895,READY
58.901,M,STILL
58.929,S,646565,0.046,-0.703,0.703
58.951,S,646587,-0.046,-0.703,0.750
58.972,S,646608,0.000,-0.750,0.796
59.002,S,646637,0.000,-0.750,0.703
59.024,S,646659,0.000,-0.703,0.703
59.053,S,646688,0.000,-0.703,0.750
59.084,S,646719,-0.093,-0.703,0.750
59.113,S,646749,0.000,-0.703,0.750
59.135,S,646771,0.000,-0.703,0.703
59.165,S,646801,0.046,-0.703,0.750
59.196,S,646831,-0.046,-0.750,0.750
59.225,S,646861,0.000,-0.703,0.750
59.248,S,646883,0.000,-0.703,0.750
59.277,S,646912,0.000,-0.656,0.796
59.299,S,646934,0.000,-0.703,0.750
59.328,S,646963,-0.046,-0.703,0.703
59.351,S,646986,0.000,-0.703,0.750
59.381,S,647016,-0.046,-0.656,0.703
59.403,S,647038,0.000,-0.656,0.750
59.432,S,647067,0.000,-0.656,0.750
59.463,S,647097,-0.046,-0.656,0.750
59.493,S,647128,0.000,-0.750,0.703
59.515,S,647150,0.000,-0.703,0.750
59.544,S,647179,-0.046,-0.703,0.703
59.574,S,647209,-0.046,-0.703,0.703
59.597,S,647231,0.000,-0.750,0.750
59.626,S,647261,-0.046,-0.703,0.703
59.649,S,647283,0.000,-0.703,0.750
59.679,S,647313,0.000,-0.656,0.750
59.709,S,647343,0.046,-0.656,0.703
59.739,S,647374,-0.046,-0.750,0.750
59.770,S,647404,0.000,-0.703,0.750
59.800,S,647434,-0.046,-0.703,0.750
59.831,S,647464,0.000,-0.703,0.750
59.861,S,647495,0.046,-0.703,0.703
59.899,READY
59.905,M,STILL
59.935,S,647569,-0.046,-0.703,0.750
59.957,S,647591,-0.046,-0.703,0.796
59.987,S,647622,-0.046,-0.656,0.750
60.016,S,647651,-0.046,-0.750,0.796
60.047,S,647681,0.046,-0.703,0.750
60.077,S,647711,-0.046,-0.656,0.750
60.107,S,647741,0.000,-0.703,0.750
60.129,S,647763,0.000,-0.750,0.750
60.159,S,647793,0.046,-0.750,0.750
60.189,S,647822,-0.046,-0.703,0.750
60.218,S,647853,0.000,-0.703,0.796
60.248,S,647883,0.000,-0.703,0.703
60.271,S,647905,0.000,-0.703,0.750
60.300,S,647934,-0.046,-0.703,0.750
60.330,S,647964,0.000,-0.750,0.796
60.361,S,647994,-0.046,-0.703,0.796
60.382,S,648016,-0.046,-0.703,0.703
60.413,S,648047,0.046,-0.796,0.703
60.442,S,648077,0.000,-0.750,0.750
60.473,S,648107,0.000,-0.750,0.750
60.504,S,648137,0.000,-0.703,0.750
60.534,S,648167,-0.046,-0.750,0.750
60.564,S,648197,0.000,-0.703,0.750
60.593,S,648227,0.000,-0.703,0.703
60.615,S,648249,0.046,-0.703,0.750
60.644,S,648278,-0.046,-0.656,0.750
60.667,S,648300,-0.046,-0.750,0.750
60.696,S,648329,0.000,-0.703,0.750
60.726,S,648360,-0.046,-0.750,0.750
60.755,S,648389,-0.046,-0.703,0.703
60.785,S,648419,0.046,-0.750,0.750
60.808,S,648441,-0.046,-0.750,0.703
60.838,S,648471,-0.046,-0.750,0.750
60.868,S,648501,0.000,-0.656,0.703
60.904,READY
60.910,M,STILL
60.939,S,648572,-0.046,-0.750,0.703
60.961,S,648594,0.000,-0.750,0.703
60.992,S,648625,0.000,-0.750,0.750
61.022,S,648655,0.000,-0.703,0.750
61.052,S,648685,0.000,-0.703,0.750
61.082,S,648716,0.000,-0.703,0.703
61.112,S,648746,0.000,-0.703,0.750
61.142,S,648776,0.000,-0.703,0.796
61.165,S,648798,-0.046,-0.750,0.703
61.195,S,648828,-0.046,-0.750,0.750
61.225,S,648858,0.000,-0.750,0.703
61.255,S,648888,0.000,-0.750,0.750
61.285,S,648919,0.046,-0.656,0.703
61.308,S,648941,0.000,-0.703,0.750
61.337,S,648970,0.000,-0.750,0.750
61.359,S,648992,-0.046,-0.750,0.703
61.388,S,649021,-0.046,-0.750,0.703
61.411,S,649044,0.000,-0.750,0.703
61.440,S,649073,0.046,-0.750,0.703
61.470,S,649103,-0.046,-0.703,0.796
61.500,S,649133,0.000,-0.796,0.750
61.523,S,649156,0.046,-0.703,0.703
61.553,S,649186,0.046,-0.703,0.796
61.575,S,649208,-0.046,-0.703,0.703
61.604,S,649237,-0.046,-0.750,0.750
61.627,S,649260,0.000,-0.703,0.750
61.656,S,649289,0.000,-0.796,0.796
61.686,S,649319,0.046,-0.750,0.750
61.708,S,649341,0.000,-0.703,0.750
61.736,S,649369,0.046,-0.750,0.703
61.759,S,649391,0.046,-0.703,0.750
61.788,S,649420,0.000,-0.796,0.703
61.816,S,649449,0.000,-0.750,0.750
61.838,S,649471,0.000,-0.656,0.703
61.868,S,649501,0.046,-0.703,0.750
61.891,S,649523,0.000,-0.750,0.750
61.926,READY
61.933,M,STILL
61.962,S,649595,0.000,-0.750,0.750
61.985,S,649617,0.046,-0.750,0.750
62.014,S,649647,0.000,-0.656,0.703
62.045,S,649677,0.000,-0.656,0.750
62.067,S,649699,0.000,-0.750,0.703
62.098,S,649730,-0.046,-0.750,0.703
62.127,S,649760,-0.046,-0.703,0.750
62.150,S,649782,0.000,-0.750,0.796
62.180,S,649812,-0.046,-0.750,0.750
62.202,S,649834,0.000,-0.703,0.750
62.231,S,649864,0.000,-0.703,0.750
62.261,S,649893,0.000,-0.703,0.703
62.703,S,649915,0.000,-0.796,0.703
62.703,S,649945,0.000,-0.703,0.750
62.704,S,649976,-0.046,-0.703,0.750
62.704,S,650006,-0.046,-0.703,0.703
62.704,S,650036,0.000,-0.750,0.750
62.705,S,650066,0.046,-0.703,0.703
62.705,S,650096,-0.046,-0.703,0.750
62.705,S,650118,-0.046,-0.750,0.750
62.705,S,650148,0.000,-0.703,0.750
62.706,S,650171,0.046,-0.656,0.750
62.706,S,650201,0.000,-0.750,0.703
62.706,S,650224,-0.046,-0.750,0.703
62.707,S,650254,0.000,-0.703,0.750
62.707,S,650276,0.000,-0.703,0.750
62.707,S,650305,0.000,-0.750,0.703
62.708,S,650327,0.000,-0.750,0.750
62.725,S,650357,0.000,-0.703,0.750
62.756,S,650388,0.000,-0.750,0.750
62.787,S,650418,0.000,-0.703,0.750
62.816,S,650448,0.046,-0.750,0.796
62.846,S,650478,0.000,-0.796,0.750
62.876,S,650508,0.000,-0.703,0.796
62.906,S,650538,0.000,-0.750,0.750
62.942,READY
62.950,M,STILL
62.978,S,650610,-0.046,-0.750,0.750
63.001,S,650632,0.000,-0.703,0.796
63.030,S,650661,0.000,-0.656,0.703
63.052,S,650684,0.000,-0.750,0.703
63.081,S,650713,0.000,-0.750,0.750
63.112,S,650743,0.000,-0.750,0.750
63.141,S,650773,0.000,-0.703,0.703
63.171,S,650803,0.046,-0.703,0.750
63.194,S,650825,0.000,-0.750,0.750
63.224,S,650855,0.046,-0.750,0.703
63.254,S,650886,-0.046,-0.703,0.703
63.284,S,650916,0.000,-0.656,0.796
63.314,S,650946,0.000,-0.703,0.750
63.345,S,650976,0.000,-0.750,0.750
63.375,S,651006,0.000,-0.703,0.750
63.405,S,651036,0.046,-0.656,0.750
63.428,S,651058,-0.046,-0.703,0.750
63.458,S,651089,0.000,-0.656,0.703
63.488,S,651119,0.000,-0.750,0.750
63.518,S,651149,0.046,-0.656,0.750
63.548,S,651179,0.000,-0.750,0.750
63.579,S,651210,0.000,-0.703,0.750
63.610,S,651240,0.046,-0.703,0.703
63.640,S,651270,0.000,-0.609,0.750
63.670,S,651301,-0.046,-0.703,0.750
63.700,S,651331,0.000,-0.703,0.750
63.722,S,651353,-0.046,-0.703,0.703
63.752,S,651383,-0.046,-0.609,0.703
63.782,S,651413,0.000,-0.703,0.750
63.804,S,651435,-0.046,-0.703,0.750
63.835,S,651465,-0.046,-0.703,0.750
63.865,S,651495,0.000,-0.750,0.796
63.895,S,651526,0.000,-0.703,0.750
63.918,S,651548,-0.046,-0.656,0.703
63.954,READY
63.961,M,STILL
63.990,S,651621,-0.046,-0.750,0.796
64.021,S,651651,-0.046,-0.656,0.796
64.050,S,651681,0.046,-0.656,0.796
64.073,S,651703,0.000,-0.703,0.750
64.104,S,651734,-0.046,-0.796,0.703
64.134,S,651764,-0.046,-0.703,0.750
64.164,S,651794,0.000,-0.750,0.703
64.194,S,651825,0.000,-0.656,0.796
64.224,S,651855,0.000,-0.750,0.750
64.255,S,651885,0.046,-0.703,0.750
64.285,S,651915,0.046,-0.796,0.750
64.307,S,651938,0.000,-0.796,0.703
64.336,S,651967,0.000,-0.703,0.796
64.359,S,651989,-0.046,-0.703,0.703
64.388,S,652018,0.000,-0.750,0.750
64.418,S,652048,0.000,-0.656,0.750
64.448,S,652079,-0.046,-0.750,0.796
64.471,S,652101,0.000,-0.703,0.750
64.501,S,652131,0.046,-0.703,0.750
64.524,S,652154,0.000,-0.750,0.703
64.554,S,652184,0.046,-0.750,0.750
64.584,S,652214,0.000,-0.703,0.703
64.606,S,652236,0.000,-0.750,0.703
64.636,S,652267,0.000,-0.750,0.750
64.659,S,652289,0.000,-0.703,0.750
64.689,S,652319,-0.046,-0.703,0.703
64.711,S,652341,0.000,-0.703,0.750
64.740,S,652370,-0.046,-0.750,0.703
64.763,S,652392,-0.046,-0.750,0.750
64.792,S,652421,0.000,-0.703,0.703
64.821,S,652451,-0.046,-0.750,0.750
64.844,S,652474,0.046,-0.750,0.703
64.874,S,652504,0.000,-0.703,0.750
64.904,S,652534,0.000,-0.703,0.796
64.935,S,652564,-0.093,-0.703,0.750
64.971,READY
64.978,M,STILL
65.007,S,652637,-0.046,-0.703,0.750
65.030,S,652659,-0.046,-0.562,0.796
65.060,S,652689,0.000,-0.609,0.750
65.090,S,652719,0.000,-0.656,0.750
65.112,S,652742,0.000,-0.656,0.750
65.141,S,652771,-0.046,-0.703,0.796
65.164,S,652793,0.000,-0.656,0.750
65.194,S,652823,0.000,-0.656,0.750
65.224,S,652854,0.046,-0.703,0.796
65.253,S,652883,0.000,-0.750,0.796
65.276,S,652905,0.000,-0.703,0.703
65.306,S,652936,-0.046,-0.656,0.796
65.336,S,652966,0.000,-0.656,0.796
65.359,S,652988,0.000,-0.703,0.703
65.389,S,653018,0.046,-0.703,0.703
65.411,S,653041,0.000,-0.750,0.750
65.441,S,653070,0.000,-0.703,0.750
65.471,S,653100,0.046,-0.750,0.703
65.501,S,653130,0.046,-0.703,0.750
65.532,S,653160,0.000,-0.703,0.750
65.562,S,653191,0.000,-0.609,0.750
65.592,S,653221,0.046,-0.656,0.750
65.614,S,653243,0.000,-0.703,0.750
65.643,S,653272,0.000,-0.750,0.796
65.665,S,653295,0.000,-0.703,0.750
65.695,S,653324,-0.046,-0.703,0.750
65.725,S,653354,0.000,-0.703,0.750
65.747,S,653376,0.000,-0.703,0.796
65.777,S,653406,0.046,-0.609,0.750
65.800,S,653428,0.000,-0.703,0.750
65.830,S,653459,0.046,-0.750,0.750
65.852,S,653481,-0.046,-0.703,0.750
65.882,S,653510,0.046,-0.796,0.796
65.912,S,653540,0.000,-0.703,0.750
65.942,S,653571,0.000,-0.656,0.703
65.979,READY
65.985,M,STILL
66.015,S,653643,0.000,-0.750,0.750
66.037,S,653666,0.000,-0.750,0.703
66.067,S,653696,0.046,-0.703,0.750
66.098,S,653726,0.000,-0.703,0.750
66.128,S,653756,0.000,-0.703,0.750
66.158,S,653786,0.093,-0.656,0.796
66.188,S,653816,0.046,-0.703,0.750
66.217,S,653845,0.046,-0.750,0.796
66.239,S,653868,0.046,-0.656,0.703
66.269,S,653898,0.046,-0.703,0.750
66.712,S,653928,0.000,-0.703,0.750
66.712,S,653950,0.000,-0.703,0.750
66.712,S,653980,0.000,-0.656,0.703
66.713,S,654011,0.000,-0.703,0.796
66.713,S,654041,0.000,-0.796,0.796
66.713,S,654063,0.000,-0.703,0.750
66.714,S,654092,0.046,-0.703,0.750
66.714,S,654122,-0.046,-0.750,0.750
66.714,S,654152,-0.046,-0.703,0.750
66.714,S,654174,0.046,-0.796,0.750
66.715,S,654203,0.000,-0.703,0.796
66.715,S,654233,0.000,-0.656,0.796
66.715,S,654255,0.000,-0.703,0.796
66.716,S,654284,0.046,-0.656,0.750
66.716,S,654314,0.000,-0.656,0.750
66.716,S,654344,0.046,-0.750,0.750
66.738,S,654366,0.093,-0.656,0.750
66.768,S,654396,0.000,-0.703,0.750
66.798,S,654426,0.046,-0.750,0.796
66.821,S,654448,0.046,-0.703,0.750
66.849,S,654478,0.000,-0.750,0.703
66.880,S,654508,0.000,-0.703,0.703
66.902,S,654530,0.000,-0.750,0.750
66.932,S,654559,-0.046,-0.750,0.703
66.961,S,654589,0.046,-0.703,0.703
66.997,READY
67.004,M,STILL
67.032,S,654660,0.093,-0.703,0.750
67.055,S,654683,0.046,-0.703,0.750
67.084,S,654712,0.000,-0.656,0.750
67.106,S,654734,0.046,-0.703,0.750
67.136,S,654763,0.046,-0.750,0.703
67.158,S,654786,0.046,-0.796,0.750
67.187,S,654815,0.046,-0.703,0.750
67.209,S,654837,0.046,-0.703,0.703
67.238,S,654866,0.000,-0.703,0.750
67.260,S,654888,0.000,-0.750,0.703
67.290,S,654918,-0.046,-0.703,0.750
67.319,S,654947,-0.046,-0.656,0.703
67.350,S,654977,0.046,-0.703,0.750
67.371,S,654998,0.046,-0.750,0.750
67.400,S,655027,0.140,-0.750,0.656
67.430,S,655057,0.046,-0.656,0.750
67.461,S,655088,-0.046,-0.656,0.750
67.490,S,655118,0.000,-0.703,0.750
67.521,S,655148,-0.046,-0.796,0.750
67.543,S,655170,0.046,-0.703,0.703
67.573,S,655200,0.000,-0.656,0.703
67.603,S,655230,0.046,-0.703,0.703
67.634,S,655260,0.046,-0.703,0.750
67.664,S,655291,0.000,-0.750,0.750
67.669,M,MOVING
67.700,S,655327,0.046,-0.656,0.703
67.729,S,655357,0.000,-0.703,0.796
67.760,S,655387,-0.046,-0.750,0.750
67.782,S,655409,0.000,-0.750,0.703
67.813,S,655439,-0.046,-0.656,0.796
67.843,S,655470,0.000,-0.703,0.750
67.873,S,655500,0.000,-0.656,0.750
67.903,S,655530,-0.046,-0.703,0.796
67.933,S,655560,0.046,-0.750,0.796
67.955,S,655582,0.046,-0.796,0.750
67.985,S,655611,0.000,-0.656,0.796
68.022,READY
68.029,M,MOVING
68.058,S,655685,0.000,-0.656,0.750
68.081,S,655708,0.000,-0.656,0.750
68.110,S,655737,0.000,-0.703,0.750
68.132,S,655759,0.000,-0.656,0.703
68.161,S,655788,0.046,-0.703,0.796
68.184,S,655811,0.000,-0.656,0.750
68.213,S,655840,0.000,-0.656,0.750
68.235,S,655862,0.000,-0.562,0.750
68.264,S,655891,0.046,-0.703,0.796
68.287,S,655914,0.093,-0.656,0.750
68.316,S,655943,-0.046,-0.656,0.703
68.346,S,655973,0.046,-0.703,0.750
68.367,S,655995,0.046,-0.656,0.750
68.397,S,656024,0.000,-0.703,0.796
68.420,S,656046,0.046,-0.703,0.750
68.449,S,656075,-0.046,-0.609,0.750
68.479,S,656105,0.046,-0.656,0.750
68.501,S,656127,0.046,-0.750,0.796
68.530,S,656156,0.046,-0.703,0.750
68.552,S,656178,0.093,-0.656,0.750
68.580,S,656207,0.046,-0.656,0.750
68.603,S,656229,0.000,-0.703,0.750
68.632,S,656259,0.000,-0.750,0.796
68.655,S,656281,-0.093,-0.750,0.703
68.684,S,656310,0.000,-0.703,0.750
68.714,S,656340,0.046,-0.703,0.750
68.736,S,656362,0.046,-0.703,0.703
68.765,S,656391,0.046,-0.703,0.750
68.795,S,656421,0.093,-0.703,0.750
68.825,S,656451,-0.046,-0.703,0.750
68.855,S,656481,-0.046,-0.656,0.750
68.877,S,656503,-0.046,-0.750,0.796
68.907,S,656533,0.046,-0.656,0.703
68.936,S,656562,0.093,-0.750,0.750
68.958,S,656584,0.046,-0.656,0.703
68.987,S,656613,0.000,-0.656,0.703
69.023,READY
69.030,M,MOVING
69.059,S,656685,-0.046,-0.703,0.703
69.090,S,656715,-0.140,-0.656,0.843
69.120,S,656745,-0.046,-0.656,0.750
69.150,S,656775,0.046,-0.656,0.750
69.180,S,656805,0.046,-0.703,0.750
69.202,S,656827,-0.046,-0.796,0.796
69.232,S,656858,-0.046,-0.796,0.750
69.254,S,656880,0.000,-0.703,0.656
69.284,S,656909,0.046,-0.796,0.750
69.307,S,656932,-0.046,-0.656,0.750
69.336,S,656962,-0.046,-0.750,0.796
69.366,S,656992,0.000,-0.703,0.750
69.397,S,657022,-0.093,-0.609,0.750
69.419,S,657045,0.000,-0.609,0.796
69.449,S,657074,-0.046,-0.656,0.796
69.479,S,657104,0.000,-0.656,0.750
69.501,S,657126,-0.093,-0.656,0.750
69.530,S,657155,-0.093,-0.656,0.796
69.561,S,657187,-0.140,-0.656,0.796
69.583,S,657209,0.000,-0.656,0.750
69.613,S,657238,0.000,-0.703,0.750
69.643,S,657268,-0.046,-0.609,0.796
69.673,S,657298,0.000,-0.609,0.796
69.696,S,657321,-0.046,-0.656,0.796
69.726,S,657351,0.000,-0.656,0.796
69.748,S,657373,0.000,-0.656,0.796
69.778,S,657403,-0.046,-0.656,0.843
69.806,S,657431,-0.046,-0.609,0.796
69.837,S,657462,0.000,-0.609,0.796
69.867,S,657492,0.000,-0.656,0.796
69.898,S,657522,-0.046,-0.703,0.750
69.927,S,657552,0.000,-0.750,0.703
69.958,S,657582,0.000,-0.656,0.796
69.980,S,657604,0.000,-0.703,0.750
70.010,S,657635,-0.046,-0.703,0.796
70.047,READY
70.053,M,MOVING
70.083,S,657708,0.000,-0.703,0.796
70.105,S,657730,-0.046,-0.703,0.750
70.135,S,657759,0.046,-0.750,0.750
70.164,S,657789,0.046,-0.796,0.750
70.187,S,657811,-0.046,-0.750,0.796
70.217,S,657841,-0.046,-0.656,0.750
70.238,S,657863,0.046,-0.703,0.750
70.268,S,657893,0.093,-0.656,0.750
70.298,S,657923,0.000,-0.750,0.750
70.742,S,657945,0.000,-0.750,0.750
70.743,S,657975,0.000,-0.750,0.750
70.743,S,658004,-0.046,-0.750,0.750
70.743,S,658027,0.000,-0.703,0.750
70.743,S,658058,0.000,-0.703,0.750
70.744,S,658088,0.046,-0.750,0.750
70.744,S,658110,0.093,-0.750,0.703
70.744,S,658139,0.000,-0.750,0.703
70.745,S,658169,0.000,-0.750,0.750
70.745,S,658199,0.046,-0.750,0.703
70.745,S,658221,-0.046,-0.703,0.703
70.746,S,658251,0.093,-0.703,0.703
70.746,S,658273,0.046,-0.750,0.796
70.746,S,658302,0.046,-0.750,0.750
70.746,S,658332,0.046,-0.703,0.750
70.747,S,658362,0.000,-0.750,0.750
70.768,S,658392,0.000,-0.703,0.750
70.798,S,658421,-0.046,-0.703,0.750
70.828,S,658452,0.046,-0.750,0.703
70.857,S,658482,0.093,-0.703,0.750
70.879,S,658504,0.046,-0.750,0.750
70.909,S,658533,0.000,-0.703,0.703
70.915,M,STILL
70.945,S,658569,0.000,-0.750,0.750
70.976,S,658599,0.046,-0.750,0.750
71.006,S,658630,0.000,-0.750,0.656
71.029,S,658652,0.046,-0.703,0.703
71.066,READY
71.073,M,STILL
71.102,S,658726,0.000,-0.656,0.796
71.132,S,658756,0.046,-0.796,0.703
71.154,S,658778,0.000,-0.796,0.703
71.184,S,658808,-0.093,-0.750,0.703
71.215,S,658839,0.000,-0.750,0.703
71.245,S,658869,-0.046,-0.656,0.750
71.268,S,658891,0.000,-0.656,0.703
71.298,S,658922,0.000,-0.703,0.703
71.320,S,658944,0.046,-0.750,0.703
71.349,S,658973,0.046,-0.796,0.750
71.371,S,658995,0.000,-0.656,0.750
71.402,S,659025,0.046,-0.656,0.750
71.432,S,659055,0.046,-0.703,0.750
71.439,M,MOVING
71.469,S,659092,0.046,-0.703,0.750
71.492,S,659115,0.046,-0.750,0.656
71.522,S,659145,0.046,-0.750,0.750
71.552,S,659175,0.046,-0.703,0.703
71.574,S,659197,0.046,-0.703,0.750
71.603,S,659226,0.000,-0.703,0.703
71.625,S,659248,0.000,-0.750,0.703
71.654,S,659277,0.093,-0.703,0.703
71.684,S,659306,0.046,-0.750,0.750
71.705,S,659329,0.046,-0.703,0.750
71.735,S,659359,0.046,-0.703,0.750
71.767,S,659389,0.046,-0.750,0.750
71.797,S,659420,0.000,-0.750,0.750
71.827,S,659450,0.046,-0.703,0.703
71.856,S,659480,0.046,-0.703,0.703
71.880,S,659502,0.000,-0.703,0.750
71.886,M,STILL
71.917,S,659539,0.000,-0.656,0.750
71.946,S,659570,0.000,-0.656,0.750
71.969,S,659592,0.000,-0.703,0.750
71.998,S,659621,0.046,-0.703,0.750
72.028,S,659651,0.046,-0.703,0.703
72.050,S,659673,0.000,-0.703,0.750
72.087,READY
72.093,M,STILL
72.122,S,659745,0.000,-0.703,0.750
72.145,S,659767,0.000,-0.656,0.703
72.174,S,659797,0.046,-0.750,0.750
72.197,S,659820,0.000,-0.703,0.703
72.229,S,659851,0.046,-0.750,0.750
72.259,S,659881,0.046,-0.656,0.703
72.289,S,659911,0.000,-0.750,0.750
72.319,S,659941,0.046,-0.703,0.750
72.349,S,659971,0.000,-0.703,0.750
72.371,S,659994,0.000,-0.750,0.703
72.400,S,660023,0.046,-0.796,0.750
72.423,S,660045,0.046,-0.750,0.656
72.452,S,660074,0.046,-0.703,0.750
72.481,S,660104,0.046,-0.703,0.796
72.504,S,660127,0.000,-0.703,0.703
72.534,S,660156,0.046,-0.703,0.703
72.564,S,660186,0.000,-0.796,0.656
72.586,S,660208,0.000,-0.703,0.703
72.615,S,660237,0.000,-0.703,0.703
72.637,S,660260,0.093,-0.796,0.703
72.668,S,660290,0.093,-0.750,0.703
72.690,S,660312,0.093,-0.703,0.750
72.720,S,660342,0.000,-0.656,0.796
72.750,S,660372,0.093,-0.703,0.750
72.772,S,660394,0.046,-0.750,0.703
72.801,S,660423,0.000,-0.750,0.703
72.830,S,660453,0.046,-0.750,0.750
72.853,S,660475,0.046,-0.750,0.703
72.882,S,660504,0.000,-0.656,0.750
72.904,S,660526,0.000,-0.656,0.750
72.934,S,660555,0.000,-0.703,0.750
72.964,S,660585,-0.046,-0.703,0.750
72.994,S,660616,0.093,-0.703,0.703
73.024,S,660646,0.000,-0.656,0.750
73.046,S,660668,0.000,-0.796,0.703
73.076,S,660697,0.000,-0.750,0.750
73.111,READY
73.118,M,STILL
73.148,S,660769,0.000,-0.796,0.703
73.177,S,660798,0.000,-0.796,0.750
73.199,S,660821,0.046,-0.750,0.750
73.230,S,660851,0.000,-0.796,0.703
73.260,S,660881,0.046,-0.703,0.750
73.282,S,660903,0.000,-0.703,0.750
73.311,S,660932,0.046,-0.703,0.796
73.340,S,660961,0.000,-0.703,0.703
73.371,S,660992,-0.046,-0.750,0.750
73.401,S,661022,0.000,-0.703,0.703
73.423,S,661044,0.046,-0.703,0.750
73.453,S,661075,0.093,-0.703,0.703
73.484,S,661105,0.046,-0.750,0.750
73.514,S,661135,0.000,-0.750,0.750
73.544,S,661165,0.093,-0.703,0.750
73.574,S,661195,0.046,-0.750,0.703
73.596,S,661217,0.046,-0.703,0.703
73.626,S,661247,0.000,-0.703,0.796
73.656,S,661277,0.046,-0.750,0.750
73.686,S,661307,0.093,-0.750,0.703
73.716,S,661337,0.000,-0.656,0.750
73.746,S,661367,0.046,-0.703,0.703
73.776,S,661397,0.000,-0.796,0.750
73.808,S,661429,0.046,-0.703,0.703
73.838,S,661459,0.000,-0.750,0.750
73.868,S,661489,0.046,-0.750,0.750
73.899,S,661519,0.000,-0.796,0.703
73.929,S,661549,0.000,-0.703,0.750
73.950,S,661572,0.046,-0.703,0.703
73.980,S,661601,0.046,-0.750,0.703
74.010,S,661631,0.046,-0.750,0.703
74.040,S,661661,0.046,-0.750,0.750
74.070,S,661691,0.046,-0.703,0.703
74.101,S,661721,0.046,-0.750,0.750
74.136,READY
74.142,M,STILL
74.171,S,661792,0.000,-0.750,0.703
74.194,S,661814,0.000,-0.750,0.703
74.224,S,661844,0.000,-0.796,0.703
74.253,S,661873,0.000,-0.750,0.703
74.275,S,661896,0.046,-0.796,0.656
74.304,S,661925,-0.046,-0.703,0.656
74.752,S,661955,-0.046,-0.609,0.750
74.752,S,661985,0.046,-0.750,0.703
74.753,S,662015,0.000,-0.796,0.656
74.753,S,662045,0.046,-0.750,0.703
74.753,S,662075,0.046,-0.703,0.703
74.754,S,662106,0.093,-0.750,0.750
74.754,S,662128,0.093,-0.656,0.750
74.754,S,662157,0.046,-0.703,0.750
74.754,S,662187,0.046,-0.703,0.750
74.755,S,662209,0.000,-0.750,0.796
74.755,S,662238,0.000,-0.703,0.703
74.755,S,662260,0.046,-0.703,0.703
74.756,S,662291,0.046,-0.703,0.750
74.756,S,662313,0.000,-0.796,0.703
74.756,M,MOVING
74.756,S,662349,0.046,-0.750,0.750
74.759,S,662380,0.046,-0.796,0.750
74.789,S,662410,0.046,-0.750,0.703
74.812,S,662432,0.000,-0.703,0.750
74.841,S,662461,0.000,-0.703,0.703
74.863,S,662483,0.000,-0.656,0.703
74.893,S,662514,0.000,-0.703,0.750
74.925,S,662545,0.000,-0.656,0.703
74.955,S,662575,0.000,-0.703,0.703
74.978,S,662597,0.000,-0.750,0.750
75.006,S,662626,0.000,-0.656,0.750
75.036,S,662656,0.000,-0.703,0.703
75.067,S,662686,-0.046,-0.703,0.656
75.097,S,662716,0.000,-0.703,0.750
75.127,S,662747,0.000,-0.750,0.750
75.163,READY
75.171,M,MOVING
75.199,S,662819,0.046,-0.750,0.796
75.206,M,STILL
75.236,S,662856,0.000,-0.703,0.750
75.259,S,662878,0.000,-0.750,0.750
75.289,S,662909,0.000,-0.750,0.750
75.312,S,662931,0.000,-0.750,0.703
75.342,S,662961,0.000,-0.796,0.750
75.371,S,662990,0.000,-0.843,0.703
75.392,S,663012,0.046,-0.750,0.703
75.421,S,663042,0.000,-0.703,0.703
75.444,S,663064,0.000,-0.750,0.750
75.473,S,663093,0.046,-0.796,0.750
75.504,S,663123,0.000,-0.703,0.656
75.526,S,663145,0.046,-0.703,0.703
75.556,S,663176,-0.046,-0.796,0.750
75.587,S,663206,-0.046,-0.750,0.703
75.617,S,663236,0.046,-0.750,0.750
75.639,S,663258,-0.046,-0.796,0.703
75.668,S,663288,0.000,-0.750,0.703
75.691,S,663310,0.000,-0.703,0.750
75.720,S,663339,0.000,-0.703,0.703
75.750,S,663369,0.000,-0.750,0.703
75.780,S,663399,0.046,-0.703,0.703
75.803,S,663421,0.046,-0.703,0.703
75.832,S,663451,0.000,-0.750,0.703
75.862,S,663481,0.000,-0.796,0.703
75.892,S,663511,0.046,-0.703,0.656
75.922,S,663541,0.046,-0.703,0.703
75.952,S,663571,0.000,-0.750,0.750
75.975,S,663594,0.000,-0.796,0.703
76.004,S,663623,0.000,-0.750,0.656
76.026,S,663645,0.046,-0.703,0.750
76.056,S,663675,0.000,-0.750,0.750
76.079,S,663697,0.000,-0.750,0.750
76.109,S,663728,0.000,-0.609,0.703
76.139,S,663758,0.093,-0.750,0.703
76.175,READY
76.182,M,STILL
76.211,S,663830,-0.046,-0.609,0.750
76.233,S,663852,0.000,-0.703,0.796
76.262,S,663881,-0.046,-0.750,0.750
76.293,S,663911,-0.140,-0.703,0.750
76.314,S,663933,-0.140,-0.703,0.750
76.345,S,663963,-0.140,-0.750,0.703
76.374,S,663993,-0.093,-0.750,0.703
76.404,S,664023,-0.046,-0.750,0.750
76.434,S,664053,-0.140,-0.796,0.656
76.442,M,MOVING
76.471,S,664090,-0.046,-0.843,0.703
76.502,S,664120,0.046,-0.796,0.703
76.524,S,664142,-0.093,-0.703,0.656
76.553,S,664172,-0.093,-0.750,0.656
76.575,S,664194,0.000,-0.796,0.703
76.604,S,664223,-0.046,-0.796,0.750
76.634,S,664253,-0.046,-0.843,0.703
76.664,S,664283,-0.187,-0.703,0.750
76.687,S,664305,-0.234,-0.562,0.750
76.716,S,664335,-0.187,-0.562,0.703
76.747,S,664365,-0.187,-0.562,0.750
76.777,S,664395,-0.187,-0.656,0.703
76.800,S,664418,-0.234,-0.656,0.796
76.830,S,664448,-0.140,-0.609,0.796
76.860,S,664478,-0.093,-0.750,0.750
76.882,S,664500,-0.140,-0.703,0.703
76.913,S,664530,-0.187,-0.656,0.703
76.943,S,664561,-0.234,-0.703,0.843
76.973,S,664591,-0.140,-0.656,0.750
77.003,S,664621,-0.140,-0.656,0.796
77.033,S,664651,0.000,-0.750,0.890
77.064,S,664681,-0.046,-0.843,0.796
77.094,S,664712,-0.140,-0.750,0.796
77.124,S,664742,-0.234,-0.562,0.890
77.154,S,664772,-0.281,-0.515,0.890
77.192,READY
77.198,M,MOVING
77.227,S,664845,-0.281,-0.281,0.703
77.257,S,664875,-0.234,-0.281,0.750
77.288,S,664905,-0.046,-0.656,0.750
77.317,S,664935,-0.046,-0.515,0.609
77.341,S,664959,-0.234,-0.375,0.703
77.371,S,664989,-0.421,-0.375,0.750
77.401,S,665019,-0.328,-0.421,0.750
77.431,S,665049,-0.375,-0.375,0.656
77.461,S,665079,-0.421,-0.281,0.609
77.484,S,665101,-0.375,-0.328,0.562
77.514,S,665132,-0.515,-0.609,1.078
77.545,S,665162,-0.890,-1.125,1.453
77.574,S,665192,-0.281,-0.750,0.750
77.604,S,665222,0.000,-0.421,0.281
77.626,S,665244,0.140,-0.375,0.421
77.656,S,665273,-0.046,-0.375,0.562
77.662,M,WRITING
77.692,S,665309,-0.046,-0.421,0.656
77.722,S,665339,-0.093,-0.515,0.750
77.745,S,665361,-0.140,-0.703,0.890
77.775,S,665392,-0.328,-0.937,1.312
77.805,S,665422,-0.140,-0.515,0.703
77.835,S,665452,-0.140,-0.562,0.656
77.865,S,665482,-0.234,-0.750,0.796
77.895,S,665512,-0.093,-0.703,0.750
77.925,S,665542,-0.093,-0.750,0.750
77.947,S,665564,-0.140,-0.703,0.750
77.977,S,665594,-0.140,-0.750,0.750
77.999,S,665616,-0.046,-0.703,0.750
78.030,S,665647,-0.046,-0.703,0.750
78.060,S,665676,-0.046,-0.703,0.703
78.090,S,665706,-0.046,-0.703,0.750
78.120,S,665736,-0.093,-0.750,0.796
78.142,S,665759,-0.093,-0.703,0.750
78.173,S,665789,-0.046,-0.703,0.703
78.210,READY
78.216,M,WRITING
78.245,S,665862,-0.046,-0.750,0.750
78.275,S,665892,-0.140,-0.750,0.796
78.297,S,665914,-0.093,-0.703,0.703
78.328,S,665945,-0.140,-0.796,0.703
78.754,S,665975,-0.046,-0.656,0.750
78.754,S,665997,-0.093,-0.750,0.703
78.754,S,666026,-0.093,-0.703,0.703
78.755,S,666056,-0.046,-0.656,0.750
78.755,S,666078,0.000,-0.656,0.750
78.755,M,MOVING
78.755,S,666114,-0.046,-0.750,0.750
78.756,S,666144,0.000,-0.750,0.750
78.756,S,666174,-0.046,-0.703,0.703
78.756,S,666204,-0.046,-0.750,0.750
78.757,S,666234,-0.046,-0.843,0.703
78.757,S,666263,-0.093,-0.796,0.750
78.757,S,666286,-0.140,-0.796,0.656
78.757,S,666315,-0.093,-0.937,0.750
78.758,S,666345,0.000,-0.796,0.750
78.758,S,666375,0.046,-0.750,0.656
78.789,S,666406,-0.046,-0.656,0.656
78.819,S,666436,0.000,-0.562,0.656
78.849,S,666466,0.000,-0.609,0.703
78.880,S,666496,-0.046,-0.703,0.703
78.910,S,666526,-0.046,-0.750,0.750
78.941,S,666557,-0.093,-0.703,0.703
78.963,S,666579,-0.093,-0.750,0.750
78.993,S,666609,-0.046,-0.796,0.750
79.023,S,666639,-0.093,-0.843,0.750
79.053,S,666670,0.000,-0.796,0.750
79.084,S,666700,-0.046,-0.703,0.703
79.114,S,666730,-0.046,-0.703,0.703
79.135,S,666752,0.000,-0.703,0.703
79.166,S,666782,-0.046,-0.609,0.656
79.196,S,666812,0.000,-0.656,0.656
79.234,READY
79.241,M,MOVING
79.270,S,666886,-0.046,-0.750,0.750
79.300,S,666916,0.000,-0.796,0.750
79.330,S,666946,0.000,-0.890,0.703
79.360,S,666976,0.000,-0.750,0.656
79.383,S,666998,0.000,-0.796,0.656
79.413,S,667029,0.000,-0.750,0.656
79.443,S,667059,0.000,-0.703,0.703
79.473,S,667089,0.000,-0.703,0.750
79.504,S,667119,-0.046,-0.796,0.703
79.534,S,667150,0.000,-0.750,0.703
79.556,S,667172,-0.046,-0.796,0.656
79.586,S,667202,0.000,-0.796,0.656
79.609,S,667224,-0.093,-0.796,0.656
79.637,S,667253,0.000,-0.796,0.656
79.660,S,667275,0.000,-0.703,0.750
79.689,S,667304,0.000,-0.796,0.703
79.719,S,667334,-0.046,-0.703,0.656
79.748,S,667363,0.000,-0.750,0.656
79.778,S,667393,0.000,-0.796,0.703
79.808,S,667424,-0.046,-0.843,0.703
79.838,S,667454,0.046,-0.750,0.703
79.868,S,667484,0.000,-0.750,0.656
79.891,S,667506,0.000,-0.750,0.656
79.920,S,667535,-0.046,-0.796,0.656
79.942,S,667557,0.000,-0.796,0.703
79.972,S,667588,0.046,-0.750,0.656
79.995,S,667610,0.046,-0.796,0.703
80.025,S,667640,0.046,-0.796,0.656
80.048,S,667663,0.000,-0.796,0.703
80.077,S,667692,0.000,-0.750,0.656
80.099,S,667714,-0.046,-0.750,0.703
80.129,S,667745,0.000,-0.796,0.703
80.158,S,667774,-0.046,-0.750,0.656
80.180,S,667795,0.000,-0.796,0.703
80.209,S,667824,-0.046,-0.750,0.656
80.245,READY
80.252,M,MOVING
80.282,S,667897,-0.046,-0.796,0.703
80.288,M,STILL
80.319,S,667934,0.000,-0.843,0.703
80.341,S,667956,0.000,-0.796,0.750
80.371,S,667986,0.000,-0.796,0.656
80.394,S,668009,0.046,-0.750,0.656
80.423,S,668038,-0.046,-0.796,0.703
80.453,S,668068,-0.046,-0.843,0.703
80.476,S,668090,-0.046,-0.703,0.703
80.505,S,668120,-0.046,-0.750,0.656
80.534,S,668149,0.000,-0.750,0.656
80.556,S,668171,0.000,-0.796,0.656
80.585,S,668200,0.000,-0.843,0.703
80.615,S,668230,0.046,-0.796,0.703
80.638,S,668252,0.046,-0.796,0.703
80.668,S,668283,0.000,-0.796,0.703
80.697,S,668312,0.046,-0.796,0.703
80.727,S,668342,-0.046,-0.796,0.656
80.758,S,668372,0.000,-0.843,0.750
80.788,S,668402,-0.046,-0.750,0.656
80.818,S,668432,0.046,-0.796,0.703
80.840,S,668455,0.000,-0.750,0.656
80.868,S,668483,0.000,-0.796,0.656
80.891,S,668505,0.000,-0.750,0.703
80.920,S,668534,0.000,-0.796,0.703
80.950,S,668564,0.000,-0.796,0.703
80.972,S,668586,0.000,-0.796,0.703
81.001,S,668616,0.000,-0.796,0.703
81.031,S,668645,0.000,-0.843,0.656
81.053,S,668667,-0.046,-0.843,0.656
81.082,S,668696,0.046,-0.796,0.703
81.105,S,668719,0.000,-0.750,0.703
81.134,S,668748,0.000,-0.796,0.656
81.164,S,668778,0.000,-0.750,0.703
81.195,S,668808,0.046,-0.796,0.656
81.217,S,668830,0.000,-0.796,0.703
81.252,READY
81.259,M,STILL
81.288,S,668902,0.000,-0.796,0.656
81.309,S,668923,0.046,-0.796,0.703
81.340,S,668954,0.000,-0.750,0.703
81.370,S,668984,-0.046,-0.843,0.656
81.400,S,669014,-0.046,-0.796,0.703
81.430,S,669044,0.000,-0.843,0.656
81.460,S,669074,0.000,-0.703,0.656
81.482,S,669096,-0.046,-0.796,0.703
81.512,S,669126,0.000,-0.750,0.656
81.534,S,669148,-0.046,-0.796,0.703
81.563,S,669177,-0.046,-0.750,0.703
81.586,S,669200,0.046,-0.750,0.656
81.616,S,669230,0.000,-0.750,0.656
81.650,S,669260,-0.046,-0.796,0.656
81.680,S,669292,-0.046,-0.750,0.656
81.709,S,669323,0.000,-0.796,0.703
81.732,S,669345,-0.046,-0.750,0.703
81.762,S,669375,-0.046,-0.796,0.703
81.792,S,669406,0.046,-0.750,0.703
81.815,S,669428,0.000,-0.796,0.703
81.845,S,669458,-0.046,-0.843,0.703
81.867,S,669481,0.000,-0.796,0.656
81.897,S,669510,0.046,-0.796,0.656
81.919,S,669532,0.000,-0.703,0.703
81.948,S,669561,0.000,-0.796,0.656
81.978,S,669591,0.046,-0.750,0.703
82.008,S,669622,0.000,-0.843,0.703
82.031,S,669644,0.000,-0.750,0.703
82.060,S,669673,-0.046,-0.796,0.703
82.091,S,669704,0.000,-0.750,0.703
82.113,S,669726,0.046,-0.750,0.656
82.143,S,669755,-0.046,-0.750,0.656
82.173,S,669786,-0.046,-0.750,0.656
82.203,S,669816,0.000,-0.703,0.656
82.233,S,669846,-0.046,-0.750,0.703
82.270,READY
82.277,M,STILL
82.306,S,669920,0.046,-0.796,0.703
82.329,S,669942,-0.046,-0.796,0.656
82.776,S,669970,-0.046,-0.843,0.750
82.776,S,669993,-0.046,-0.843,0.703
82.776,S,670023,0.000,-0.843,0.703
82.777,S,670053,0.000,-0.796,0.656
82.777,S,670075,-0.046,-0.796,0.656
82.777,S,670106,0.000,-0.750,0.750
82.777,S,670136,-0.046,-0.796,0.703
82.778,S,670166,-0.046,-0.796,0.656
82.778,S,670196,0.046,-0.796,0.656
82.778,S,670218,0.046,-0.796,0.656
82.778,S,670248,0.000,-0.750,0.656
82.779,S,670278,0.000,-0.750,0.656
82.779,S,670308,0.000,-0.750,0.703
82.779,S,670338,-0.046,-0.750,0.656
82.780,S,670360,0.046,-0.750,0.656
82.780,S,670389,0.000,-0.796,0.703
82.807,S,670420,0.000,-0.843,0.703
82.837,S,670450,0.000,-0.796,0.703
82.860,S,670472,0.000,-0.796,0.703
82.890,S,670502,0.046,-0.750,0.703
82.912,S,670525,-0.046,-0.750,0.703
82.942,S,670555,0.000,-0.796,0.656
82.973,S,670585,-0.046,-0.796,0.703
82.995,S,670607,0.000,-0.796,0.703
83.024,S,670637,0.046,-0.796,0.703
83.047,S,670659,-0.046,-0.796,0.703
83.077,S,670689,0.000,-0.750,0.656
83.106,S,670719,0.000,-0.796,0.656
83.137,S,670749,0.000,-0.796,0.703
83.159,S,670771,0.000,-0.750,0.703
83.190,S,670802,0.000,-0.703,0.609
83.220,S,670832,0.000,-0.796,0.703
83.250,S,670862,-0.046,-0.750,0.656
83.287,READY
83.294,M,STILL
83.323,S,670935,0.000,-0.750,0.656
83.353,S,670965,0.000,-0.843,0.656
83.383,S,670995,-0.046,-0.796,0.703
83.413,S,671025,0.000,-0.796,0.656
83.442,S,671055,0.000,-0.796,0.656
83.473,S,671085,-0.046,-0.750,0.656
83.495,S,671107,0.093,-0.796,0.609
83.524,S,671136,0.000,-0.796,0.656
83.546,S,671158,0.046,-0.843,0.656
83.575,S,671187,0.000,-0.796,0.656
83.598,S,671209,-0.046,-0.750,0.609
83.628,S,671240,0.000,-0.796,0.656
83.658,S,671270,0.000,-0.890,0.703
83.681,S,671292,0.000,-0.796,0.703
83.710,S,671321,0.000,-0.750,0.656
83.740,S,671351,0.046,-0.796,0.703
83.762,S,671373,0.000,-0.843,0.656
83.792,S,671404,0.000,-0.843,0.703
83.822,S,671434,0.000,-0.796,0.656
83.845,S,671456,0.000,-0.796,0.703
83.874,S,671485,0.046,-0.796,0.656
83.904,S,671516,0.046,-0.796,0.703
83.935,S,671546,0.000,-0.750,0.703
83.957,S,671568,0.046,-0.796,0.656
83.987,S,671598,0.000,-0.796,0.656
84.018,S,671629,0.000,-0.796,0.750
84.048,S,671659,0.093,-0.750,0.703
84.070,S,671681,0.000,-0.796,0.703
84.100,S,671711,0.000,-0.750,0.703
84.130,S,671741,0.000,-0.750,0.750
84.160,S,671771,-0.046,-0.703,0.656
84.190,S,671801,0.046,-0.796,0.656
84.212,S,671824,0.000,-0.750,0.656
84.241,S,671853,-0.046,-0.750,0.703
84.264,S,671875,-0.046,-0.796,0.656
84.300,READY
84.308,M,STILL
84.337,S,671948,-0.046,-0.796,0.656
84.359,S,671970,0.093,-0.843,0.656
84.388,S,671999,0.000,-0.796,0.656
84.418,S,672029,0.000,-0.750,0.703
84.448,S,672059,0.046,-0.843,0.703
84.471,S,672081,0.000,-0.750,0.656
84.500,S,672110,0.046,-0.796,0.703
84.530,S,672141,-0.046,-0.796,0.656
84.560,S,672171,-0.046,-0.843,0.609
84.583,S,672193,0.046,-0.843,0.656
84.611,S,672222,0.046,-0.843,0.703
84.634,S,672245,0.000,-0.843,0.703
84.663,S,672274,0.000,-0.796,0.656
84.685,S,672296,0.000,-0.750,0.656
84.715,S,672325,0.000,-0.796,0.656
84.745,S,672355,0.046,-0.796,0.703
84.775,S,672385,0.046,-0.750,0.656
84.805,S,672416,0.046,-0.750,0.703
84.835,S,672446,0.046,-0.843,0.656
84.865,S,672476,0.000,-0.843,0.703
84.888,S,672498,0.046,-0.796,0.656
84.918,S,672528,0.000,-0.796,0.703
84.948,S,672559,0.000,-0.843,0.656
84.971,S,672581,-0.046,-0.843,0.656
85.000,S,672610,0.000,-0.796,0.609
85.030,S,672640,0.000,-0.796,0.656
85.061,S,672671,-0.046,-0.750,0.703
85.091,S,672701,0.000,-0.796,0.656
85.121,S,672732,0.046,-0.843,0.656
85.152,S,672762,0.046,-0.796,0.656
85.182,S,672792,-0.046,-0.796,0.656
85.212,S,672822,0.046,-0.843,0.656
85.242,S,672852,0.046,-0.843,0.656
85.272,S,672882,0.000,-0.750,0.703
85.310,READY
85.317,M,STILL
85.346,S,672956,0.000,-0.843,0.656
85.368,S,672978,0.046,-0.843,0.656
85.399,S,673009,0.000,-0.796,0.609
85.421,S,673031,0.000,-0.796,0.656
85.451,S,673061,0.000,-0.843,0.656
85.474,S,673083,0.046,-0.890,0.656
85.504,S,673114,0.000,-0.750,0.656
85.526,S,673136,-0.046,-0.796,0.609
85.555,S,673165,0.000,-0.796,0.609
85.577,S,673187,0.046,-0.796,0.703
85.607,S,673217,0.000,-0.796,0.609
85.630,S,673239,0.046,-0.796,0.609
85.660,S,673269,0.046,-0.796,0.703
85.691,S,673300,0.000,-0.796,0.656
85.720,S,673330,0.093,-0.750,0.703
85.743,S,673352,0.046,-0.750,0.750
85.773,S,673382,0.046,-0.750,0.703
85.802,S,673411,0.046,-0.796,0.703
85.832,S,673442,0.046,-0.796,0.656
85.854,S,673464,0.046,-0.843,0.656
85.884,S,673494,-0.046,-0.750,0.656
85.915,S,673524,0.000,-0.796,0.656
85.945,S,673555,-0.046,-0.796,0.656
85.975,S,673585,0.000,-0.750,0.703
85.997,S,673607,0.046,-0.750,0.703
86.027,S,673637,0.046,-0.796,0.656
86.058,S,673667,0.046,-0.796,0.656
86.087,S,673697,0.046,-0.796,0.656
86.117,S,673727,0.000,-0.796,0.656
86.147,S,673757,0.046,-0.890,0.656
86.169,S,673779,0.000,-0.843,0.703
86.198,S,673808,0.046,-0.703,0.656
86.221,S,673830,0.000,-0.796,0.703
86.250,S,673859,0.000,-0.796,0.609
86.280,S,673889,0.000,-0.843,0.703
86.315,READY
86.322,M,STILL
86.351,S,673960,0.000,-0.796,0.703
86.795,S,673991,0.000,-0.796,0.609
86.795,S,674013,0.046,-0.796,0.609
86.795,S,674042,0.000,-0.796,0.703
86.795,S,674064,0.000,-0.796,0.703
86.796,S,674093,0.000,-0.796,0.703
86.796,S,674122,0.046,-0.796,0.703
86.796,S,674153,0.000,-0.796,0.656
86.797,S,674183,0.000,-0.843,0.656
86.797,S,674213,0.046,-0.796,0.703
86.797,S,674235,0.000,-0.796,0.656
86.797,S,674265,0.046,-0.843,0.656
86.798,S,674296,0.000,-0.796,0.656
86.798,S,674318,0.000,-0.796,0.656
86.798,S,674347,0.093,-0.796,0.609
86.799,S,674369,0.000,-0.796,0.656
86.799,S,674398,0.000,-0.843,0.656
86.820,S,674429,0.000,-0.843,0.703
86.842,S,674451,0.000,-0.796,0.703
86.871,S,674480,0.046,-0.796,0.609
86.893,S,674502,0.000,-0.796,0.656
86.923,S,674531,0.000,-0.796,0.609
86.946,S,674554,0.000,-0.843,0.656
86.975,S,674583,0.046,-0.796,0.609
87.005,S,674613,0.000,-0.843,0.609
87.027,S,674635,0.046,-0.890,0.609
87.056,S,674665,0.046,-0.796,0.656
87.078,S,674687,0.000,-0.750,0.656
87.108,S,674716,0.000,-0.843,0.609
87.130,S,674738,0.000,-0.703,0.703
87.160,S,674768,0.046,-0.796,0.703
87.190,S,674798,0.046,-0.843,0.703
87.220,S,674829,0.000,-0.750,0.656
87.250,S,674859,0.000,-0.890,0.609
87.281,S,674889,0.000,-0.843,0.703
87.318,READY
87.325,M,STILL
87.354,S,674963,0.046,-0.796,0.656
87.377,S,674985,0.046,-0.843,0.656
87.406,S,675015,0.000,-0.796,0.656
87.429,S,675037,-0.046,-0.843,0.656
87.457,S,675066,0.000,-0.750,0.703
87.480,S,675088,0.000,-0.843,0.656
87.509,S,675118,0.046,-0.796,0.609
87.532,S,675140,0.000,-0.750,0.656
87.561,S,675169,0.000,-0.843,0.656
87.583,S,675191,0.000,-0.750,0.750
87.613,S,675222,0.046,-0.703,0.703
87.636,S,675244,-0.046,-0.750,0.703
87.666,S,675274,0.000,-0.750,0.796
87.688,S,675296,-0.046,-0.656,0.796
87.717,S,675325,0.000,-0.750,0.750
87.748,S,675355,-0.046,-0.703,0.750
87.778,S,675386,-0.093,-0.750,0.750
87.808,S,675416,-0.093,-0.656,0.750
87.838,S,675446,-0.046,-0.750,0.796
87.844,M,MOVING
87.874,S,675482,-0.093,-0.703,0.750
87.904,S,675512,0.000,-0.656,0.796
87.935,S,675542,-0.046,-0.703,0.750
87.957,S,675564,-0.046,-0.703,0.750
87.986,S,675593,-0.093,-0.703,0.796
88.015,S,675622,-0.046,-0.703,0.750
88.037,S,675644,-0.046,-0.750,0.703
88.066,S,675673,-0.093,-0.750,0.796
88.096,S,675703,-0.093,-0.703,0.750
88.126,S,675734,-0.093,-0.609,0.750
88.149,S,675756,-0.093,-0.656,0.703
88.179,S,675786,-0.140,-0.703,0.750
88.208,S,675815,-0.046,-0.750,0.750
88.238,S,675845,0.046,-0.703,0.750
88.261,S,675868,0.046,-0.750,0.703
88.290,S,675897,-0.093,-0.890,0.796
88.327,READY
88.334,M,MOVING
88.363,S,675970,-0.140,-0.562,0.703
88.386,S,675992,-0.093,-0.562,0.750
88.415,S,676022,0.000,-0.609,0.703
88.445,S,676052,0.046,-0.656,0.656
88.467,S,676074,-0.046,-0.703,0.703
88.497,S,676103,-0.140,-0.750,0.796
88.527,S,676134,-0.140,-0.609,0.796
88.558,S,676165,-0.187,-0.562,0.750
88.588,S,676195,-0.140,-0.609,0.843
88.618,S,676225,0.000,-0.562,0.750
88.648,S,676255,0.046,-0.609,0.609
88.679,S,676285,-0.046,-0.515,0.562
88.701,S,676308,-0.046,-0.656,0.656
88.731,S,676338,-0.234,-0.796,0.890
88.761,S,676368,-0.187,-0.796,0.937
88.784,S,676390,-0.140,-0.796,0.890
88.814,S,676421,-0.093,-0.656,0.843
88.844,S,676451,-0.046,-0.562,0.750
88.874,S,676481,0.046,-0.468,0.750
88.905,S,676511,-0.093,-0.515,0.703
88.927,S,676533,-0.140,-0.703,0.796
88.956,S,676562,-0.234,-0.796,0.796
88.986,S,676593,-0.046,-0.609,0.750
89.016,S,676623,-0.234,-0.750,0.703
89.046,S,676653,-0.281,-0.843,0.890
89.069,S,676675,-0.234,-0.843,0.796
89.098,S,676704,-0.140,-0.750,0.937
89.128,S,676734,-0.281,-0.515,0.937
89.157,S,676764,-0.281,-0.468,0.796
89.164,M,WRITING
89.195,S,676801,-0.281,-0.421,0.796
89.217,S,676823,-0.375,-0.281,0.750
89.246,S,676852,-0.328,-0.281,0.656
89.268,S,676874,-0.281,-0.375,0.703
89.298,S,676904,-0.187,-0.515,0.796
89.336,READY
89.343,M,WRITING
89.372,S,676978,-0.140,-0.703,0.656
89.394,S,677000,-0.093,-0.750,0.703
89.423,S,677030,-0.234,-0.750,0.750
89.453,S,677060,-0.187,-0.703,0.703
89.476,S,677082,-0.187,-0.609,0.703
89.505,S,677111,-0.234,-0.562,0.656
89.527,S,677133,-0.281,-0.609,0.750
89.556,S,677162,-0.234,-0.562,0.703
89.578,S,677184,-0.281,-0.609,0.703
89.608,S,677213,-0.281,-0.609,0.656
89.638,S,677244,-0.234,-0.656,0.703
89.668,S,677274,-0.187,-0.703,0.703
89.690,S,677296,-0.140,-0.703,0.796
89.721,S,677326,-0.140,-0.656,0.796
89.751,S,677356,-0.187,-0.562,0.750
89.780,S,677385,-0.140,-0.468,0.703
89.810,S,677415,-0.187,-0.421,0.656
89.832,S,677438,-0.281,-0.468,0.703
89.861,S,677466,-0.515,-1.031,1.453
89.891,S,677497,-0.187,-0.140,0.656
89.921,S,677527,0.000,-0.187,0.421
89.951,S,677557,-0.234,-0.750,0.890
89.974,S,677579,-0.234,-0.656,0.890
90.004,S,677609,-0.234,-0.468,0.750
90.035,S,677640,-0.281,-0.421,0.796
90.065,S,677670,-0.234,-0.515,0.890
90.087,S,677693,-0.281,-0.609,0.843
90.118,S,677723,-0.328,-0.468,0.843
90.149,S,677754,-0.328,-0.421,0.796
90.179,S,677784,-0.281,-0.375,0.843
90.209,S,677814,-0.281,-0.281,0.796
90.239,S,677845,-0.328,-0.328,0.890
90.269,S,677875,-0.281,-0.375,0.890
90.300,S,677905,-0.187,-0.421,0.843
90.335,READY
90.342,M,WRITING
90.371,S,677976,-0.187,-0.515,0.796
90.697,S,678006,-0.140,-0.609,0.890
90.698,S,678028,-0.234,-0.562,0.890
90.699,S,678057,-0.140,-0.609,0.796
90.700,S,678087,-0.187,-0.562,0.843
90.701,S,678117,-0.234,-0.562,0.843
90.701,S,678148,-0.234,-0.562,0.796
90.702,S,678178,-0.187,-0.515,0.890
90.703,S,678208,-0.234,-0.468,0.796
90.704,S,678238,-0.234,-0.468,0.843
90.705,S,678268,-0.234,-0.468,0.796
90.705,S,678298,-0.187,-0.562,0.843
90.724,S,678329,-0.234,-0.468,0.796
90.730,M,MOVING
90.760,S,678365,-0.281,-0.562,0.796
90.790,S,678396,-0.187,-0.562,0.843
90.820,S,678426,-0.234,-0.468,0.843
90.843,S,678448,-0.281,-0.562,0.843
90.873,S,678478,-0.187,-0.515,0.843
90.903,S,678508,-0.187,-0.515,0.796
90.934,S,678539,-0.281,-0.468,0.843
90.964,S,678569,-0.234,-0.421,0.750
90.994,S,678599,-0.234,-0.515,0.843
91.024,S,678629,-0.234,-0.562,0.796
91.055,S,678659,-0.187,-0.562,0.843
91.084,S,678689,-0.140,-0.609,0.843
91.114,S,678719,-0.140,-0.609,0.796
91.144,S,678749,-0.187,-0.656,0.796
91.174,S,678779,-0.187,-0.609,0.796
91.204,S,678809,-0.234,-0.562,0.750
91.234,S,678839,-0.234,-0.656,0.750
91.265,S,678869,-0.187,-0.562,0.750
91.295,S,678899,-0.140,-0.562,0.796
91.325,S,678930,-0.187,-0.609,0.843
91.361,READY
91.369,M,MOVING
91.398,S,679003,-0.187,-0.656,0.750
91.429,S,679033,-0.281,-0.609,0.796
91.458,S,679063,-0.234,-0.609,0.796
91.481,S,679085,-0.187,-0.609,0.796
91.511,S,679115,-0.187,-0.656,0.796
91.541,S,679145,-0.140,-0.562,0.750
91.571,S,679175,-0.187,-0.562,0.796
91.601,S,679206,-0.234,-0.562,0.796
91.624,S,679228,-0.281,-0.609,0.796
91.654,S,679258,-0.281,-0.562,0.796
91.676,S,679280,-0.234,-0.562,0.750
91.705,S,679309,-0.140,-0.515,0.796
91.735,S,679339,-0.140,-0.609,0.843
91.757,S,679361,-0.234,-0.609,0.750
91.787,S,679391,-0.281,-0.562,0.796
91.809,S,679413,-0.187,-0.656,0.796
91.838,S,679442,-0.187,-0.656,0.843
91.860,S,679464,-0.187,-0.562,0.796
91.890,S,679494,-0.234,-0.562,0.750
91.921,S,679524,-0.234,-0.562,0.796
91.951,S,679554,-0.234,-0.609,0.750
91.981,S,679585,-0.234,-0.562,0.796
92.003,S,679607,-0.140,-0.609,0.750
92.033,S,679636,-0.187,-0.656,0.796
92.063,S,679666,-0.187,-0.609,0.843
92.085,S,679689,-0.281,-0.562,0.796
92.114,S,679718,-0.234,-0.562,0.796
92.144,S,679748,-0.187,-0.609,0.796
92.174,S,679778,-0.187,-0.656,0.796
92.197,S,679800,-0.140,-0.562,0.750
92.361,S,679829,-0.187,-0.609,0.750
92.362,S,679858,-0.140,-0.609,0.750
92.363,S,679888,-0.187,-0.562,0.750
92.364,S,679910,-0.234,-0.515,0.796
92.365,S,679940,-0.234,-0.562,0.750
92.367,S,679970,-0.187,-0.656,0.750
92.403,READY
92.411,M,MOVING
92.439,S,680043,-0.187,-0.656,0.750
92.470,S,680073,-0.187,-0.656,0.750
92.500,S,680103,-0.187,-0.656,0.750
92.522,S,680125,-0.187,-0.656,0.796
92.553,S,680156,-0.187,-0.562,0.750
92.583,S,680186,-0.187,-0.656,0.796
92.605,S,680208,-0.140,-0.609,0.796
92.634,S,680237,-0.187,-0.562,0.750
92.656,S,680259,-0.187,-0.656,0.796
92.686,S,680290,-0.140,-0.656,0.796
92.709,S,680312,-0.234,-0.609,0.796
92.738,S,680341,-0.187,-0.656,0.796
92.761,S,680364,-0.187,-0.609,0.796
92.789,S,680393,-0.281,-0.656,0.750
92.812,S,680415,-0.187,-0.562,0.796
92.842,S,680445,-0.187,-0.609,0.843
92.865,S,680467,-0.187,-0.609,0.796
92.895,S,680498,-0.187,-0.656,0.750
92.925,S,680528,-0.187,-0.609,0.796
92.931,M,STILL
92.961,S,680564,-0.187,-0.609,0.796
92.991,S,680594,-0.187,-0.609,0.750
93.013,S,680616,-0.187,-0.609,0.796
93.043,S,680646,-0.187,-0.562,0.750
93.066,S,680668,-0.140,-0.656,0.750
93.096,S,680699,-0.093,-0.609,0.796
93.119,S,680721,-0.140,-0.656,0.750
93.149,S,680751,-0.187,-0.656,0.796
93.180,S,680783,-0.234,-0.609,0.796
93.211,S,680813,-0.187,-0.703,0.750
93.368,S,680843,-0.187,-0.609,0.750
93.368,S,680873,-0.140,-0.656,0.843
93.369,S,680903,-0.140,-0.562,0.796
93.370,S,680925,-0.187,-0.656,0.750
93.370,S,680955,-0.234,-0.656,0.796
93.375,S,680977,-0.187,-0.656,0.843
93.412,READY
93.419,M,STILL
93.449,S,681051,-0.187,-0.703,0.843
93.471,S,681073,-0.187,-0.656,0.750
93.501,S,681104,-0.187,-0.656,0.750
93.531,S,681134,-0.093,-0.609,0.750
93.563,S,681165,-0.140,-0.562,0.750
93.593,S,681195,-0.140,-0.656,0.796
93.623,S,681225,-0.140,-0.656,0.796
93.652,S,681255,-0.140,-0.609,0.796
93.683,S,681285,-0.140,-0.656,0.750
93.714,S,681315,-0.187,-0.656,0.750
93.744,S,681346,-0.187,-0.656,0.796
93.774,S,681376,-0.140,-0.656,0.750
93.804,S,681406,-0.187,-0.609,0.750
93.835,S,681436,-0.187,-0.656,0.796
93.865,S,681467,-0.140,-0.609,0.796
93.895,S,681497,-0.187,-0.703,0.796
93.925,S,681527,-0.140,-0.656,0.750
93.947,S,681549,-0.187,-0.609,0.750
93.978,S,681579,-0.187,-0.703,0.750
94.007,S,681609,-0.187,-0.656,0.750
94.037,S,681639,-0.140,-0.703,0.750
94.068,S,681669,-0.187,-0.609,0.750
94.097,S,681699,-0.187,-0.656,0.796
94.120,S,681721,-0.234,-0.609,0.750
94.150,S,681752,-0.234,-0.656,0.796
94.180,S,681782,-0.140,-0.703,0.750
94.210,S,681812,-0.140,-0.703,0.750
94.241,S,681842,-0.140,-0.703,0.750
94.407,S,681872,-0.140,-0.703,0.703
94.408,S,681894,-0.140,-0.656,0.750
94.408,S,681923,-0.093,-0.703,0.796
94.409,S,681953,-0.187,-0.750,0.796
94.409,S,681984,-0.140,-0.656,0.750
94.413,S,682014,-0.187,-0.562,0.750
94.450,READY
94.457,M,STILL
94.486,S,682088,-0.187,-0.703,0.796
94.509,S,682110,-0.187,-0.703,0.796
94.539,S,682140,-0.140,-0.703,0.750
94.569,S,682170,-0.140,-0.703,0.703
94.592,S,682192,-0.234,-0.703,0.750
94.622,S,682223,-0.187,-0.656,0.750
94.652,S,682253,-0.140,-0.609,0.796
94.681,S,682283,-0.093,-0.703,0.750
94.704,S,682305,-0.140,-0.703,0.750
94.734,S,682335,-0.093,-0.750,0.750
94.765,S,682366,-0.093,-0.796,0.750
94.795,S,682396,-0.140,-0.750,0.750
94.825,S,682426,-0.234,-0.609,0.750
94.855,S,682456,-0.281,-0.609,0.750
94.878,S,682478,-0.234,-0.609,0.750
94.909,S,682510,-0.234,-0.609,0.750
94.939,S,682540,-0.187,-0.703,0.796
94.946,M,MOVING
94.976,S,682577,-0.046,-0.656,0.750
95.006,S,682607,-0.046,-0.703,0.750
95.037,S,682638,-0.093,-0.703,0.750
95.067,S,682668,-0.093,-0.656,0.703
95.090,S,682690,-0.093,-0.796,0.750
95.120,S,682720,-0.140,-0.796,0.750
95.150,S,682751,-0.093,-0.796,0.703
95.172,S,682773,-0.093,-0.796,0.750
95.201,S,682802,-0.140,-0.703,0.703
95.232,S,682832,-0.140,-0.796,0.703
95.262,S,682862,-0.187,-0.703,0.750
95.766,S,682894,-0.187,-0.609,0.750
95.767,S,682916,-0.187,-0.562,0.796
95.768,S,682946,-0.187,-0.562,0.750
95.769,S,682976,-0.140,-0.656,0.796
95.769,S,683006,-0.093,-0.656,0.750
95.770,S,683036,-0.140,-0.656,0.750
95.771,S,683066,-0.046,-0.703,0.750
95.772,S,683096,-0.093,-0.750,0.750
95.773,S,683127,-0.093,-0.750,0.750
95.773,S,683157,0.000,-0.750,0.703
95.774,S,683187,-0.046,-0.750,0.750
95.775,S,683209,-0.093,-0.750,0.750
95.776,S,683238,-0.046,-0.750,0.703
95.777,S,683267,-0.140,-0.796,0.656
95.777,S,683298,-0.140,-0.796,0.703
95.778,S,683329,-0.140,-0.703,0.750
95.779,S,683359,-0.187,-0.609,0.703
95.803,READY
95.810,M,MOVING
95.825,S,683425,-0.187,-0.656,0.750
95.849,S,683448,-0.093,-0.796,0.703
95.878,S,683478,-0.093,-0.703,0.703
95.909,S,683509,-0.140,-0.750,0.703
95.939,S,683539,-0.046,-0.796,0.750
95.970,S,683570,0.000,-0.703,0.750
96.000,S,683600,-0.093,-0.750,0.703
96.030,S,683630,-0.093,-0.796,0.703
96.060,S,683660,-0.046,-0.796,0.656
96.090,S,683690,-0.093,-0.796,0.703
96.120,S,683720,-0.187,-0.750,0.750
96.143,S,683742,-0.187,-0.656,0.750
96.173,S,683773,-0.187,-0.750,0.656
96.203,S,683803,-0.187,-0.703,0.750
96.233,S,683833,-0.187,-0.703,0.703
96.264,S,683863,-0.093,-0.656,0.703
96.294,S,683893,-0.046,-0.750,0.703
96.324,S,683923,-0.046,-0.750,0.750
96.354,S,683953,-0.140,-0.796,0.750
96.384,S,683983,-0.093,-0.796,0.750
96.414,S,684013,-0.187,-0.750,0.703
96.445,S,684044,-0.093,-0.750,0.703
96.474,S,684074,-0.093,-0.750,0.703
96.497,S,684096,-0.187,-0.750,0.750
96.527,S,684126,-0.093,-0.656,0.703
96.557,S,684156,-0.093,-0.703,0.703
96.587,S,684187,-0.140,-0.750,0.750
96.618,S,684217,-0.140,-0.750,0.703
96.648,S,684247,-0.187,-0.703,0.703
96.678,S,684277,-0.140,-0.750,0.750
96.707,S,684307,-0.046,-0.703,0.750
96.739,S,684337,-0.046,-0.750,0.750
96.768,S,684368,-0.046,-0.796,0.703
96.805,READY
96.811,M,MOVING
96.840,S,684439,-0.093,-0.750,0.750
96.862,S,684462,-0.093,-0.796,0.703
96.891,S,684490,-0.140,-0.750,0.750
96.921,S,684520,-0.093,-0.750,0.703
96.943,S,684542,-0.093,-0.796,0.656
96.972,S,684571,-0.140,-0.796,0.656
97.002,S,684601,-0.093,-0.843,0.703
97.033,S,684631,-0.140,-0.750,0.703
97.064,S,684663,-0.046,-0.703,0.703
97.094,S,684693,-0.140,-0.656,0.750
97.125,S,684724,-0.187,-0.656,0.796
97.147,S,684746,-0.140,-0.703,0.703
97.176,S,684775,-0.140,-0.750,0.703
97.198,S,684797,-0.140,-0.703,0.750
97.227,S,684826,-0.187,-0.750,0.656
97.249,S,684848,-0.140,-0.703,0.750
97.280,S,684878,-0.140,-0.750,0.703
97.311,S,684909,-0.187,-0.703,0.656
97.341,S,684939,-0.187,-0.703,0.703
97.371,S,684969,-0.187,-0.750,0.750
97.400,S,684999,-0.140,-0.750,0.750
97.430,S,685029,-0.093,-0.703,0.703
97.460,S,685059,-0.140,-0.656,0.703
97.483,S,685081,-0.046,-0.703,0.703
97.513,S,685111,-0.093,-0.656,0.750
97.535,S,685133,-0.046,-0.703,0.703
97.565,S,685163,-0.140,-0.703,0.796
97.595,S,685193,-0.046,-0.750,0.750
97.618,S,685216,-0.140,-0.750,0.703
97.648,S,685246,-0.140,-0.703,0.703
97.678,S,685276,-0.140,-0.703,0.750
97.700,S,685298,-0.187,-0.703,0.703
97.730,S,685328,-0.187,-0.703,0.703
97.760,S,685358,-0.140,-0.703,0.703
97.789,S,685388,-0.093,-0.703,0.703
97.827,READY
97.834,M,MOVING
97.864,S,685462,-0.140,-0.750,0.703
97.886,S,685484,-0.093,-0.796,0.750
97.916,S,685514,-0.140,-0.656,0.703
97.947,S,685545,-0.140,-0.703,0.750
97.977,S,685575,-0.140,-0.796,0.703
98.007,S,685605,-0.093,-0.750,0.703
98.030,S,685628,-0.093,-0.750,0.750
98.059,S,685657,-0.140,-0.656,0.703
98.082,S,685679,-0.140,-0.703,0.750
98.112,S,685709,-0.140,-0.750,0.703
98.134,S,685731,-0.093,-0.703,0.703
98.163,S,685761,-0.140,-0.750,0.703
98.184,S,685783,-0.140,-0.703,0.703
98.214,S,685812,-0.140,-0.703,0.703
98.244,S,685842,-0.140,-0.703,0.703
98.251,M,STILL
98.282,S,685879,-0.140,-0.750,0.703
98.312,S,685909,-0.140,-0.750,0.750
98.341,S,685939,-0.140,-0.750,0.703
98.372,S,685969,-0.093,-0.703,0.656
98.402,S,686000,-0.140,-0.750,0.750
98.432,S,686030,-0.140,-0.750,0.703
98.454,S,686052,-0.093,-0.656,0.750
98.485,S,686082,-0.093,-0.703,0.703
98.515,S,686113,-0.093,-0.703,0.656
98.545,S,686143,-0.140,-0.703,0.750
98.575,S,686173,-0.093,-0.750,0.750
98.606,S,686203,-0.140,-0.750,0.703
98.628,S,686225,-0.093,-0.703,0.703
98.657,S,686254,-0.140,-0.750,0.750
98.687,S,686284,-0.093,-0.750,0.703
98.718,S,686315,-0.140,-0.703,0.703
98.748,S,686345,-0.093,-0.750,0.750
98.771,S,686368,-0.140,-0.656,0.750
98.800,S,686398,-0.093,-0.703,0.750
98.836,READY
98.842,M,STILL
98.871,S,686469,-0.140,-0.750,0.703
98.901,S,686499,-0.093,-0.750,0.750
98.932,S,686529,-0.140,-0.750,0.703
98.962,S,686559,-0.093,-0.750,0.703
98.984,S,686581,-0.093,-0.703,0.609
99.015,S,686612,-0.140,-0.796,0.750
99.045,S,686642,-0.187,-0.750,0.703
99.075,S,686672,-0.140,-0.750,0.703
99.106,S,686702,-0.093,-0.703,0.703
99.136,S,686733,-0.140,-0.703,0.750
99.158,S,686755,-0.140,-0.703,0.703
99.188,S,686784,-0.140,-0.750,0.656
99.218,S,686815,-0.140,-0.703,0.703
99.248,S,686845,-0.187,-0.750,0.703
99.279,S,686875,-0.187,-0.750,0.750
99.309,S,686905,-0.093,-0.703,0.656
99.339,S,686936,-0.140,-0.796,0.750
99.369,S,686966,-0.140,-0.703,0.750
99.399,S,686996,-0.093,-0.750,0.703
99.422,S,687018,-0.140,-0.750,0.703
99.452,S,687049,-0.093,-0.656,0.750
99.483,S,687079,-0.140,-0.750,0.656
99.513,S,687109,-0.046,-0.703,0.750
99.543,S,687140,-0.140,-0.703,0.750
99.573,S,687170,-0.093,-0.750,0.703
99.596,S,687192,-0.187,-0.750,0.703
99.625,S,687222,-0.093,-0.750,0.656
99.656,S,687252,-0.140,-0.750,0.703
99.686,S,687282,-0.093,-0.703,0.703
99.716,S,687312,-0.093,-0.750,0.656
99.745,S,687342,-0.093,-0.750,0.703
99.776,S,687372,-0.093,-0.750,0.703
99.806,S,687402,-0.140,-0.796,0.703
99.841,READY
99.847,M,STILL
99.876,S,687473,-0.093,-0.750,0.703
99.899,S,687495,-0.140,-0.750,0.703
99.929,S,687525,-0.093,-0.703,0.656
99.959,S,687555,-0.187,-0.750,0.656
99.989,S,687585,-0.140,-0.750,0.703
100.018,S,687615,-0.046,-0.750,0.703
100.041,S,687637,-0.093,-0.750,0.750
100.070,S,687666,-0.093,-0.750,0.703
100.101,S,687697,-0.093,-0.750,0.703
100.131,S,687727,-0.093,-0.703,0.750
100.161,S,687757,-0.140,-0.750,0.703
100.192,S,687788,-0.140,-0.703,0.750
100.222,S,687818,-0.093,-0.750,0.703
100.253,S,687848,-0.093,-0.750,0.703
100.283,S,687878,-0.140,-0.703,0.703
100.313,S,687908,-0.093,-0.750,0.703
100.343,S,687939,-0.093,-0.750,0.703
100.373,S,687969,-0.093,-0.750,0.703
100.403,S,687999,-0.093,-0.703,0.703
100.425,S,688021,-0.093,-0.750,0.703
100.455,S,688051,-0.093,-0.750,0.750
100.486,S,688082,-0.093,-0.796,0.703
100.516,S,688112,-0.093,-0.750,0.703
100.546,S,688142,-0.140,-0.750,0.750
100.576,S,688172,-0.093,-0.750,0.750
100.599,S,688194,-0.140,-0.750,0.703
100.629,S,688225,-0.140,-0.750,0.750
100.658,S,688254,-0.046,-0.750,0.703
100.688,S,688284,-0.093,-0.796,0.750
100.711,S,688306,-0.046,-0.703,0.703
100.740,S,688335,-0.140,-0.703,0.656
100.770,S,688365,-0.140,-0.750,0.703
100.800,S,688395,-0.093,-0.703,0.703
100.831,S,688426,-0.046,-0.703,0.750
100.868,READY
100.874,M,STILL
100.904,S,688499,-0.046,-0.796,0.703
100.934,S,688529,-0.093,-0.750,0.750
100.964,S,688559,-0.140,-0.703,0.750
100.986,S,688581,-0.046,-0.750,0.750
101.017,S,688611,-0.046,-0.750,0.750
101.047,S,688641,-0.093,-0.703,0.750
101.077,S,688672,-0.093,-0.750,0.703
101.107,S,688702,-0.093,-0.750,0.750
101.137,S,688732,-0.093,-0.796,0.703
101.167,S,688762,-0.093,-0.703,0.703
101.197,S,688792,-0.093,-0.703,0.750
101.220,S,688814,-0.093,-0.750,0.750
101.250,S,688845,-0.093,-0.750,0.703
101.272,S,688867,-0.140,-0.750,0.703
101.302,S,688897,-0.140,-0.750,0.750
101.332,S,688927,-0.093,-0.703,0.703
101.354,S,688949,-0.093,-0.750,0.703
101.385,S,688979,-0.140,-0.750,0.703
101.407,S,689002,-0.046,-0.750,0.703
101.437,S,689032,-0.140,-0.796,0.656
101.467,S,689062,-0.140,-0.703,0.703
101.490,S,689084,-0.046,-0.703,0.703
101.519,S,689114,-0.140,-0.750,0.750
101.550,S,689144,-0.140,-0.750,0.656
101.580,S,689174,-0.093,-0.703,0.750
101.603,S,689197,-0.093,-0.703,0.703
101.634,S,689227,-0.093,-0.750,0.703
101.664,S,689258,-0.093,-0.703,0.750
101.694,S,689288,-0.140,-0.703,0.703
101.724,S,689318,-0.140,-0.750,0.703
101.754,S,689348,-0.093,-0.796,0.750
101.777,S,689371,-0.046,-0.703,0.703
101.807,S,689401,-0.140,-0.703,0.750
101.838,S,689431,-0.140,-0.750,0.703
101.875,READY
101.883,M,STILL
101.911,S,689505,-0.093,-0.703,0.703
101.941,S,689535,-0.140,-0.750,0.750
101.963,S,689557,-0.140,-0.656,0.703
101.992,S,689586,-0.093,-0.750,0.703
102.014,S,689609,-0.093,-0.750,0.750
102.044,S,689638,-0.093,-0.750,0.750
102.066,S,689660,-0.140,-0.750,0.750
102.096,S,689690,-0.140,-0.750,0.656
102.126,S,689720,-0.140,-0.703,0.656
102.156,S,689750,-0.093,-0.796,0.656
102.187,S,689780,-0.046,-0.750,0.703
102.217,S,689811,-0.140,-0.750,0.703
102.247,S,689841,-0.046,-0.703,0.703
102.277,S,689871,-0.046,-0.703,0.703
102.299,S,689893,-0.140,-0.750,0.750
102.329,S,689922,-0.140,-0.703,0.703
102.359,S,689953,-0.093,-0.750,0.656
102.389,S,689983,-0.093,-0.703,0.703
102.411,S,690005,-0.140,-0.750,0.703
102.441,S,690035,-0.140,-0.750,0.703
102.463,S,690058,-0.093,-0.703,0.703
102.494,S,690088,-0.093,-0.703,0.750
102.524,S,690118,-0.140,-0.750,0.750
102.554,S,690148,-0.140,-0.703,0.750
102.585,S,690178,-0.140,-0.703,0.750
102.615,S,690209,-0.046,-0.750,0.703
102.637,S,690231,-0.093,-0.796,0.656
102.668,S,690261,-0.093,-0.703,0.703
102.698,S,690291,-0.046,-0.796,0.796
102.727,S,690321,-0.093,-0.796,0.703
102.758,S,690351,-0.093,-0.796,0.750
102.787,S,690381,-0.093,-0.703,0.656
102.818,S,690411,-0.093,-0.750,0.750
102.848,S,690441,-0.093,-0.750,0.703
102.884,READY
102.891,M,STILL
102.920,S,690513,-0.093,-0.703,0.703
102.949,S,690543,-0.140,-0.656,0.703
102.979,S,690572,-0.046,-0.750,0.703
103.010,S,690603,-0.046,-0.703,0.703
103.039,S,690633,-0.140,-0.656,0.703
103.070,S,690663,-0.046,-0.656,0.703
103.100,S,690694,-0.093,-0.703,0.750
103.131,S,690724,-0.140,-0.703,0.703
103.161,S,690754,-0.140,-0.703,0.656
103.183,S,690776,-0.093,-0.750,0.703
103.212,S,690805,-0.140,-0.703,0.750
103.243,S,690836,-0.046,-0.656,0.703
103.272,S,690866,-0.093,-0.796,0.703
103.295,S,690888,-0.140,-0.750,0.703
103.325,S,690918,-0.093,-0.750,0.750
103.355,S,690948,-0.093,-0.796,0.703
103.385,S,690978,-0.093,-0.796,0.750
103.416,S,691008,-0.093,-0.750,0.703
103.445,S,691038,-0.046,-0.750,0.750
103.475,S,691068,-0.093,-0.750,0.703
103.505,S,691098,-0.093,-0.703,0.703
103.528,S,691120,-0.140,-0.750,0.750
103.557,S,691150,-0.093,-0.796,0.656
103.588,S,691180,-0.093,-0.703,0.703
103.610,S,691202,-0.140,-0.703,0.703
103.640,S,691232,-0.093,-0.750,0.703
103.670,S,691262,-0.046,-0.703,0.750
103.693,S,691285,-0.093,-0.796,0.703
103.722,S,691315,-0.093,-0.703,0.703
103.753,S,691345,-0.093,-0.656,0.703
103.782,S,691375,-0.093,-0.703,0.656
103.813,S,691405,-0.093,-0.796,0.750
103.835,S,691427,-0.046,-0.796,0.703
103.865,S,691458,-0.093,-0.703,0.656
103.903,READY
103.910,M,STILL
103.939,S,691531,-0.093,-0.750,0.703
103.962,S,691554,-0.093,-0.703,0.750
103.992,S,691584,-0.093,-0.703,0.656
104.021,S,691614,-0.093,-0.703,0.750
104.052,S,691644,-0.093,-0.750,0.703
104.074,S,691666,-0.093,-0.750,0.703
104.104,S,691695,-0.093,-0.750,0.750
104.126,S,691717,-0.046,-0.703,0.750
104.154,S,691747,-0.140,-0.750,0.750
104.185,S,691777,-0.140,-0.796,0.703
104.207,S,691799,-0.093,-0.750,0.750
104.236,S,691828,-0.093,-0.843,0.703
104.258,S,691850,-0.140,-0.703,0.703
104.289,S,691880,-0.187,-0.796,0.750
104.311,S,691903,-0.093,-0.703,0.656
104.340,S,691932,-0.093,-0.750,0.703
104.362,S,691954,-0.140,-0.750,0.656
104.393,S,691985,-0.140,-0.750,0.750
104.423,S,692015,-0.140,-0.750,0.703
104.445,S,692037,-0.140,-0.796,0.703
104.475,S,692067,-0.093,-0.750,0.656
104.505,S,692097,-0.093,-0.703,0.703
104.535,S,692127,-0.140,-0.796,0.656
104.557,S,692149,-0.093,-0.750,0.750
104.586,S,692178,-0.140,-0.750,0.703
104.616,S,692208,-0.093,-0.750,0.750
104.639,S,692230,-0.093,-0.750,0.750
104.668,S,692259,-0.140,-0.750,0.656
104.690,S,692281,-0.093,-0.750,0.703
104.719,S,692310,-0.093,-0.796,0.750
104.741,S,692333,-0.093,-0.750,0.750
104.771,S,692363,-0.093,-0.703,0.703
104.793,S,692385,-0.093,-0.750,0.703
104.822,S,692414,-0.093,-0.703,0.656
104.845,S,692436,-0.046,-0.703,0.703
104.875,S,692466,-0.046,-0.750,0.703
104.912,READY
104.919,M,STILL
104.948,S,692540,-0.093,-0.750,0.703
104.971,S,692562,-0.140,-0.750,0.703
105.000,S,692591,-0.140,-0.750,0.703
105.030,S,692622,-0.187,-0.703,0.796
105.060,S,692652,-0.140,-0.703,0.750
105.091,S,692682,-0.093,-0.656,0.703
105.121,S,692712,-0.140,-0.750,0.703
105.151,S,692743,-0.093,-0.750,0.703
105.182,S,692773,-0.140,-0.750,0.703
105.212,S,692803,-0.140,-0.656,0.750
105.234,S,692825,-0.140,-0.703,0.703
105.264,S,692855,-0.140,-0.750,0.703
105.295,S,692885,-0.187,-0.703,0.703
105.324,S,692915,-0.093,-0.750,0.750
105.354,S,692946,-0.046,-0.796,0.703
105.377,S,692968,-0.093,-0.796,0.656
105.407,S,692998,-0.093,-0.750,0.703
105.437,S,693027,-0.046,-0.750,0.703
105.467,S,693058,-0.046,-0.703,0.703
105.489,S,693080,-0.093,-0.750,0.656
105.518,S,693109,-0.093,-0.843,0.703
105.548,S,693139,-0.046,-0.796,0.703
105.570,S,693161,-0.093,-0.750,0.703
105.601,S,693191,-0.140,-0.796,0.656
105.622,S,693213,-0.093,-0.750,0.609
105.652,S,693242,-0.046,-0.843,0.703
105.674,S,693265,-0.140,-0.796,0.656
105.704,S,693295,-0.093,-0.703,0.656
105.734,S,693325,-0.140,-0.750,0.703
105.764,S,693355,-0.046,-0.750,0.656
105.795,S,693385,-0.093,-0.890,0.703
105.824,S,693414,-0.093,-0.750,0.703
105.854,S,693444,-0.046,-0.796,0.703
105.877,S,693468,-0.093,-0.750,0.703
105.915,READY
105.921,M,STILL
105.950,S,693541,-0.046,-0.796,0.703
105.981,S,693571,-0.093,-0.703,0.703
106.002,S,693593,-0.093,-0.750,0.703
106.032,S,693622,-0.093,-0.750,0.656
106.062,S,693652,-0.140,-0.750,0.656
106.092,S,693682,-0.140,-0.656,0.750
106.114,S,693705,-0.140,-0.750,0.703
106.144,S,693734,-0.046,-0.750,0.750
106.173,S,693764,-0.140,-0.750,0.750
106.196,S,693786,-0.140,-0.703,0.703
106.224,S,693815,-0.046,-0.750,0.750
106.247,S,693837,-0.140,-0.796,0.750
106.277,S,693867,-0.093,-0.656,0.703
106.307,S,693897,-0.093,-0.750,0.703
106.337,S,693927,-0.093,-0.796,0.703
106.359,S,693949,-0.093,-0.750,0.750
106.389,S,693980,-0.140,-0.750,0.703
106.419,S,694010,-0.046,-0.750,0.703
106.450,S,694040,-0.093,-0.796,0.656
106.481,S,694070,-0.093,-0.796,0.656
106.511,S,694100,-0.140,-0.750,0.703
106.541,S,694131,-0.140,-0.750,0.703
106.571,S,694161,-0.140,-0.750,0.703
106.593,S,694183,-0.140,-0.703,0.703
106.624,S,694213,-0.046,-0.796,0.703
106.654,S,694244,-0.093,-0.796,0.656
106.684,S,694274,-0.187,-0.703,0.703
106.714,S,694304,-0.093,-0.703,0.750
106.745,S,694335,-0.046,-0.796,0.703
106.767,S,694357,-0.046,-0.750,0.703
106.796,S,694386,-0.093,-0.796,0.656
106.818,S,694408,-0.093,-0.703,0.656
106.848,S,694438,-0.140,-0.750,0.703
106.878,S,694469,-0.093,-0.750,0.703
106.917,READY
106.923,M,STILL
106.953,S,694542,-0.140,-0.843,0.703
106.976,S,694566,-0.093,-0.750,0.703
107.006,S,694596,-0.093,-0.843,0.656
107.036,S,694626,-0.140,-0.796,0.703
107.058,S,694648,-0.093,-0.750,0.656
107.088,S,694678,-0.046,-0.750,0.656
107.118,S,694706,-0.093,-0.750,0.703
107.148,S,694737,-0.046,-0.843,0.703
107.178,S,694767,-0.140,-0.890,0.703
107.208,S,694797,-0.093,-0.843,0.703
107.230,S,694819,-0.093,-0.750,0.656
107.259,S,694849,-0.140,-0.750,0.656
107.288,S,694878,-0.140,-0.703,0.703
107.319,S,694908,-0.140,-0.703,0.703
107.349,S,694938,-0.140,-0.796,0.609
107.379,S,694968,-0.140,-0.796,0.703
107.409,S,694998,-0.140,-0.750,0.750
107.438,S,695027,-0.093,-0.796,0.750
107.470,S,695059,-0.093,-0.796,0.656
107.500,S,695089,-0.046,-0.750,0.703
107.531,S,695119,-0.093,-0.750,0.703
107.561,S,695150,-0.140,-0.750,0.656
107.591,S,695180,-0.093,-0.796,0.703
107.613,S,695202,-0.140,-0.796,0.656
107.643,S,695232,-0.093,-0.796,0.656
107.674,S,695263,-0.140,-0.750,0.656
107.704,S,695293,-0.140,-0.796,0.656
107.734,S,695323,-0.093,-0.796,0.703
107.765,S,695353,-0.046,-0.750,0.656
107.795,S,695383,-0.093,-0.750,0.656
107.825,S,695413,-0.140,-0.750,0.703
107.854,S,695443,-0.093,-0.750,0.703
107.884,S,695473,-0.046,-0.750,0.609
107.921,READY
107.928,M,STILL
107.957,S,695546,-0.140,-0.750,0.656
107.979,S,695568,-0.093,-0.750,0.750
108.009,S,695597,-0.140,-0.703,0.703
108.039,S,695627,-0.046,-0.703,0.750
108.069,S,695657,-0.093,-0.656,0.656
108.099,S,695688,-0.046,-0.656,0.750
108.122,S,695710,-0.234,-0.609,0.656
108.152,S,695740,-0.234,-0.703,0.703
108.182,S,695770,-0.187,-0.703,0.656
108.213,S,695801,-0.234,-0.656,0.703
108.243,S,695831,0.000,-0.703,0.890
108.265,S,695853,0.046,-0.562,0.703
108.296,S,695884,-0.234,-0.703,0.562
108.302,M,MOVING
108.333,S,695921,-0.187,-0.609,0.468
108.355,S,695943,-0.421,-0.843,0.703
108.385,S,695973,-0.187,-0.750,0.656
108.415,S,696003,-0.093,-0.703,0.656
108.444,S,696033,-0.187,-0.703,0.703
108.467,S,696055,-0.187,-0.656,0.703
108.496,S,696084,-0.046,-0.703,0.890
108.518,S,696106,-0.093,-0.562,0.703
108.547,S,696136,-0.093,-0.656,0.656
108.554,M,WRITING
108.585,S,696173,-0.093,-0.750,0.750
108.615,S,696203,-0.187,-0.750,0.703
108.637,S,696225,-0.140,-0.703,0.750
108.667,S,696255,-0.140,-0.796,0.656
108.697,S,696285,-0.093,-0.796,0.703
108.719,S,696307,0.000,-0.796,0.750
108.749,S,696336,-0.046,-0.750,0.703
108.779,S,696366,-0.187,-0.656,0.562
108.808,S,696396,-0.093,-0.609,0.703
108.832,S,696419,-0.140,-0.796,0.796
108.862,S,696449,-0.187,-0.890,0.703
108.892,S,696479,-0.046,-0.890,0.750
108.928,READY
108.935,M,WRITING
108.965,S,696552,-0.093,-0.703,0.656
108.987,S,696574,-0.140,-0.796,0.703
109.017,S,696605,-0.140,-0.796,0.656
109.040,S,696627,-0.234,-0.750,0.609
109.070,S,696657,-0.140,-0.890,0.703
109.100,S,696688,-0.234,-0.890,0.703
109.131,S,696718,-0.281,-0.843,0.656
109.162,S,696748,0.000,-0.796,0.703
109.191,S,696777,-0.093,-0.796,0.703
109.221,S,696808,-0.046,-0.843,0.703
109.242,S,696830,0.000,-0.843,0.703
109.272,S,696859,-0.046,-0.843,0.656
109.301,S,696889,-0.046,-0.656,0.656
109.331,S,696919,-0.093,-0.843,0.703
109.354,S,696941,-0.046,-0.796,0.609
109.384,S,696971,-0.046,-0.796,0.656
109.414,S,697002,-0.093,-0.843,0.703
109.437,S,697024,-0.140,-0.796,0.703
109.466,S,697053,-0.093,-0.703,0.703
109.471,M,MOVING
109.501,S,697089,-0.093,-0.750,0.750
109.524,S,697111,-0.140,-0.796,0.656
109.553,S,697141,-0.140,-0.796,0.703
109.575,S,697163,-0.093,-0.750,0.656
109.605,S,697192,-0.140,-0.750,0.703
109.636,S,697222,-0.046,-0.796,0.703
109.666,S,697253,-0.046,-0.843,0.703
109.696,S,697283,-0.093,-0.796,0.703
109.726,S,697313,-0.093,-0.656,0.703
109.757,S,697343,-0.093,-0.703,0.656
109.779,S,697365,-0.093,-0.656,0.750
109.808,S,697395,-0.140,-0.796,0.703
109.831,S,697418,-0.093,-0.703,0.703
109.861,S,697448,-0.093,-0.750,0.703
109.883,S,697470,-0.093,-0.656,0.703
109.913,S,697499,-0.093,-0.750,0.703
109.950,READY
109.957,M,MOVING
109.986,S,697573,-0.046,-0.703,0.750
110.008,S,697595,0.046,-0.703,0.656
110.039,S,697625,-0.140,-0.703,0.703
110.069,S,697656,-0.140,-0.703,0.750
110.099,S,697686,0.000,-0.796,0.703
110.130,S,697716,-0.046,-0.843,0.656
110.160,S,697746,-0.093,-0.890,0.656
110.190,S,697777,0.000,-0.796,0.703
110.221,S,697807,-0.093,-0.796,0.750
110.251,S,697837,-0.046,-0.750,0.703
110.281,S,697867,-0.046,-0.703,0.703
110.311,S,697897,-0.093,-0.750,0.703
110.342,S,697928,-0.046,-0.656,0.703
110.372,S,697958,-0.093,-0.656,0.796
110.394,S,697980,-0.140,-0.656,0.796
110.424,S,698010,-0.140,-0.609,0.796
110.454,S,698041,-0.234,-0.609,0.796
110.485,S,698071,-0.140,-0.562,0.796
110.515,S,698101,-0.187,-0.656,0.796
110.545,S,698131,-0.187,-0.609,0.750
110.567,S,698154,-0.187,-0.609,0.750
110.597,S,698183,-0.140,-0.609,0.750
110.627,S,698213,-0.140,-0.656,0.750
110.650,S,698235,-0.093,-0.609,0.843
110.680,S,698266,-0.187,-0.609,0.796
110.710,S,698296,-0.187,-0.562,0.796
110.740,S,698326,-0.140,-0.656,0.750
110.763,S,698348,-0.187,-0.609,0.796
110.792,S,698378,-0.234,-0.609,0.796
110.814,S,698401,-0.187,-0.562,0.750
110.845,S,698431,-0.140,-0.609,0.750
110.867,S,698453,-0.093,-0.562,0.750
110.896,S,698482,-0.140,-0.656,0.796
110.918,S,698504,-0.093,-0.703,0.750
110.955,READY
110.962,M,MOVING
110.991,S,698577,-0.046,-0.750,0.750
111.021,S,698607,-0.046,-0.750,0.796
111.043,S,698629,-0.140,-0.703,0.843
111.072,S,698658,-0.187,-0.656,0.796
111.103,S,698688,-0.140,-0.609,0.750
111.133,S,698719,-0.140,-0.656,0.703
111.163,S,698749,-0.140,-0.656,0.750
111.194,S,698779,-0.140,-0.703,0.750
111.224,S,698809,-0.093,-0.656,0.750
111.253,S,698839,-0.140,-0.796,0.750
111.276,S,698861,-0.093,-0.703,0.796
111.305,S,698891,-0.187,-0.656,0.796
111.328,S,698913,-0.140,-0.656,0.703
111.357,S,698942,-0.140,-0.609,0.796
111.387,S,698973,-0.187,-0.656,0.796
111.417,S,699003,-0.140,-0.703,0.750
111.448,S,699033,-0.140,-0.703,0.703
111.470,S,699055,-0.187,-0.750,0.703
111.500,S,699085,-0.140,-0.796,0.703
111.531,S,699116,-0.093,-0.750,0.796
111.561,S,699146,0.000,-0.656,0.750
111.592,S,699176,-0.093,-0.609,0.796
111.621,S,699206,-0.093,-0.656,0.703
111.652,S,699236,-0.093,-0.703,0.703
111.682,S,699267,-0.140,-0.703,0.703
111.712,S,699297,-0.187,-0.703,0.703
111.735,S,699319,-0.140,-0.750,0.656
111.765,S,699349,-0.140,-0.750,0.750
111.795,S,699380,-0.140,-0.703,0.703
111.825,S,699410,-0.140,-0.703,0.703
111.847,S,699432,-0.140,-0.750,0.703
111.877,S,699461,-0.187,-0.703,0.656
111.906,S,699491,-0.187,-0.703,0.703
111.937,S,699521,-0.093,-0.750,0.703
111.974,READY
111.980,M,MOVING
112.009,S,699594,-0.140,-0.703,0.656
112.031,S,699616,-0.187,-0.750,0.656
112.061,S,699645,-0.187,-0.750,0.656
112.091,S,699676,-0.140,-0.750,0.703
112.121,S,699705,-0.140,-0.703,0.750
112.143,S,699728,-0.093,-0.703,0.750
112.172,S,699757,-0.140,-0.703,0.703
112.203,S,699787,-0.093,-0.843,0.750
112.233,S,699817,-0.046,-0.750,0.703
112.256,S,699840,0.000,-0.750,0.703
112.286,S,699870,0.000,-0.796,0.703
112.316,S,699900,-0.046,-0.750,0.656
112.346,S,699931,0.000,-0.843,0.703
112.377,S,699961,-0.046,-0.843,0.656
112.399,S,699983,-0.046,-0.750,0.703
112.429,S,700013,-0.140,-0.750,0.703
112.458,S,700043,-0.046,-0.796,0.656
112.489,S,700073,-0.093,-0.750,0.703
112.519,S,700103,-0.046,-0.796,0.703
112.549,S,700132,-0.093,-0.750,0.656
112.579,S,700163,-0.093,-0.750,0.703
112.609,S,700193,-0.046,-0.843,0.703
112.631,S,700215,-0.046,-0.796,0.656
112.661,S,700245,0.000,-0.796,0.656
112.684,S,700268,-0.046,-0.750,0.656
112.714,S,700298,-0.093,-0.750,0.656
112.736,S,700320,0.000,-0.796,0.656
112.766,S,700349,-0.046,-0.750,0.609
112.795,S,700380,-0.140,-0.750,0.750
112.818,S,700402,-0.046,-0.750,0.703
112.847,S,700431,-0.093,-0.796,0.656
112.877,S,700461,-0.046,-0.796,0.656
112.908,S,700491,-0.046,-0.750,0.703
112.938,S,700522,-0.093,-0.750,0.656
112.976,READY
112.982,M,MOVING
113.010,S,700595,-0.046,-0.796,0.656
113.041,S,700625,-0.046,-0.703,0.703
113.071,S,700655,-0.093,-0.750,0.656
113.093,S,700677,-0.093,-0.843,0.656
113.124,S,700707,-0.046,-0.796,0.656
113.154,S,700738,-0.046,-0.750,0.703
113.184,S,700768,-0.046,-0.750,0.703
113.214,S,700798,0.000,-0.750,0.703
113.245,S,700828,0.000,-0.750,0.703
113.267,S,700850,-0.046,-0.796,0.656
113.296,S,700880,-0.046,-0.796,0.656
113.326,S,700910,-0.046,-0.750,0.656
113.349,S,700932,-0.046,-0.796,0.703
113.379,S,700962,-0.093,-0.750,0.656
113.401,S,700985,-0.093,-0.843,0.656
113.431,S,701015,-0.093,-0.843,0.703
113.453,S,701037,-0.093,-0.843,0.703
113.459,M,STILL
113.489,S,701073,-0.046,-0.796,0.703
113.520,S,701103,-0.093,-0.796,0.656
113.542,S,701125,-0.046,-0.750,0.703
113.572,S,701155,-0.046,-0.750,0.703
113.601,S,701185,-0.093,-0.796,0.703
113.624,S,701207,-0.093,-0.796,0.656
113.653,S,701236,-0.046,-0.796,0.656
113.675,S,701259,-0.093,-0.750,0.656
113.705,S,701288,-0.046,-0.796,0.656
113.735,S,701318,-0.046,-0.843,0.703
113.757,S,701340,-0.093,-0.796,0.609
113.788,S,701370,0.000,-0.796,0.656
113.818,S,701401,0.000,-0.796,0.703
113.848,S,701431,-0.046,-0.796,0.656
113.870,S,701453,-0.093,-0.796,0.703
113.901,S,701484,-0.093,-0.843,0.609
113.930,S,701513,-0.046,-0.750,0.656
113.954,S,701536,-0.093,-0.843,0.703
113.990,READY
113.996,M,STILL
114.025,S,701608,-0.046,-0.796,0.656
114.047,S,701630,-0.046,-0.750,0.703
114.076,S,701659,-0.046,-0.796,0.703
114.098,S,701681,-0.093,-0.750,0.656
114.127,S,701710,-0.046,-0.796,0.703
114.157,S,701740,0.000,-0.750,0.703
114.187,S,701770,-0.093,-0.750,0.703
114.209,S,701792,-0.046,-0.750,0.750
114.239,S,701821,-0.046,-0.796,0.656
114.261,S,701843,-0.046,-0.796,0.656
114.290,S,701873,-0.046,-0.796,0.656
114.320,S,701903,-0.046,-0.796,0.656
114.350,S,701933,-0.046,-0.750,0.656
114.380,S,701963,-0.046,-0.796,0.703
114.403,S,701985,-0.046,-0.843,0.703
114.432,S,702014,-0.046,-0.750,0.703
114.462,S,702044,-0.046,-0.796,0.656
114.493,S,702075,-0.093,-0.843,0.703
114.515,S,702097,-0.046,-0.703,0.656
114.544,S,702126,-0.046,-0.750,0.656
114.566,S,702148,-0.093,-0.796,0.656
114.596,S,702177,-0.046,-0.750,0.609
114.625,S,702207,0.000,-0.843,0.703
114.656,S,702238,-0.046,-0.750,0.703
114.686,S,702268,-0.046,-0.750,0.656
114.716,S,702298,-0.046,-0.796,0.656
114.746,S,702328,-0.093,-0.796,0.703
114.769,S,702350,-0.046,-0.796,0.750
114.799,S,702381,-0.046,-0.750,0.656
114.829,S,702411,-0.046,-0.750,0.656
114.859,S,702441,-0.046,-0.796,0.656
114.888,S,702471,-0.046,-0.796,0.656
114.912,S,702494,-0.046,-0.796,0.656
114.942,S,702524,-0.046,-0.796,0.703
114.972,S,702554,-0.093,-0.796,0.656
115.008,READY
115.015,M,STILL
115.045,S,702626,0.000,-0.796,0.703
115.074,S,702656,-0.093,-0.796,0.703
115.104,S,702686,-0.093,-0.796,0.703
115.135,S,702716,-0.046,-0.796,0.656
115.165,S,702747,-0.093,-0.796,0.609
115.188,S,702769,-0.046,-0.750,0.656
115.218,S,702799,0.000,-0.750,0.656
115.248,S,702829,-0.046,-0.843,0.750
115.270,S,702851,0.000,-0.796,0.656
115.300,S,702881,-0.093,-0.843,0.656
115.330,S,702912,-0.046,-0.796,0.609
115.360,S,702942,0.000,-0.843,0.656
115.390,S,702972,0.000,-0.843,0.656
115.421,S,703002,-0.046,-0.843,0.703
115.451,S,703032,-0.046,-0.796,0.703
115.473,S,703054,-0.046,-0.796,0.609
115.503,S,703085,0.093,-0.890,0.703
115.533,S,703115,0.046,-0.796,0.656
115.556,S,703137,-0.093,-0.843,0.656
115.585,S,703166,-0.140,-0.843,0.656
115.616,S,703196,-0.093,-0.750,0.656
115.645,S,703227,-0.046,-0.750,0.656
115.675,S,703257,-0.093,-0.656,0.703
115.698,S,703279,-0.093,-0.656,0.750
115.705,M,MOVING
115.735,S,703316,-0.046,-0.750,0.703
115.765,S,703346,-0.046,-0.609,0.750
115.796,S,703377,0.000,-0.703,0.750
115.818,S,703399,-0.046,-0.750,0.750
115.848,S,703428,-0.046,-0.703,0.703
115.877,S,703458,-0.093,-0.750,0.703
115.900,S,703481,-0.046,-0.750,0.703
115.929,S,703510,-0.093,-0.750,0.750
115.959,S,703540,-0.046,-0.750,0.703
115.989,S,703570,0.000,-0.750,0.750
116.026,READY
116.032,M,MOVING
116.061,S,703642,-0.046,-0.750,0.703
116.083,S,703664,-0.093,-0.656,0.750
116.112,S,703693,-0.046,-0.796,0.703
116.134,S,703715,-0.093,-0.750,0.656
116.164,S,703745,0.000,-0.796,0.703
116.187,S,703767,-0.046,-0.750,0.703
116.216,S,703797,-0.046,-0.703,0.703
116.238,S,703819,-0.046,-0.750,0.703
116.267,S,703848,-0.093,-0.750,0.656
116.298,S,703878,-0.046,-0.796,0.703
116.328,S,703908,-0.093,-0.796,0.656
116.350,S,703930,-0.093,-0.750,0.703
116.380,S,703961,-0.046,-0.750,0.656
116.402,S,703983,-0.093,-0.796,0.703
116.431,S,704012,-0.093,-0.750,0.703
116.438,M,STILL
116.468,S,704049,-0.093,-0.796,0.656
116.498,S,704079,-0.046,-0.796,0.703
116.520,S,704101,0.000,-0.750,0.750
116.550,S,704130,-0.093,-0.703,0.656
116.580,S,704160,0.000,-0.703,0.656
116.603,S,704183,-0.046,-0.750,0.703
116.632,S,704213,-0.140,-0.750,0.750
116.654,S,704235,-0.093,-0.843,0.656
116.684,S,704264,-0.093,-0.796,0.703
116.714,S,704294,0.000,-0.796,0.750
116.744,S,704324,-0.046,-0.796,0.656
116.774,S,704354,0.000,-0.843,0.656
116.804,S,704384,0.000,-0.750,0.703
116.835,S,704414,0.000,-0.750,0.703
116.865,S,704445,-0.046,-0.703,0.703
116.896,S,704475,-0.140,-0.703,0.703
116.926,S,704506,-0.140,-0.703,0.703
116.956,S,704536,-0.140,-0.703,0.703
116.986,S,704566,-0.046,-0.703,0.750
116.993,M,MOVING
117.031,READY
117.038,M,MOVING
117.067,S,704647,-0.093,-0.750,0.703
117.097,S,704677,-0.093,-0.750,0.703
117.128,S,704707,-0.093,-0.703,0.656
117.157,S,704737,0.000,-0.703,0.703
117.188,S,704767,-0.046,-0.750,0.703
117.218,S,704797,-0.093,-0.703,0.750
117.248,S,704828,-0.093,-0.750,0.656
117.278,S,704858,-0.140,-0.796,0.656
117.309,S,704888,-0.093,-0.796,0.656
117.339,S,704919,-0.093,-0.796,0.656
117.369,S,704949,-0.093,-0.796,0.656
117.400,S,704979,-0.093,-0.703,0.703
117.430,S,705009,-0.046,-0.796,0.750
117.460,S,705039,-0.046,-0.750,0.703
117.490,S,705070,-0.093,-0.750,0.750
117.520,S,705100,-0.093,-0.656,0.703
117.551,S,705130,-0.140,-0.843,0.703
117.581,S,705160,-0.046,-0.796,0.656
117.611,S,705190,-0.046,-0.750,0.703
117.633,S,705212,-0.046,-0.703,0.703
117.664,S,705243,-0.140,-0.843,0.703
117.694,S,705273,-0.093,-0.750,0.703
117.725,S,705303,-0.046,-0.796,0.703
117.754,S,705333,-0.046,-0.796,0.703
117.785,S,705364,-0.093,-0.843,0.656
117.815,S,705394,-0.093,-0.796,0.656
117.846,S,705424,-0.046,-0.750,0.656
117.876,S,705455,-0.093,-0.750,0.703
117.906,S,705485,-0.093,-0.796,0.656
117.936,S,705515,-0.093,-0.750,0.609
117.966,S,705545,-0.046,-0.843,0.703
117.997,S,705576,-0.046,-0.796,0.656
118.034,READY
118.042,M,MOVING
118.071,S,705650,-0.046,-0.796,0.703
118.101,S,705680,-0.046,-0.750,0.703
118.123,S,705702,-0.046,-0.750,0.703
118.154,S,705732,-0.046,-0.796,0.703
118.184,S,705763,-0.046,-0.843,0.656
118.214,S,705793,0.000,-0.796,0.703
118.245,S,705823,-0.046,-0.796,0.656
118.275,S,705854,0.000,-0.796,0.703
118.281,M,STILL
118.311,S,705890,-0.093,-0.656,0.703
118.341,S,705920,-0.046,-0.796,0.703
118.364,S,705942,-0.046,-0.750,0.703
118.395,S,705973,-0.046,-0.750,0.703
118.424,S,706003,-0.046,-0.796,0.703
118.455,S,706033,-0.046,-0.796,0.656
118.485,S,706064,-0.093,-0.843,0.703
118.516,S,706094,-0.046,-0.750,0.703
118.546,S,706124,-0.046,-0.796,0.656
118.576,S,706154,-0.046,-0.843,0.703
118.606,S,706184,-0.046,-0.750,0.703
118.635,S,706213,-0.046,-0.843,0.703
118.659,S,706237,-0.093,-0.796,0.656
118.688,S,706266,-0.093,-0.750,0.656
118.718,S,706296,-0.046,-0.843,0.703
118.748,S,706326,-0.046,-0.796,0.656
118.779,S,706357,-0.046,-0.796,0.609
118.801,S,706379,-0.046,-0.750,0.656
118.830,S,706408,-0.046,-0.796,0.609
118.852,S,706430,-0.046,-0.750,0.703
118.882,S,706460,-0.046,-0.796,0.703
118.913,S,706491,-0.093,-0.796,0.656
118.943,S,706521,-0.093,-0.796,0.609
118.973,S,706551,-0.046,-0.843,0.656
119.004,S,706581,-0.046,-0.750,0.609
119.040,READY
119.047,M,STILL
119.076,S,706654,-0.093,-0.796,0.609
119.099,S,706676,-0.046,-0.843,0.656
119.129,S,706707,-0.046,-0.796,0.656
119.159,S,706737,-0.046,-0.843,0.656
119.181,S,706759,-0.046,-0.750,0.703
119.212,S,706789,-0.046,-0.796,0.656
119.242,S,706820,-0.046,-0.750,0.656
119.272,S,706850,-0.046,-0.796,0.656
119.294,S,706872,0.000,-0.796,0.656
119.324,S,706901,-0.093,-0.796,0.656
119.354,S,706931,-0.046,-0.750,0.609
119.384,S,706961,-0.046,-0.796,0.703
119.406,S,706984,-0.046,-0.750,0.656
119.436,S,707014,-0.046,-0.796,0.609
119.459,S,707036,-0.046,-0.796,0.609
119.489,S,707067,-0.046,-0.796,0.656
119.519,S,707097,-0.046,-0.796,0.656
119.541,S,707119,0.000,-0.796,0.656
119.571,S,707148,-0.046,-0.750,0.656
119.601,S,707178,-0.046,-0.843,0.609
119.631,S,707208,0.000,-0.750,0.703
119.661,S,707239,-0.046,-0.703,0.656
119.691,S,707269,-0.046,-0.843,0.656
119.721,S,707299,-0.046,-0.750,0.656
119.752,S,707329,-0.093,-0.750,0.703
119.782,S,707359,-0.046,-0.796,0.703
119.812,S,707389,-0.046,-0.796,0.609
119.842,S,707419,-0.046,-0.843,0.656
119.873,S,707450,-0.046,-0.796,0.656
119.895,S,707472,-0.093,-0.796,0.609
119.925,S,707502,0.000,-0.843,0.656
119.948,S,707524,-0.046,-0.843,0.656
119.976,S,707553,-0.093,-0.796,0.656
119.999,S,707575,0.000,-0.796,0.703
120.028,S,707605,-0.046,-0.750,0.703
120.064,READY
120.070,M,STILL
120.099,S,707676,0.000,-0.750,0.703
120.130,S,707707,-0.046,-0.843,0.656
120.160,S,707737,-0.046,-0.750,0.703
120.191,S,707767,-0.046,-0.796,0.656
120.221,S,707797,-0.093,-0.750,0.656
120.250,S,707827,0.000,-0.796,0.656
120.273,S,707849,-0.046,-0.796,0.656
120.303,S,707880,-0.046,-0.843,0.609
120.332,S,707909,-0.093,-0.843,0.703
120.354,S,707931,-0.093,-0.796,0.656
120.384,S,707961,-0.093,-0.796,0.656
120.414,S,707991,-0.046,-0.796,0.656
120.437,S,708014,0.000,-0.796,0.656
120.468,S,708044,-0.093,-0.750,0.703
120.498,S,708074,-0.046,-0.796,0.656
120.529,S,708105,0.000,-0.796,0.703
120.558,S,708135,0.000,-0.843,0.656
120.581,S,708157,0.000,-0.796,0.703
120.610,S,708187,-0.093,-0.796,0.703
120.640,S,708217,0.000,-0.843,0.656
120.671,S,708247,-0.046,-0.843,0.656
120.701,S,708277,-0.093,-0.796,0.656
120.723,S,708299,-0.046,-0.750,0.656
120.753,S,708329,-0.046,-0.796,0.656
120.783,S,708359,-0.046,-0.796,0.703
120.813,S,708389,-0.046,-0.796,0.656
120.843,S,708419,-0.046,-0.843,0.656
120.865,S,708441,-0.093,-0.843,0.656
120.896,S,708471,-0.046,-0.796,0.609
120.925,S,708501,-0.046,-0.796,0.703
120.947,S,708524,-0.046,-0.843,0.609
120.977,S,708553,-0.046,-0.843,0.656
121.007,S,708583,-0.046,-0.796,0.609
121.037,S,708613,-0.046,-0.750,0.656
121.072,READY
121.079,M,STILL
121.108,S,708684,0.000,-0.796,0.703
121.131,S,708706,-0.046,-0.843,0.703
121.160,S,708736,-0.140,-0.843,0.703
121.183,S,708759,-0.046,-0.843,0.703
121.213,S,708789,-0.093,-0.796,0.609
121.244,S,708819,-0.140,-0.796,0.656
121.266,S,708841,-0.093,-0.796,0.656
121.295,S,708871,-0.093,-0.796,0.703
121.317,S,708893,-0.046,-0.843,0.656
121.347,S,708923,-0.093,-0.843,0.656
121.377,S,708953,-0.046,-0.796,0.609
121.399,S,708975,-0.046,-0.796,0.656
121.429,S,709004,-0.046,-0.750,0.703
121.458,S,709034,0.000,-0.796,0.656
121.481,S,709057,-0.046,-0.843,0.656
121.510,S,709086,-0.093,-0.843,0.656
121.540,S,709116,-0.046,-0.843,0.656
121.563,S,709138,-0.046,-0.796,0.656
121.593,S,709168,-0.093,-0.843,0.656
121.623,S,709198,-0.046,-0.796,0.656
121.653,S,709229,-0.046,-0.796,0.656
121.684,S,709259,-0.093,-0.796,0.656
121.713,S,709289,0.000,-0.843,0.656
121.744,S,709319,-0.046,-0.796,0.656
121.766,S,709341,-0.093,-0.796,0.656
121.796,S,709371,-0.046,-0.796,0.656
121.826,S,709402,-0.046,-0.750,0.656
121.857,S,709432,-0.046,-0.750,0.656
121.879,S,709454,0.000,-0.796,0.656
121.908,S,709483,-0.093,-0.750,0.656
121.939,S,709514,-0.046,-0.796,0.656
121.961,S,709536,-0.046,-0.796,0.703
121.989,S,709565,0.000,-0.703,0.703
122.020,S,709595,-0.046,-0.890,0.656
122.050,S,709625,0.046,-0.796,0.703
122.087,READY
122.095,M,STILL
122.124,S,709699,-0.093,-0.796,0.609
122.154,S,709729,-0.046,-0.843,0.656
122.184,S,709760,0.000,-0.843,0.656
122.206,S,709782,0.000,-0.843,0.703
122.236,S,709811,0.000,-0.750,0.656
122.267,S,709842,-0.046,-0.843,0.656
122.298,S,709872,-0.046,-0.796,0.656
122.328,S,709902,0.046,-0.703,0.703
122.350,S,709925,-0.046,-0.796,0.656
122.381,S,709955,-0.046,-0.843,0.656
122.410,S,709985,-0.046,-0.796,0.703
122.441,S,710015,-0.093,-0.843,0.656
122.471,S,710045,-0.046,-0.796,0.656
122.501,S,710075,-0.093,-0.796,0.656
122.531,S,710106,0.046,-0.750,0.703
122.562,S,710136,-0.046,-0.750,0.656
122.592,S,710166,-0.093,-0.796,0.609
122.622,S,710197,-0.140,-0.750,0.656
122.645,S,710219,-0.093,-0.796,0.609
122.673,S,710248,-0.140,-0.750,0.656
122.703,S,710278,-0.093,-0.796,0.656
122.734,S,710308,-0.093,-0.796,0.656
122.764,S,710338,-0.093,-0.843,0.656
122.794,S,710369,0.000,-0.843,0.609
122.816,S,710391,-0.046,-0.750,0.656
122.846,S,710420,0.000,-0.796,0.656
122.868,S,710442,-0.093,-0.796,0.609
122.899,S,710473,-0.046,-0.750,0.656
122.930,S,710504,-0.046,-0.703,0.703
122.952,S,710526,-0.046,-0.750,0.703
122.981,S,710555,-0.046,-0.843,0.656
123.011,S,710585,0.000,-0.750,0.703
123.041,S,710615,-0.093,-0.796,0.656
123.071,S,710645,-0.093,-0.890,0.703
123.108,READY
123.114,M,STILL
123.143,S,710718,-0.093,-0.796,0.656
123.166,S,710740,-0.093,-0.796,0.703
123.195,S,710769,-0.046,-0.843,0.656
123.225,S,710799,-0.046,-0.796,0.703
123.248,S,710822,-0.140,-0.796,0.656
123.278,S,710852,-0.046,-0.796,0.656
123.308,S,710882,0.000,-0.796,0.609
123.331,S,710904,0.000,-0.796,0.703
123.361,S,710935,0.046,-0.843,0.656
123.392,S,710965,0.046,-0.843,0.609
123.421,S,710995,0.000,-0.796,0.609
123.443,S,711017,-0.046,-0.796,0.656
123.472,S,711046,-0.093,-0.750,0.656
123.503,S,711077,-0.093,-0.796,0.703
123.533,S,711107,-0.093,-0.843,0.656
123.563,S,711137,-0.046,-0.796,0.656
123.585,S,711159,-0.046,-0.796,0.656
123.615,S,711188,0.046,-0.796,0.656
123.645,S,711218,0.000,-0.843,0.656
123.675,S,711248,0.000,-0.843,0.609
123.697,S,711271,0.000,-0.843,0.656
123.726,S,711300,0.000,-0.750,0.703
123.749,S,711322,-0.093,-0.796,0.703
123.778,S,711352,0.000,-0.796,0.609
123.809,S,711382,-0.046,-0.796,0.703
123.839,S,711412,-0.046,-0.796,0.703
123.869,S,711442,-0.046,-0.750,0.656
123.901,S,711474,-0.046,-0.843,0.562
123.931,S,711504,-0.046,-0.750,0.656
123.961,S,711534,0.000,-0.796,0.656
123.991,S,711564,0.046,-0.843,0.656
124.022,S,711595,-0.140,-0.796,0.609
124.044,S,711617,0.000,-0.796,0.703
124.074,S,711647,-0.093,-0.796,0.703
124.112,READY
124.119,M,STILL
124.148,S,711721,-0.046,-0.843,0.656
124.177,S,711750,-0.046,-0.843,0.656
124.207,S,711780,-0.046,-0.796,0.703
124.237,S,711810,-0.093,-0.796,0.656
124.268,S,711841,-0.046,-0.796,0.703
124.297,S,711870,-0.046,-0.796,0.656
124.327,S,711901,0.000,-0.796,0.656
124.350,S,711923,0.000,-0.796,0.656
124.379,S,711952,-0.093,-0.796,0.609
124.409,S,711982,0.000,-0.843,0.656
124.439,S,712012,-0.046,-0.843,0.703
124.462,S,712034,-0.046,-0.796,0.656
124.490,S,712063,-0.046,-0.796,0.656
124.513,S,712085,-0.093,-0.796,0.703
124.542,S,712115,-0.046,-0.796,0.656
124.564,S,712137,0.000,-0.843,0.656
124.594,S,712166,-0.046,-0.796,0.656
124.624,S,712196,-0.046,-0.750,0.656
124.646,S,712218,-0.046,-0.796,0.703
124.676,S,712248,-0.046,-0.750,0.609
124.706,S,712279,-0.093,-0.843,0.656
124.736,S,712309,-0.046,-0.750,0.656
124.767,S,712339,-0.046,-0.843,0.656
124.797,S,712369,-0.093,-0.843,0.656
124.819,S,712391,0.000,-0.796,0.656
124.848,S,712420,0.000,-0.750,0.656
124.877,S,712450,-0.046,-0.796,0.656
124.899,S,712472,0.046,-0.796,0.656
124.929,S,712501,-0.046,-0.796,0.656
124.959,S,712531,-0.046,-0.796,0.656
124.988,S,712561,0.000,-0.796,0.656
125.011,S,712583,-0.046,-0.796,0.656
125.041,S,712613,-0.046,-0.796,0.656
125.071,S,712643,-0.046,-0.796,0.656
125.101,S,712673,-0.046,-0.843,0.656
125.138,READY
125.145,M,STILL
125.175,S,712747,-0.046,-0.796,0.656
125.204,S,712777,0.000,-0.843,0.656
125.227,S,712799,0.000,-0.843,0.656
125.256,S,712828,-0.046,-0.843,0.656
125.278,S,712850,0.000,-0.750,0.609
125.307,S,712879,-0.093,-0.796,0.609
125.329,S,712901,0.000,-0.843,0.656
125.358,S,712930,-0.046,-0.796,0.609
125.388,S,712960,-0.046,-0.796,0.656
125.410,S,712982,-0.046,-0.796,0.656
125.440,S,713012,0.000,-0.796,0.703
125.470,S,713042,-0.046,-0.890,0.656
125.500,S,713072,-0.046,-0.750,0.656
125.523,S,713094,-0.046,-0.750,0.703
125.551,S,713123,-0.093,-0.843,0.656
125.574,S,713145,-0.046,-0.843,0.609
125.604,S,713175,0.000,-0.796,0.703
125.626,S,713197,-0.046,-0.796,0.609
125.656,S,713227,-0.093,-0.796,0.609
125.686,S,713257,-0.046,-0.843,0.656
125.716,S,713288,-0.046,-0.796,0.656
125.746,S,713318,0.000,-0.890,0.656
125.769,S,713340,0.000,-0.843,0.656
125.798,S,713370,-0.046,-0.843,0.656
125.829,S,713400,0.000,-0.796,0.703
125.851,S,713423,-0.046,-0.796,0.656
125.880,S,713452,-0.093,-0.843,0.703
125.903,S,713474,-0.046,-0.843,0.609
125.934,S,713505,-0.046,-0.843,0.609
125.965,S,713536,-0.046,-0.796,0.703
125.995,S,713566,-0.046,-0.750,0.656
126.025,S,713596,-0.046,-0.796,0.656
126.055,S,713626,0.000,-0.843,0.703
126.085,S,713657,0.000,-0.796,0.656
126.116,S,713687,-0.046,-0.796,0.656
126.153,READY
126.160,M,STILL
126.190,S,713761,-0.046,-0.796,0.656
126.221,S,713791,-0.046,-0.796,0.609
126.251,S,713821,-0.046,-0.796,0.656
126.280,S,713852,-0.046,-0.796,0.609
126.310,S,713881,-0.046,-0.796,0.703
126.627,S,713911,0.000,-0.843,0.656
126.628,S,713941,-0.046,-0.796,0.656
126.629,S,713971,0.000,-0.796,0.562
126.631,S,714001,-0.046,-0.843,0.609
126.632,S,714032,-0.046,-0.796,0.609
126.633,S,714062,-0.093,-0.843,0.656
126.635,S,714084,-0.046,-0.750,0.656
126.636,S,714114,-0.046,-0.796,0.703
126.637,S,714144,-0.093,-0.890,0.703
126.638,S,714175,-0.046,-0.796,0.609
126.640,S,714205,0.000,-0.796,0.656
126.664,S,714235,-0.046,-0.796,0.609
126.695,S,714265,-0.046,-0.796,0.656
126.716,S,714287,-0.046,-0.796,0.609
126.745,S,714317,-0.046,-0.796,0.609
126.776,S,714347,0.000,-0.843,0.656
126.798,S,714369,-0.046,-0.796,0.609
126.827,S,714398,0.000,-0.890,0.656
126.849,S,714420,-0.046,-0.796,0.656
126.880,S,714451,-0.046,-0.750,0.656
126.910,S,714480,-0.046,-0.843,0.656
126.940,S,714511,0.000,-0.703,0.656
126.962,S,714533,0.000,-0.796,0.703
126.992,S,714562,0.000,-0.796,0.656
127.013,S,714584,0.000,-0.843,0.609
127.042,S,714613,-0.046,-0.796,0.656
127.065,S,714635,-0.046,-0.796,0.703
127.095,S,714665,-0.046,-0.796,0.609
127.117,S,714687,0.000,-0.796,0.656
127.154,READY
127.161,M,STILL
127.190,S,714760,-0.046,-0.796,0.656
127.219,S,714790,0.000,-0.843,0.656
127.249,S,714820,-0.046,-0.750,0.656
127.279,S,714850,0.000,-0.750,0.656
127.301,S,714872,0.000,-0.843,0.656
127.332,S,714902,0.000,-0.843,0.656
127.354,S,714924,-0.046,-0.843,0.656
127.383,S,714953,-0.046,-0.796,0.562
127.413,S,714983,-0.046,-0.796,0.609
127.442,S,715012,-0.046,-0.750,0.609
127.465,S,715035,-0.046,-0.843,0.656
127.494,S,715065,-0.046,-0.796,0.656
127.525,S,715095,0.000,-0.796,0.656
127.555,S,715125,-0.046,-0.843,0.609
127.585,S,715155,-0.046,-0.843,0.656
127.616,S,715185,-0.046,-0.843,0.656
127.646,S,715216,-0.046,-0.796,0.656
127.676,S,715246,0.000,-0.796,0.609
127.707,S,715276,-0.046,-0.796,0.703
127.737,S,715307,-0.046,-0.796,0.656
127.767,S,715337,-0.046,-0.796,0.609
127.797,S,715367,-0.046,-0.843,0.609
127.828,S,715397,0.000,-0.796,0.656
127.850,S,715419,-0.046,-0.843,0.656
127.879,S,715449,-0.046,-0.750,0.656
127.908,S,715478,-0.046,-0.843,0.656
127.930,S,715500,0.000,-0.890,0.656
127.960,S,715530,0.000,-0.890,0.609
127.991,S,715560,0.000,-0.796,0.656
128.021,S,715590,-0.046,-0.796,0.609
128.043,S,715612,-0.046,-0.796,0.656
128.073,S,715642,0.046,-0.843,0.609
128.095,S,715664,-0.046,-0.890,0.656
128.124,S,715694,0.000,-0.796,0.703
128.160,READY
128.319,M,STILL
128.319,S,715766,0.000,-0.796,0.656
128.319,S,715796,-0.046,-0.796,0.609
128.320,S,715819,-0.093,-0.843,0.656
128.320,S,715848,-0.046,-0.796,0.656
128.320,S,715878,-0.046,-0.796,0.656
128.339,S,715908,0.000,-0.750,0.656
128.361,S,715930,-0.093,-0.796,0.609
128.392,S,715960,-0.046,-0.796,0.703
128.422,S,715991,-0.046,-0.843,0.609
128.452,S,716021,0.000,-0.843,0.609
128.481,S,716051,0.000,-0.750,0.656
128.513,S,716082,-0.046,-0.796,0.656
128.543,S,716112,0.000,-0.843,0.656
128.573,S,716142,-0.093,-0.843,0.656
128.603,S,716172,-0.093,-0.796,0.656
128.633,S,716202,0.000,-0.843,0.609
128.664,S,716232,-0.046,-0.843,0.656
128.694,S,716263,-0.046,-0.843,0.656
128.725,S,716293,0.000,-0.796,0.609
128.754,S,716323,-0.046,-0.843,0.656
128.777,S,716345,-0.046,-0.796,0.609
128.807,S,716375,-0.046,-0.843,0.609
128.837,S,716405,0.000,-0.843,0.703
128.859,S,716428,0.000,-0.843,0.656
128.888,S,716457,0.000,-0.750,0.656
128.911,S,716479,0.000,-0.843,0.656
128.941,S,716509,-0.046,-0.843,0.656
128.971,S,716540,-0.046,-0.796,0.656
129.002,S,716570,-0.093,-0.843,0.656
129.032,S,716600,-0.046,-0.796,0.609
129.062,S,716630,0.000,-0.843,0.609
129.084,S,716652,-0.046,-0.890,0.703
129.113,S,716682,0.000,-0.843,0.703
129.136,S,716704,-0.046,-0.750,0.703
129.172,READY
129.325,M,STILL
129.326,S,716776,0.000,-0.796,0.656
129.327,S,716806,-0.046,-0.796,0.656
129.327,S,716836,0.000,-0.843,0.656
129.328,S,716866,-0.046,-0.796,0.609
129.328,S,716897,0.000,-0.890,0.656
129.359,S,716927,-0.046,-0.843,0.609
129.389,S,716957,0.000,-0.843,0.656
129.412,S,716980,-0.046,-0.843,0.703
129.442,S,717010,-0.046,-0.796,0.703
129.472,S,717040,-0.046,-0.796,0.609
129.503,S,717070,0.046,-0.796,0.656
129.533,S,717101,-0.046,-0.796,0.656
129.563,S,717131,-0.046,-0.796,0.656
129.593,S,717161,-0.046,-0.750,0.609
129.623,S,717191,-0.046,-0.843,0.609
129.655,S,717223,0.000,-0.796,0.609
129.684,S,717253,0.000,-0.750,0.656
129.715,S,717283,0.000,-0.843,0.609
129.745,S,717313,0.000,-0.843,0.703
129.768,S,717335,0.000,-0.890,0.703
129.798,S,717366,-0.046,-0.843,0.609
129.829,S,717396,0.000,-0.796,0.656
129.858,S,717426,0.000,-0.843,0.656
129.889,S,717456,-0.046,-0.890,0.656
129.919,S,717487,-0.046,-0.796,0.656
129.949,S,717517,-0.046,-0.796,0.656
129.979,S,717547,-0.046,-0.796,0.609
130.011,S,717578,-0.046,-0.796,0.656
130.041,S,717608,-0.046,-0.796,0.656
130.063,S,717630,-0.046,-0.750,0.656
130.093,S,717661,0.046,-0.796,0.609
130.116,S,717683,0.000,-0.796,0.609
130.146,S,717713,0.000,-0.843,0.656
130.183,READY
130.342,M,STILL
130.343,S,717786,-0.046,-0.796,0.656
130.343,S,717816,0.000,-0.843,0.656
130.343,S,717839,0.000,-0.796,0.656
130.344,S,717868,-0.046,-0.843,0.656
130.344,S,717890,0.000,-0.843,0.656
130.351,S,717919,0.000,-0.796,0.609
130.374,S,717941,-0.046,-0.843,0.609
130.403,S,717970,-0.046,-0.796,0.656
130.433,S,718000,-0.046,-0.843,0.609
130.463,S,718030,-0.046,-0.796,0.656
130.494,S,718060,0.000,-0.796,0.609
130.524,S,718091,0.000,-0.843,0.656
130.554,S,718121,0.000,-0.796,0.656
130.576,S,718143,0.000,-0.843,0.609
130.605,S,718173,0.000,-0.843,0.609
130.635,S,718203,-0.046,-0.796,0.609
130.666,S,718233,-0.046,-0.750,0.609
130.696,S,718263,0.000,-0.843,0.656
130.718,S,718285,-0.046,-0.843,0.656
130.748,S,718314,-0.046,-0.796,0.703
130.777,S,718344,0.046,-0.843,0.609
130.800,S,718366,0.000,-0.796,0.609
130.829,S,718395,0.000,-0.796,0.609
130.859,S,718425,0.000,-0.796,0.609
130.889,S,718456,-0.046,-0.843,0.656
130.912,S,718478,-0.046,-0.843,0.703
130.942,S,718508,-0.046,-0.843,0.703
130.972,S,718538,0.000,-0.843,0.656
131.002,S,718569,-0.046,-0.890,0.750
131.032,S,718599,-0.046,-0.843,0.656
131.063,S,718629,0.000,-0.843,0.656
131.092,S,718659,0.000,-0.843,0.609
131.115,S,718681,-0.046,-0.796,0.609
131.145,S,718711,0.000,-0.843,0.703
131.174,S,718741,0.000,-0.843,0.609
131.211,READY
131.726,M,STILL
131.726,S,718814,-0.046,-0.796,0.656
131.727,S,718844,-0.046,-0.796,0.656
131.728,S,718866,0.000,-0.843,0.656
131.729,S,718896,0.046,-0.796,0.656
131.730,S,718918,-0.046,-0.890,0.656
131.730,S,718949,-0.046,-0.843,0.656
131.731,S,718979,0.000,-0.843,0.609
131.732,S,719009,0.046,-0.843,0.656
131.733,S,719032,0.000,-0.843,0.656
131.734,S,719062,-0.046,-0.796,0.656
131.734,S,719092,0.000,-0.796,0.609
131.735,S,719122,0.000,-0.796,0.609
131.736,S,719145,-0.046,-0.843,0.656
131.737,S,719174,-0.046,-0.843,0.609
131.738,S,719204,-0.046,-0.703,0.609
131.739,S,719234,0.000,-0.796,0.656
131.739,S,719264,0.000,-0.890,0.656
131.740,S,719295,-0.046,-0.843,0.609
131.758,S,719325,-0.046,-0.843,0.609
131.781,S,719347,0.000,-0.890,0.656
131.811,S,719377,0.000,-0.843,0.609
131.841,S,719407,-0.046,-0.843,0.609
131.871,S,719438,0.000,-0.796,0.609
131.902,S,719468,-0.046,-0.796,0.656
131.932,S,719498,0.000,-0.843,0.656
131.963,S,719528,-0.046,-0.796,0.656
131.992,S,719558,0.000,-0.890,0.656
132.015,S,719580,-0.046,-0.843,0.656
132.044,S,719609,-0.046,-0.890,0.703
132.074,S,719640,0.046,-0.796,0.609
132.104,S,719670,0.000,-0.890,0.656
132.127,S,719692,-0.046,-0.843,0.703
132.156,S,719722,0.000,-0.796,0.609
132.187,S,719752,0.000,-0.843,0.609
132.224,READY
132.231,M,STILL
132.260,S,719825,-0.046,-0.843,0.656
132.282,S,719847,0.000,-0.796,0.656
132.312,S,719878,-0.046,-0.843,0.609
132.334,S,719900,0.000,-0.796,0.656
132.363,S,719929,0.000,-0.796,0.609
132.386,S,719951,-0.046,-0.796,0.656
132.416,S,719981,0.000,-0.843,0.656
132.439,S,720004,0.000,-0.843,0.656
132.468,S,720033,0.000,-0.750,0.609
132.498,S,720063,0.000,-0.843,0.609
132.528,S,720094,0.000,-0.843,0.609
132.558,S,720124,0.000,-0.796,0.609
132.589,S,720154,0.000,-0.750,0.656
132.619,S,720184,0.000,-0.843,0.609
132.641,S,720206,0.046,-0.843,0.656
132.671,S,720236,0.000,-0.843,0.609
132.701,S,720266,-0.046,-0.843,0.656
132.731,S,720296,-0.046,-0.796,0.656
132.761,S,720326,-0.046,-0.796,0.609
132.791,S,720356,0.000,-0.843,0.609
132.813,S,720378,0.000,-0.750,0.656
132.843,S,720408,0.000,-0.843,0.656
132.872,S,720438,0.000,-0.796,0.609
132.895,S,720460,0.000,-0.796,0.656
132.924,S,720489,0.000,-0.750,0.656
132.954,S,720519,-0.046,-0.796,0.656
132.985,S,720549,0.000,-0.750,0.609
133.015,S,720580,-0.046,-0.796,0.656
133.045,S,720610,-0.046,-0.796,0.609
133.075,S,720640,0.000,-0.796,0.703
133.105,S,720670,0.000,-0.796,0.656
133.128,S,720692,0.000,-0.796,0.609
133.158,S,720722,-0.046,-0.796,0.656
133.188,S,720752,0.000,-0.843,0.656
133.218,S,720783,-0.046,-0.796,0.656
133.256,READY
133.263,M,STILL
133.292,S,720857,0.046,-0.843,0.656
133.315,S,720879,0.000,-0.796,0.609
133.344,S,720908,0.000,-0.843,0.656
133.374,S,720939,0.000,-0.796,0.656
133.405,S,720969,0.000,-0.843,0.656
133.427,S,720991,-0.046,-0.750,0.656
133.457,S,721021,-0.093,-0.796,0.656
133.481,S,721045,-0.046,-0.796,0.609
133.511,S,721075,-0.046,-0.796,0.656
133.533,S,721097,0.000,-0.796,0.609
133.562,S,721126,0.000,-0.796,0.656
133.591,S,721156,0.000,-0.843,0.609
133.614,S,721178,0.000,-0.843,0.609
133.644,S,721208,0.046,-0.843,0.656
133.673,S,721237,-0.046,-0.843,0.656
133.695,S,721259,0.046,-0.843,0.703
133.725,S,721290,0.000,-0.750,0.656
133.748,S,721312,0.000,-0.796,0.656
133.778,S,721342,0.000,-0.796,0.656
133.800,S,721364,0.046,-0.703,0.703
133.831,S,721395,-0.046,-0.796,0.656
133.853,S,721417,0.000,-0.796,0.656
133.882,S,721446,-0.046,-0.890,0.609
133.912,S,721476,0.000,-0.796,0.562
133.935,S,721498,-0.046,-0.796,0.656
133.964,S,721527,0.000,-0.796,0.609
133.994,S,721558,-0.046,-0.843,0.609
134.024,S,721588,0.000,-0.796,0.656
134.054,S,721618,-0.046,-0.843,0.656
134.076,S,721640,-0.046,-0.796,0.656
134.107,S,721670,0.000,-0.796,0.609
134.129,S,721692,0.000,-0.796,0.609
134.158,S,721722,0.000,-0.796,0.656
134.189,S,721752,0.000,-0.796,0.609
134.219,S,721782,-0.046,-0.796,0.609
134.241,S,721804,0.000,-0.843,0.656
134.279,READY
134.286,M,STILL
134.315,S,721878,-0.046,-0.796,0.656
134.345,S,721908,-0.046,-0.843,0.562
134.375,S,721939,-0.046,-0.890,0.656
134.406,S,721969,-0.046,-0.843,0.656
134.436,S,721999,-0.046,-0.843,0.656
134.466,S,722029,-0.046,-0.843,0.609
134.496,S,722059,-0.046,-0.796,0.656
134.526,S,722089,-0.046,-0.843,0.609
134.556,S,722120,-0.046,-0.843,0.656
134.587,S,722150,-0.046,-0.843,0.609
134.617,S,722181,-0.093,-0.796,0.609
134.648,S,722211,-0.046,-0.843,0.609
134.678,S,722241,0.000,-0.843,0.656
134.700,S,722263,0.000,-0.843,0.656
134.729,S,722292,-0.046,-0.843,0.656
134.753,S,722316,-0.046,-0.843,0.656
134.783,S,722346,-0.093,-0.843,0.609
134.813,S,722376,0.000,-0.843,0.609
134.836,S,722398,-0.093,-0.750,0.656
134.866,S,722429,0.000,-0.703,0.656
134.896,S,722459,0.000,-0.890,0.656
134.927,S,722489,-0.046,-0.843,0.609
134.957,S,722519,-0.046,-0.843,0.656
134.979,S,722541,-0.046,-0.796,0.656
135.008,S,722571,-0.046,-0.843,0.656
135.039,S,722601,0.000,-0.843,0.609
135.069,S,722632,0.000,-0.796,0.656
135.099,S,722662,-0.046,-0.843,0.656
135.130,S,722692,0.000,-0.890,0.609
135.152,S,722714,-0.046,-0.796,0.703
135.181,S,722744,-0.046,-0.796,0.656
135.203,S,722766,-0.046,-0.796,0.656
135.233,S,722796,-0.046,-0.796,0.703
135.264,S,722826,-0.093,-0.843,0.656
135.300,READY
135.307,M,STILL
135.337,S,722899,-0.046,-0.937,0.656
135.367,S,722929,0.000,-0.843,0.656
135.389,S,722951,0.000,-0.796,0.656
135.418,S,722981,0.000,-0.890,0.609
135.449,S,723011,-0.093,-0.796,0.703
135.479,S,723041,-0.046,-0.750,0.656
135.508,S,723071,0.000,-0.843,0.609
135.531,S,723093,0.046,-0.843,0.609
135.560,S,723122,-0.046,-0.843,0.656
135.583,S,723145,-0.046,-0.796,0.656
135.612,S,723175,0.000,-0.843,0.703
135.635,S,723197,0.000,-0.843,0.656
135.664,S,723226,0.000,-0.890,0.656
135.694,S,723256,0.000,-0.843,0.656
135.724,S,723286,0.000,-0.843,0.656
135.745,S,723308,0.000,-0.796,0.609
135.775,S,723337,-0.093,-0.796,0.609
135.797,S,723359,0.000,-0.796,0.609
135.825,S,723387,0.000,-0.890,0.656
135.856,S,723417,0.000,-0.843,0.656
135.886,S,723447,0.046,-0.843,0.656
135.909,S,723471,0.000,-0.796,0.656
135.938,S,723500,0.000,-0.843,0.656
135.960,S,723522,0.000,-0.843,0.609
135.989,S,723551,0.000,-0.843,0.656
136.011,S,723573,0.000,-0.843,0.609
136.040,S,723602,-0.046,-0.796,0.656
136.071,S,723633,-0.046,-0.843,0.656
136.101,S,723663,-0.046,-0.843,0.609
136.131,S,723693,-0.046,-0.796,0.656
136.154,S,723715,-0.093,-0.843,0.656
136.184,S,723745,-0.046,-0.890,0.609
136.206,S,723768,0.000,-0.843,0.656
136.235,S,723797,-0.046,-0.843,0.609
136.257,S,723819,0.046,-0.750,0.656
136.287,S,723849,-0.046,-0.750,0.656
136.324,READY
136.330,M,STILL
136.360,S,723921,0.000,-0.796,0.609
136.390,S,723951,-0.093,-0.796,0.609
136.420,S,723981,-0.046,-0.796,0.656
136.451,S,724011,-0.046,-0.796,0.656
136.480,S,724042,-0.046,-0.843,0.656
136.504,S,724064,-0.046,-0.843,0.562
136.533,S,724094,0.000,-0.750,0.656
136.564,S,724125,-0.046,-0.843,0.656
136.594,S,724155,-0.046,-0.750,0.656
136.624,S,724185,-0.046,-0.843,0.703
136.654,S,724215,-0.046,-0.843,0.609
136.685,S,724246,0.000,-0.796,0.656
136.715,S,724276,0.000,-0.843,0.609
136.745,S,724306,-0.046,-0.843,0.609
136.775,S,724336,0.000,-0.843,0.656
136.805,S,724366,-0.046,-0.843,0.656
136.835,S,724396,-0.046,-0.843,0.656
136.866,S,724427,-0.046,-0.843,0.609
136.896,S,724457,-0.046,-0.796,0.609
136.919,S,724479,0.000,-0.796,0.609
136.948,S,724509,0.000,-0.843,0.656
136.971,S,724532,0.000,-0.890,0.656
137.001,S,724562,-0.046,-0.843,0.609
137.024,S,724584,0.046,-0.843,0.656
137.054,S,724615,0.000,-0.796,0.656
137.084,S,724645,-0.046,-0.890,0.609
137.115,S,724675,0.000,-0.796,0.656
137.145,S,724706,-0.046,-0.843,0.609
137.167,S,724728,0.000,-0.750,0.609
137.198,S,724758,-0.046,-0.796,0.656
137.227,S,724788,0.000,-0.843,0.609
137.258,S,724818,0.000,-0.843,0.609
137.288,S,724849,-0.093,-0.843,0.656
137.318,S,724879,-0.046,-0.796,0.609
137.355,READY
137.363,M,STILL
137.392,S,724952,-0.046,-0.843,0.609
137.414,S,724974,0.000,-0.796,0.656
137.444,S,725004,-0.046,-0.843,0.609
137.473,S,725034,0.000,-0.843,0.656
137.496,S,725056,-0.046,-0.796,0.656
137.525,S,725085,-0.046,-0.843,0.656
137.547,S,725107,-0.046,-0.843,0.609
137.577,S,725137,-0.046,-0.703,0.609
137.599,S,725159,0.000,-0.843,0.656
137.628,S,725188,0.000,-0.796,0.656
137.650,S,725210,-0.046,-0.843,0.656
137.680,S,725240,0.000,-0.750,0.703
137.710,S,725270,-0.046,-0.843,0.656
137.740,S,725301,-0.046,-0.796,0.656
137.763,S,725323,0.046,-0.796,0.656
137.793,S,725353,0.000,-0.796,0.656
137.815,S,725375,0.046,-0.843,0.656
137.845,S,725405,-0.093,-0.796,0.609
137.874,S,725434,0.000,-0.843,0.656
137.896,S,725456,-0.046,-0.843,0.656
137.926,S,725486,-0.046,-0.796,0.656
137.949,S,725508,-0.046,-0.796,0.609
137.978,S,725538,0.000,-0.843,0.656
138.000,S,725560,-0.046,-0.843,0.656
138.030,S,725590,0.000,-0.843,0.562
138.053,S,725613,-0.046,-0.843,0.609
138.082,S,725642,0.046,-0.890,0.656
138.104,S,725664,0.000,-0.843,0.609
138.134,S,725693,0.000,-0.890,0.656
138.156,S,725716,0.046,-0.843,0.656
138.186,S,725746,0.000,-0.843,0.656
138.208,S,725768,-0.093,-0.843,0.656
138.238,S,725797,-0.046,-0.843,0.609
138.260,S,725819,0.000,-0.890,0.609
138.288,S,725848,0.046,-0.843,0.609
138.318,S,725877,-0.046,-0.796,0.656
138.348,S,725908,-0.046,-0.750,0.656
138.386,READY
138.393,M,STILL
138.422,S,725981,0.000,-0.796,0.656
138.452,S,726012,-0.093,-0.843,0.656
138.474,S,726034,0.000,-0.843,0.656
138.504,S,726063,-0.046,-0.890,0.609
138.526,S,726085,0.000,-0.843,0.609
138.555,S,726114,0.046,-0.796,0.703
138.585,S,726145,-0.046,-0.843,0.656
138.616,S,726175,-0.093,-0.796,0.656
138.637,S,726197,-0.046,-0.750,0.609
138.667,S,726226,-0.046,-0.796,0.656
138.688,S,726248,-0.046,-0.796,0.609
138.718,S,726277,0.000,-0.843,0.609
138.748,S,726307,0.000,-0.843,0.609
138.770,S,726329,-0.093,-0.796,0.656
138.799,S,726358,0.000,-0.890,0.656
138.821,S,726380,0.046,-0.796,0.609
138.850,S,726409,-0.046,-0.796,0.703
138.881,S,726440,-0.046,-0.843,0.609
138.911,S,726470,0.000,-0.796,0.656
138.933,S,726492,0.000,-0.796,0.609
138.962,S,726521,0.000,-0.843,0.656
138.993,S,726552,-0.046,-0.843,0.656
139.023,S,726582,-0.046,-0.843,0.609
139.045,S,726604,-0.046,-0.796,0.656
139.075,S,726634,-0.046,-0.750,0.609
139.105,S,726664,0.000,-0.843,0.656
139.135,S,726694,0.000,-0.796,0.656
139.157,S,726716,-0.093,-0.843,0.656
139.186,S,726745,0.000,-0.796,0.609
139.208,S,726767,-0.046,-0.796,0.703
139.238,S,726797,-0.046,-0.796,0.656
139.269,S,726827,0.000,-0.796,0.609
139.298,S,726857,0.000,-0.843,0.609
139.320,S,726879,-0.046,-0.796,0.656
139.350,S,726909,-0.046,-0.750,0.656
139.387,READY
139.394,M,STILL
139.423,S,726982,-0.046,-0.750,0.703
139.454,S,727012,-0.046,-0.796,0.609
139.484,S,727042,-0.046,-0.796,0.656
139.506,S,727064,0.000,-0.843,0.656
139.535,S,727093,-0.046,-0.843,0.656
139.565,S,727124,-0.046,-0.796,0.656
139.596,S,727154,-0.046,-0.843,0.656
139.626,S,727184,-0.046,-0.843,0.656
139.656,S,727214,0.000,-0.843,0.656
139.678,S,727236,-0.046,-0.796,0.609
139.709,S,727267,-0.046,-0.796,0.656
139.730,S,727289,0.000,-0.796,0.609
139.760,S,727318,-0.046,-0.796,0.609
139.790,S,727348,-0.046,-0.796,0.656
139.812,S,727370,-0.046,-0.890,0.609
139.842,S,727401,-0.046,-0.843,0.656
139.874,S,727432,0.000,-0.843,0.609
139.904,S,727462,0.000,-0.843,0.656
139.926,S,727484,0.000,-0.796,0.656
139.957,S,727515,0.000,-0.890,0.609
139.979,S,727537,-0.046,-0.843,0.609
140.009,S,727567,0.000,-0.843,0.656
140.039,S,727597,-0.046,-0.843,0.656
140.069,S,727627,0.046,-0.843,0.609
140.100,S,727658,0.000,-0.843,0.656
140.122,S,727680,-0.046,-0.796,0.609
140.152,S,727709,0.000,-0.843,0.609
140.182,S,727740,0.000,-0.890,0.609
140.212,S,727770,0.000,-0.796,0.609
140.242,S,727800,-0.046,-0.796,0.656
140.273,S,727830,0.000,-0.843,0.656
140.295,S,727852,0.000,-0.796,0.656
140.324,S,727881,0.000,-0.796,0.656
140.346,S,727903,0.000,-0.843,0.609
140.375,S,727932,0.000,-0.796,0.609
140.411,READY
140.419,M,STILL
140.448,S,728005,-0.046,-0.703,0.609
140.477,S,728034,-0.046,-0.843,0.609
140.508,S,728065,0.046,-0.796,0.656
140.538,S,728095,0.000,-0.843,0.609
140.568,S,728126,-0.046,-0.796,0.656
140.598,S,728155,0.000,-0.750,0.656
140.628,S,728185,-0.046,-0.843,0.656
140.658,S,728215,-0.046,-0.890,0.609
140.688,S,728245,0.046,-0.843,0.609
140.718,S,728275,0.046,-0.890,0.609
140.748,S,728306,-0.046,-0.796,0.609
140.779,S,728336,0.000,-0.796,0.609
140.809,S,728366,0.000,-0.843,0.703
140.838,S,728396,0.000,-0.890,0.656
140.869,S,728426,0.000,-0.890,0.609
140.900,S,728456,-0.046,-0.796,0.609
140.929,S,728487,0.000,-0.843,0.656
140.959,S,728516,0.000,-0.890,0.656
140.989,S,728546,0.000,-0.796,0.609
141.012,S,728568,-0.046,-0.843,0.656
141.042,S,728599,0.046,-0.843,0.609
141.071,S,728629,0.046,-0.796,0.656
141.094,S,728651,0.000,-0.890,0.609
141.125,S,728681,-0.046,-0.843,0.609
141.155,S,728712,-0.046,-0.796,0.609
141.185,S,728742,-0.046,-0.796,0.609
141.215,S,728772,0.000,-0.796,0.656
141.237,S,728794,0.046,-0.890,0.656
141.268,S,728824,0.000,-0.796,0.609
141.298,S,728855,0.000,-0.890,0.609
141.329,S,728885,-0.046,-0.796,0.609
141.351,S,728907,-0.046,-0.843,0.609
141.381,S,728938,-0.046,-0.843,0.656
141.419,READY
141.426,M,STILL
141.455,S,729011,0.046,-0.843,0.609
141.485,S,729042,0.000,-0.843,0.656
141.516,S,729072,-0.046,-0.796,0.656
141.546,S,729102,0.046,-0.750,0.656
141.576,S,729132,-0.046,-0.843,0.562
141.606,S,729162,-0.046,-0.890,0.656
141.636,S,729193,-0.046,-0.843,0.609
141.666,S,729223,-0.046,-0.843,0.609
141.696,S,729253,0.046,-0.796,0.609
141.728,S,729284,0.046,-0.796,0.609
141.758,S,729314,0.046,-0.796,0.609
141.781,S,729337,0.000,-0.750,0.609
141.810,S,729366,0.000,-0.890,0.609
141.833,S,729389,-0.093,-0.890,0.656
141.863,S,729419,0.000,-0.843,0.609
141.893,S,729449,0.000,-0.750,0.656
141.923,S,729479,0.000,-0.843,0.656
141.953,S,729509,0.000,-0.843,0.656
141.984,S,729539,0.046,-0.796,0.609
142.014,S,729570,0.000,-0.796,0.609
142.044,S,729600,-0.046,-0.843,0.656
142.074,S,729630,0.000,-0.843,0.656
142.105,S,729660,0.000,-0.796,0.609
142.135,S,729690,0.000,-0.843,0.656
142.164,S,729720,0.000,-0.890,0.609
142.187,S,729743,-0.046,-0.796,0.656
142.217,S,729773,0.000,-0.937,0.609
142.247,S,729803,0.000,-0.796,0.656
142.277,S,729833,0.000,-0.843,0.656
142.300,S,729855,0.000,-0.796,0.656
142.330,S,729886,0.046,-0.843,0.656
142.360,S,729916,0.046,-0.843,0.656
142.383,S,729938,-0.046,-0.843,0.656
142.419,READY
142.427,M,STILL
142.456,S,730011,0.000,-0.843,0.609
142.485,S,730041,-0.046,-0.796,0.656
142.515,S,730071,-0.046,-0.796,0.609
142.537,S,730093,-0.046,-0.796,0.609
142.568,S,730123,0.046,-0.796,0.609
142.591,S,730146,-0.046,-0.843,0.703
142.621,S,730177,0.000,-0.796,0.609
142.644,S,730199,0.000,-0.796,0.656
142.674,S,730230,0.000,-0.843,0.609
142.704,S,730260,-0.046,-0.843,0.562
142.734,S,730290,0.000,-0.890,0.609
142.757,S,730312,-0.046,-0.843,0.562
142.786,S,730341,0.000,-0.796,0.609
142.809,S,730364,0.000,-0.796,0.656
142.839,S,730394,0.046,-0.843,0.609
142.869,S,730424,0.000,-0.796,0.656
142.899,S,730454,-0.046,-0.796,0.656
142.929,S,730484,0.046,-0.796,0.609
142.958,S,730514,-0.046,-0.796,0.609
142.989,S,730544,-0.046,-0.843,0.656
143.019,S,730574,0.046,-0.843,0.609
143.050,S,730605,-0.046,-0.843,0.656
143.072,S,730627,0.000,-0.796,0.609
143.103,S,730658,-0.046,-0.843,0.609
143.133,S,730688,-0.046,-0.843,0.656
143.163,S,730718,-0.046,-0.843,0.609
143.193,S,730748,-0.046,-0.937,0.609
143.223,S,730778,0.000,-0.843,0.656
143.254,S,730808,-0.046,-0.750,0.562
143.284,S,730839,-0.046,-0.750,0.609
143.314,S,730869,0.000,-0.843,0.656
143.344,S,730899,0.000,-0.843,0.656
143.374,S,730929,-0.046,-0.843,0.656
143.404,S,730959,0.000,-0.843,0.609
143.442,READY
143.449,M,STILL
143.478,S,731033,0.000,-0.796,0.656
143.508,S,731063,0.000,-0.890,0.609
143.531,S,731085,-0.046,-0.843,0.609
143.560,S,731115,0.000,-0.843,0.656
143.591,S,731145,-0.046,-0.750,0.656
143.620,S,731175,0.046,-0.843,0.656
143.650,S,731205,0.000,-0.843,0.656
143.673,S,731227,0.000,-0.890,0.656
143.702,S,731257,0.000,-0.796,0.609
143.732,S,731287,0.000,-0.750,0.656
143.762,S,731317,0.000,-0.843,0.609
143.793,S,731347,0.000,-0.890,0.609
143.823,S,731377,0.000,-0.843,0.703
143.853,S,731407,0.000,-0.843,0.656
143.875,S,731429,0.046,-0.796,0.609
143.905,S,731459,0.000,-0.796,0.609
143.934,S,731489,0.046,-0.796,0.609
143.957,S,731511,0.000,-0.796,0.609
143.987,S,731541,0.000,-0.843,0.656
144.017,S,731571,0.000,-0.796,0.609
144.047,S,731602,-0.046,-0.796,0.656
144.078,S,731632,0.046,-0.843,0.656
144.100,S,731654,0.000,-0.890,0.656
144.130,S,731684,-0.046,-0.750,0.562
144.160,S,731714,0.046,-0.796,0.609
144.191,S,731745,0.000,-0.890,0.609
144.221,S,731775,0.000,-0.843,0.609
144.251,S,731805,-0.046,-0.796,0.656
144.273,S,731827,0.093,-0.843,0.609
144.302,S,731856,0.000,-0.843,0.609
144.325,S,731878,0.000,-0.796,0.609
144.355,S,731909,-0.046,-0.750,0.656
144.385,S,731939,0.000,-0.843,0.609
144.415,S,731969,0.046,-0.890,0.656
144.451,READY
144.457,M,STILL
144.487,S,732041,0.000,-0.843,0.609
144.517,S,732071,0.046,-0.796,0.609
144.548,S,732102,0.046,-0.796,0.656
144.579,S,732132,-0.046,-0.843,0.609
144.609,S,732163,-0.093,-0.796,0.609
144.632,S,732185,-0.046,-0.843,0.609
144.661,S,732214,0.046,-0.890,0.656
144.690,S,732243,0.000,-0.843,0.562
144.712,S,732266,-0.046,-0.843,0.609
144.741,S,732295,0.000,-0.843,0.609
144.764,S,732317,-0.046,-0.843,0.609
144.792,S,732346,0.000,-0.843,0.609
144.823,S,732376,0.000,-0.890,0.609
144.853,S,732406,-0.046,-0.796,0.656
144.883,S,732436,0.000,-0.843,0.609
144.905,S,732458,0.000,-0.843,0.609
144.934,S,732487,0.000,-0.796,0.656
144.956,S,732509,0.000,-0.796,0.656
144.985,S,732539,0.000,-0.843,0.609
145.008,S,732561,0.046,-0.796,0.656
145.037,S,732590,0.046,-0.796,0.656
145.059,S,732613,-0.046,-0.843,0.609
145.088,S,732642,0.000,-0.796,0.656
145.111,S,732664,0.000,-0.843,0.656
145.140,S,732693,-0.046,-0.843,0.656
145.162,S,732716,0.000,-0.796,0.609
145.191,S,732745,0.000,-0.843,0.609
145.213,S,732766,0.000,-0.890,0.656
145.242,S,732795,-0.046,-0.796,0.609
145.273,S,732825,0.000,-0.890,0.609
145.295,S,732848,-0.046,-0.843,0.656
145.324,S,732877,0.000,-0.796,0.609
145.346,S,732899,0.000,-0.843,0.656
145.376,S,732929,0.000,-0.796,0.609
145.398,S,732951,0.000,-0.796,0.609
145.428,S,732981,0.000,-0.843,0.656
145.463,READY
145.470,M,STILL
145.499,S,733052,0.000,-0.796,0.656
145.530,S,733083,-0.046,-0.843,0.656
145.560,S,733113,0.046,-0.796,0.609
145.583,S,733135,-0.046,-0.843,0.656
145.613,S,733165,-0.046,-0.843,0.609
145.635,S,733188,0.000,-0.843,0.609
145.663,S,733217,0.000,-0.890,0.562
145.686,S,733239,0.000,-0.796,0.609
145.717,S,733269,0.000,-0.796,0.609
145.739,S,733291,0.000,-0.843,0.656
145.768,S,733322,-0.046,-0.843,0.609
145.799,S,733352,-0.046,-0.796,0.609
145.829,S,733382,0.000,-0.843,0.656
145.851,S,733404,0.000,-0.843,0.609
145.880,S,733434,-0.046,-0.796,0.656
145.903,S,733456,0.000,-0.796,0.656
145.934,S,733486,0.000,-0.796,0.656
145.956,S,733508,0.000,-0.843,0.609
145.986,S,733539,0.000,-0.843,0.656
146.008,S,733561,0.000,-0.796,0.609
146.037,S,733590,-0.046,-0.843,0.609
146.060,S,733612,-0.046,-0.890,0.656
146.090,S,733643,0.000,-0.890,0.656
146.112,S,733665,-0.046,-0.796,0.609
146.142,S,733694,0.000,-0.843,0.609
146.164,S,733717,0.000,-0.890,0.609
146.193,S,733746,-0.046,-0.796,0.656
146.224,S,733776,0.000,-0.890,0.656
146.246,S,733798,0.000,-0.843,0.656
146.276,S,733827,-0.046,-0.843,0.656
146.306,S,733858,0.000,-0.796,0.609
146.336,S,733888,0.000,-0.796,0.609
146.359,S,733910,-0.046,-0.843,0.609
146.389,S,733940,0.000,-0.843,0.609
146.419,S,733971,0.000,-0.843,0.703
146.449,S,734001,0.000,-0.843,0.703
146.487,READY
146.494,M,STILL
146.523,S,734075,0.046,-0.843,0.609
146.553,S,734105,0.046,-0.843,0.609
146.583,S,734135,0.046,-0.796,0.609
146.614,S,734165,-0.046,-0.796,0.703
146.644,S,734196,0.000,-0.796,0.656
146.674,S,734226,-0.046,-0.843,0.656
146.704,S,734256,-0.046,-0.843,0.703
146.734,S,734286,0.000,-0.843,0.656
146.765,S,734316,0.046,-0.843,0.609
146.794,S,734345,0.000,-0.796,0.609
146.826,S,734377,0.000,-0.843,0.656
146.856,S,734407,0.000,-0.843,0.609
146.886,S,734437,0.000,-0.796,0.656
146.917,S,734467,-0.046,-0.890,0.609
146.947,S,734498,0.000,-0.796,0.609
146.977,S,734528,-0.046,-0.796,0.609
147.007,S,734558,0.000,-0.890,0.656
147.037,S,734589,0.046,-0.796,0.609
147.068,S,734619,-0.093,-0.843,0.609
147.098,S,734649,0.000,-0.890,0.656
147.128,S,734679,-0.046,-0.843,0.656
147.158,S,734709,0.093,-0.750,0.609
147.188,S,734739,0.046,-0.890,0.656
147.218,S,734769,-0.046,-0.843,0.609
147.248,S,734799,-0.046,-0.890,0.656
