# marks: kind,expected_taps,t_start,t_end
# single,1,4.076878309249878,8.076878309249878
# single,1,8.088191032409668,12.088191032409668
# single,1,12.106760501861572,16.106760501861572
# single,1,16.11513900756836,20.11513900756836
# single,1,20.138837575912476,24.138837575912476
# double,2,30.08215022087097,34.08215022087097
# double,2,34.11232829093933,38.11232829093933
# double,2,38.12690258026123,42.12690258026123
# double,2,42.137301206588745,46.137301206588745
# double,2,46.14717626571655,50.14717626571655
# active,0,56.084670543670654,86.08467054367065
# still,0,91.99433755874634,106.99433755874634
0.196,READY
0.203,M,STILL
0.218,S,1716831,0.140,0.984,-0.093
0.242,S,1716855,0.093,0.937,-0.093
0.272,S,1716885,0.140,0.937,-0.046
0.294,S,1716907,0.140,0.984,-0.046
0.323,S,1716938,0.093,0.984,-0.046
0.347,S,1716960,0.140,0.984,-0.046
0.376,S,1716989,0.140,0.984,-0.093
0.405,S,1717019,0.140,0.984,-0.093
0.435,S,1717049,0.093,1.031,-0.093
0.466,S,1717079,0.187,1.031,-0.046
0.488,S,1717101,0.140,0.937,-0.046
0.517,S,1717130,0.140,0.937,-0.140
0.539,S,1717152,0.140,0.984,-0.046
0.570,S,1717182,0.140,0.984,-0.093
0.599,S,1717212,0.140,0.984,-0.093
0.621,S,1717234,0.140,0.984,-0.093
0.650,S,1717263,0.140,0.984,-0.046
0.672,S,1717285,0.093,0.984,-0.093
0.703,S,1717315,0.140,0.984,-0.046
0.732,S,1717345,0.140,0.984,-0.093
0.761,S,1717375,0.093,0.984,-0.093
0.784,S,1717397,0.140,1.031,-0.046
0.814,S,1717426,0.187,1.031,-0.093
0.842,S,1717455,0.140,0.984,-0.046
0.865,S,1717478,0.140,0.984,0.000
0.893,S,1717507,0.093,0.984,-0.093
0.916,S,1717529,0.093,0.984,-0.046
0.946,S,1717558,0.140,0.984,-0.093
0.968,S,1717581,0.140,0.984,-0.046
0.997,S,1717610,0.140,0.984,0.000
1.020,S,1717632,0.187,0.984,-0.093
1.180,S,1717662,0.140,1.031,-0.093
1.181,S,1717691,0.140,0.984,-0.046
1.183,S,1717723,0.093,0.984,-0.093
1.184,S,1717751,0.140,0.984,-0.093
1.185,S,1717772,0.046,0.984,-0.046
1.186,S,1717794,0.140,0.984,-0.046
1.218,READY
1.225,M,STILL
1.254,S,1717866,0.093,0.937,-0.046
1.276,S,1717888,0.093,0.984,-0.046
1.307,S,1717918,0.187,0.984,-0.093
1.336,S,1717949,0.093,0.937,-0.140
1.367,S,1717979,0.140,0.984,-0.093
1.397,S,1718009,0.093,0.984,-0.093
1.426,S,1718038,0.093,0.984,-0.093
1.449,S,1718061,0.140,1.031,-0.093
1.480,S,1718091,0.140,0.984,-0.140
1.509,S,1718121,0.093,0.984,-0.093
1.540,S,1718152,0.140,0.984,-0.046
1.570,S,1718182,0.140,0.984,-0.093
1.600,S,1718212,0.140,1.031,-0.046
1.631,S,1718242,0.187,1.031,-0.046
1.661,S,1718272,0.093,0.984,-0.093
1.691,S,1718303,0.140,1.031,-0.093
1.721,S,1718333,0.140,0.984,-0.046
1.751,S,1718363,0.093,0.984,-0.093
1.781,S,1718393,0.093,0.984,-0.093
1.811,S,1718423,0.140,0.984,-0.093
1.841,S,1718453,0.093,0.984,-0.093
1.872,S,1718483,0.093,1.031,-0.046
1.901,S,1718513,0.093,0.937,-0.093
1.924,S,1718535,0.093,0.984,-0.046
1.954,S,1718566,0.093,0.984,-0.046
1.984,S,1718596,0.187,0.937,-0.093
2.014,S,1718626,0.140,1.031,-0.093
2.044,S,1718656,0.093,0.984,-0.046
2.206,S,1718686,0.140,1.031,-0.046
2.207,S,1718708,0.140,1.031,-0.046
2.208,S,1718738,0.140,0.984,-0.093
2.208,S,1718768,0.140,0.984,-0.093
2.209,S,1718790,0.093,0.984,-0.046
2.210,S,1718820,0.140,0.984,-0.046
2.246,READY
2.253,M,STILL
2.283,S,1718894,0.140,0.937,-0.093
2.312,S,1718924,0.140,1.031,-0.093
2.335,S,1718946,0.093,0.937,-0.093
2.365,S,1718977,0.140,0.984,-0.046
2.389,S,1718999,0.140,0.984,-0.046
2.419,S,1719030,0.140,0.937,-0.093
2.449,S,1719060,0.140,0.984,-0.046
2.478,S,1719090,0.140,0.984,-0.093
2.509,S,1719120,0.140,0.984,-0.093
2.539,S,1719150,0.140,1.078,-0.046
2.569,S,1719180,0.093,0.984,-0.093
2.600,S,1719211,0.140,0.937,-0.093
2.630,S,1719241,0.093,0.984,-0.046
2.659,S,1719271,0.093,0.984,-0.046
2.690,S,1719301,0.140,0.937,-0.093
2.721,S,1719331,0.093,0.984,-0.093
2.742,S,1719353,0.140,0.984,-0.046
2.771,S,1719382,0.187,0.984,-0.093
2.793,S,1719404,0.046,1.031,-0.046
2.823,S,1719434,0.140,0.937,-0.046
2.846,S,1719456,0.140,1.031,-0.093
2.876,S,1719486,0.093,1.031,-0.093
2.906,S,1719517,0.140,0.984,-0.093
2.936,S,1719547,0.140,0.984,-0.046
2.967,S,1719577,0.140,1.031,-0.093
2.996,S,1719607,0.140,1.031,-0.093
3.027,S,1719637,0.140,0.984,-0.093
3.056,S,1719667,0.140,0.984,0.000
3.565,S,1719697,0.093,0.984,-0.093
3.566,S,1719719,0.187,0.984,-0.046
3.566,S,1719748,0.093,0.937,-0.046
3.567,S,1719779,0.140,1.031,-0.093
3.567,S,1719809,0.093,0.937,-0.093
3.568,S,1719839,0.093,1.031,-0.093
3.568,S,1719861,0.140,0.984,-0.093
3.568,S,1719891,0.187,0.937,-0.046
3.569,S,1719920,0.140,0.984,-0.046
3.569,S,1719950,0.093,0.984,-0.046
3.569,S,1719980,0.140,0.937,-0.093
3.569,S,1720010,0.140,0.984,-0.093
3.570,S,1720041,0.140,0.984,-0.046
3.571,S,1720071,0.093,0.984,-0.046
3.572,S,1720101,0.093,1.031,-0.140
3.573,S,1720123,0.140,1.031,-0.093
3.573,S,1720152,0.140,1.031,-0.046
3.574,S,1720182,0.187,0.937,-0.046
3.608,READY
3.615,M,STILL
3.645,S,1720255,0.140,0.984,-0.093
3.667,S,1720277,0.140,0.984,-0.046
3.696,S,1720306,0.140,0.984,-0.093
3.727,S,1720337,0.140,0.984,-0.046
3.749,S,1720359,0.140,0.984,-0.093
3.777,S,1720388,0.093,0.984,0.000
3.801,S,1720410,0.140,0.937,-0.093
3.831,S,1720441,0.093,0.984,-0.046
3.853,S,1720463,0.140,0.937,-0.046
3.881,S,1720492,0.093,0.937,-0.093
3.912,S,1720522,0.140,1.031,-0.140
3.942,S,1720552,0.140,1.031,-0.046
3.973,S,1720583,0.093,0.984,0.000
3.995,S,1720605,0.187,0.984,-0.046
4.024,S,1720634,0.140,0.984,-0.093
4.054,S,1720664,0.093,1.078,-0.093
4.077,S,1720686,0.140,0.984,-0.093
4.379,S,1720717,0.187,0.984,-0.140
4.380,S,1720739,0.140,0.984,-0.046
4.381,S,1720768,0.140,0.984,-0.046
4.382,S,1720798,0.140,0.984,-0.046
4.382,S,1720828,0.093,0.984,-0.093
4.383,S,1720851,0.140,1.031,-0.140
4.384,S,1720880,0.140,0.937,-0.046
4.385,S,1720910,0.093,0.937,-0.093
4.386,S,1720940,0.140,0.937,-0.093
4.387,S,1720963,0.093,0.984,-0.093
4.387,S,1720993,0.140,0.984,-0.093
4.413,S,1721023,0.140,0.984,-0.093
4.444,S,1721053,0.140,1.031,-0.093
4.474,S,1721083,0.187,1.031,-0.046
4.502,S,1721112,0.187,0.984,-0.046
4.525,S,1721135,0.140,0.984,-0.046
4.555,S,1721165,0.140,0.984,-0.093
4.586,S,1721195,0.093,0.937,-0.046
4.622,READY
4.629,M,STILL
4.659,S,1721268,0.140,0.984,-0.093
4.689,S,1721298,0.093,0.937,-0.093
4.719,S,1721328,0.140,0.937,-0.046
4.749,S,1721358,0.187,0.984,-0.046
4.780,S,1721389,0.093,0.937,0.000
4.802,S,1721411,0.140,0.937,-0.093
4.832,S,1721441,0.140,1.031,-0.093
4.862,S,1721471,0.093,1.031,-0.093
4.892,S,1721501,0.093,0.984,-0.046
4.923,S,1721532,0.140,1.031,-0.093
4.953,S,1721562,0.140,0.984,-0.140
4.976,S,1721584,0.140,0.937,-0.093
5.005,S,1721614,0.093,0.984,-0.046
5.035,S,1721644,0.140,1.031,-0.093
5.066,S,1721674,0.093,0.937,-0.046
5.096,S,1721705,0.140,1.031,-0.093
5.126,S,1721735,0.187,0.984,-0.140
5.148,S,1721757,0.046,0.984,-0.093
5.177,S,1721786,0.093,0.937,-0.093
5.199,S,1721808,0.140,0.984,-0.046
5.228,S,1721837,0.093,0.984,-0.046
5.251,S,1721859,0.140,0.937,-0.046
5.279,S,1721888,0.140,0.937,-0.093
5.310,S,1721918,0.093,0.984,-0.093
5.340,S,1721948,0.140,0.984,-0.046
5.370,S,1721979,0.140,1.031,-0.093
5.393,S,1722001,0.140,0.984,-0.093
5.423,S,1722031,0.093,0.984,-0.046
5.445,S,1722054,0.140,0.984,-0.046
5.475,S,1722084,0.140,1.031,-0.093
5.506,S,1722114,0.140,1.031,-0.093
5.535,S,1722144,0.140,0.984,-0.093
5.566,S,1722174,0.093,0.937,-0.046
5.596,S,1722204,0.140,0.984,-0.046
5.634,READY
5.640,M,STILL
5.669,S,1722277,0.093,0.984,-0.093
5.698,S,1722306,0.140,1.031,-0.046
5.720,S,1722329,0.140,0.937,-0.093
5.751,S,1722359,0.140,0.984,-0.093
5.781,S,1722389,0.140,0.984,-0.140
5.803,S,1722411,0.140,1.031,-0.046
5.834,S,1722442,0.187,0.984,-0.093
5.864,S,1722472,0.093,0.984,-0.093
5.894,S,1722502,0.140,0.984,-0.093
5.924,S,1722532,0.140,1.031,0.000
5.955,S,1722563,0.140,1.078,-0.093
5.985,S,1722593,0.046,1.078,-0.046
6.015,S,1722623,0.140,0.937,-0.093
6.045,S,1722653,0.093,0.984,-0.046
6.076,S,1722683,0.140,1.031,-0.140
6.106,S,1722714,0.140,0.984,-0.046
6.136,S,1722744,0.140,0.937,-0.046
6.166,S,1722774,0.140,0.937,-0.093
6.196,S,1722804,0.093,0.984,-0.046
6.227,S,1722834,0.140,0.937,-0.046
6.257,S,1722864,0.093,0.984,-0.093
6.286,S,1722893,0.140,0.984,-0.093
6.316,S,1722924,0.093,0.984,-0.046
6.339,S,1722946,0.187,0.984,-0.093
6.369,S,1722976,0.093,0.937,-0.093
6.398,S,1723005,0.093,0.984,-0.046
6.428,S,1723036,0.140,0.984,-0.093
6.458,S,1723066,0.093,1.031,-0.046
6.488,S,1723096,0.187,0.984,-0.046
6.511,S,1723118,0.187,0.937,-0.046
6.541,S,1723147,0.093,0.937,-0.093
6.570,S,1723177,0.093,1.031,-0.046
6.601,S,1723208,0.140,0.984,-0.093
6.638,READY
6.645,M,STILL
6.674,S,1723281,0.140,1.031,-0.046
6.705,S,1723312,0.093,0.984,-0.093
6.734,S,1723342,0.187,0.984,-0.093
6.757,S,1723364,0.140,0.937,-0.093
6.786,S,1723393,0.140,0.937,-0.046
6.816,S,1723423,0.140,0.984,-0.046
6.847,S,1723454,0.140,0.984,-0.093
6.877,S,1723484,0.093,0.984,-0.093
6.907,S,1723514,0.140,1.031,-0.093
6.938,S,1723544,0.093,0.984,-0.140
6.967,S,1723574,0.140,0.937,-0.093
6.989,S,1723596,0.140,0.984,-0.093
7.019,S,1723626,0.140,0.984,-0.046
7.041,S,1723648,0.140,0.984,-0.046
7.071,S,1723678,0.093,1.031,-0.093
7.093,S,1723700,0.093,0.984,-0.093
7.122,S,1723729,0.140,0.984,-0.093
7.145,S,1723752,0.187,0.937,-0.046
7.174,S,1723781,0.140,0.984,-0.046
7.196,S,1723803,0.140,0.937,-0.093
7.226,S,1723833,0.093,0.937,-0.140
7.257,S,1723863,0.187,0.984,-0.140
7.286,S,1723892,0.093,0.984,-0.093
7.308,S,1723915,0.187,0.984,-0.093
7.338,S,1723945,0.140,0.984,-0.093
7.361,S,1723967,0.140,0.984,-0.093
7.390,S,1723996,0.093,1.031,-0.093
7.412,S,1724019,0.140,0.984,-0.046
7.442,S,1724049,0.187,0.937,-0.093
7.465,S,1724071,0.187,1.031,-0.093
7.493,S,1724100,0.140,0.937,-0.093
7.523,S,1724130,0.140,1.031,-0.046
7.545,S,1724152,0.093,0.937,-0.046
7.575,S,1724181,0.140,0.937,-0.093
7.605,S,1724211,0.140,0.984,-0.093
7.642,READY
7.649,M,STILL
7.678,S,1724284,0.140,0.984,-0.093
7.708,S,1724315,0.187,1.031,-0.046
7.738,S,1724345,0.140,0.937,-0.046
7.761,S,1724367,0.140,0.984,-0.046
7.791,S,1724397,0.140,0.984,-0.093
7.813,S,1724419,0.187,0.984,-0.093
7.841,S,1724448,0.140,0.984,-0.093
7.864,S,1724470,0.140,1.031,-0.046
7.893,S,1724500,0.187,0.984,-0.046
7.916,S,1724522,0.140,1.031,-0.093
7.946,S,1724552,0.187,0.984,-0.093
7.977,S,1724582,0.140,0.937,-0.093
8.006,S,1724612,0.140,0.937,-0.093
8.036,S,1724643,0.093,0.984,-0.093
8.058,S,1724665,0.140,0.937,-0.093
8.088,S,1724694,0.187,0.984,-0.093
8.403,S,1724716,0.140,0.984,-0.093
8.404,S,1724746,0.140,0.937,-0.093
8.405,S,1724768,0.140,0.984,-0.140
8.405,S,1724797,0.093,0.984,-0.046
8.406,S,1724827,0.187,0.984,-0.093
8.407,S,1724857,0.093,0.984,-0.140
8.408,S,1724879,0.140,0.984,0.000
8.409,S,1724908,0.140,1.031,-0.046
8.409,S,1724931,0.140,0.984,-0.093
8.410,S,1724961,0.140,0.937,-0.093
8.411,S,1724983,0.093,0.984,-0.093
8.412,S,1725013,0.187,1.031,-0.093
8.429,S,1725035,0.140,0.984,-0.093
8.458,S,1725064,0.140,0.984,-0.046
8.480,S,1725086,0.140,0.937,-0.093
8.509,S,1725115,0.093,1.031,-0.046
8.532,S,1725137,0.140,0.984,-0.046
8.561,S,1725166,0.140,0.984,-0.093
8.591,S,1725197,0.140,1.031,-0.046
8.613,S,1725219,0.187,0.984,-0.093
8.649,READY
8.657,M,STILL
8.686,S,1725292,0.140,0.984,-0.046
8.716,S,1725322,0.140,1.031,-0.093
8.739,S,1725344,0.140,0.984,-0.093
8.768,S,1725373,0.140,0.937,-0.093
8.790,S,1725395,0.140,0.984,-0.046
8.819,S,1725425,0.140,0.984,-0.093
8.842,S,1725447,0.140,1.031,-0.046
8.871,S,1725476,0.140,0.984,-0.093
8.901,S,1725506,0.140,0.984,-0.093
8.923,S,1725529,0.046,0.984,-0.093
8.954,S,1725559,0.140,0.984,-0.046
8.984,S,1725589,0.187,1.031,-0.046
9.014,S,1725619,0.140,1.031,-0.093
9.044,S,1725649,0.140,0.937,-0.046
9.075,S,1725680,0.093,0.984,-0.093
9.105,S,1725710,0.093,0.984,-0.046
9.135,S,1725740,0.093,0.984,-0.093
9.158,S,1725762,0.093,0.984,-0.046
9.187,S,1725793,0.093,1.031,-0.093
9.210,S,1725815,0.093,0.984,-0.046
9.240,S,1725844,0.093,0.984,-0.093
9.261,S,1725866,0.140,0.937,-0.140
9.290,S,1725896,0.140,0.937,-0.046
9.313,S,1725918,0.140,0.984,-0.140
9.343,S,1725948,0.140,0.984,-0.046
9.373,S,1725978,0.140,1.031,0.000
9.396,S,1726000,0.187,0.937,-0.140
9.426,S,1726031,0.093,1.031,-0.093
9.456,S,1726061,0.140,0.984,-0.093
9.486,S,1726091,0.140,0.937,-0.093
9.516,S,1726121,0.093,1.031,-0.140
9.539,S,1726144,0.093,0.984,-0.140
9.569,S,1726174,0.140,0.890,-0.093
9.591,S,1726196,0.140,0.984,-0.093
9.621,S,1726225,0.140,0.984,-0.046
9.657,READY
9.665,M,STILL
9.694,S,1726298,0.093,0.984,-0.093
9.716,S,1726320,0.187,0.937,-0.093
9.746,S,1726350,0.140,0.984,-0.046
9.776,S,1726380,0.140,1.031,-0.046
9.807,S,1726411,0.140,0.984,-0.140
9.837,S,1726441,0.093,0.984,-0.093
9.867,S,1726471,0.093,0.984,-0.046
9.897,S,1726501,0.140,0.937,-0.093
9.927,S,1726531,0.140,1.031,-0.093
9.950,S,1726553,0.093,0.937,-0.046
9.980,S,1726584,0.093,1.031,-0.093
10.002,S,1726606,0.187,0.937,-0.093
10.031,S,1726635,0.187,0.984,-0.046
10.054,S,1726657,0.093,0.984,-0.046
10.084,S,1726688,0.140,1.031,-0.093
10.113,S,1726718,0.093,0.937,-0.046
10.136,S,1726740,0.187,1.031,-0.093
10.166,S,1726771,0.140,0.937,-0.093
10.197,S,1726801,0.093,0.984,-0.093
10.227,S,1726831,0.093,0.984,-0.093
10.249,S,1726853,0.093,0.984,-0.046
10.278,S,1726882,0.140,0.937,-0.093
10.301,S,1726904,0.093,0.984,-0.046
10.331,S,1726935,0.093,0.890,-0.093
10.361,S,1726965,0.234,0.937,-0.093
10.383,S,1726987,0.093,0.890,-0.093
10.412,S,1727016,0.140,0.984,-0.093
10.442,S,1727047,0.140,1.031,-0.093
10.472,S,1727076,0.140,1.031,-0.093
10.502,S,1727106,0.093,0.984,-0.093
10.524,S,1727128,0.187,0.984,-0.093
10.555,S,1727158,0.093,1.031,-0.140
10.585,S,1727188,0.140,0.937,-0.046
10.615,S,1727219,0.093,0.984,-0.046
10.645,S,1727249,0.093,0.937,-0.046
10.682,READY
10.690,M,STILL
10.718,S,1727321,0.187,0.984,-0.046
10.740,S,1727344,0.140,0.984,-0.093
10.770,S,1727374,0.140,0.984,-0.093
10.801,S,1727404,0.140,1.031,-0.046
10.831,S,1727434,0.093,0.937,-0.093
10.861,S,1727464,0.140,0.937,-0.093
10.891,S,1727494,0.093,0.984,-0.093
10.920,S,1727524,0.140,0.984,-0.093
10.943,S,1727546,0.140,0.984,-0.046
10.973,S,1727576,0.140,0.984,-0.093
11.004,S,1727606,0.187,0.937,-0.093
11.033,S,1727636,0.140,0.984,-0.046
11.063,S,1727667,0.140,0.984,-0.046
11.094,S,1727697,0.093,0.890,-0.093
11.122,S,1727726,0.093,0.937,-0.046
11.145,S,1727748,0.140,0.984,-0.046
11.174,S,1727777,0.140,0.984,-0.046
11.204,S,1727807,0.093,0.984,-0.093
11.226,S,1727829,0.093,0.984,-0.093
11.255,S,1727858,0.140,0.984,-0.046
11.285,S,1727888,0.187,0.937,-0.093
11.308,S,1727910,0.093,0.937,-0.093
11.338,S,1727941,0.187,0.984,-0.093
11.360,S,1727963,0.093,0.937,-0.093
11.390,S,1727993,0.093,0.984,-0.046
11.412,S,1728015,0.140,1.031,-0.046
11.442,S,1728044,0.093,1.031,-0.093
11.471,S,1728074,0.140,0.984,-0.093
11.502,S,1728104,0.140,0.937,-0.093
11.531,S,1728134,0.140,0.937,-0.046
11.562,S,1728165,0.093,0.937,-0.093
11.584,S,1728187,0.140,1.031,-0.046
11.614,S,1728217,0.093,0.984,-0.093
11.644,S,1728247,0.187,0.984,-0.140
11.674,S,1728277,0.093,0.984,-0.046
11.712,READY
11.719,M,STILL
11.748,S,1728351,0.140,0.937,-0.093
11.778,S,1728382,0.140,1.031,-0.093
11.808,S,1728411,0.140,0.984,-0.093
11.831,S,1728434,0.140,1.031,-0.093
11.862,S,1728464,0.187,0.984,-0.046
11.891,S,1728494,0.093,0.984,-0.046
11.914,S,1728516,0.093,0.984,-0.093
11.942,S,1728545,0.140,0.984,-0.046
11.974,S,1728575,0.093,0.937,-0.093
11.995,S,1728598,0.093,1.031,-0.093
12.024,S,1728627,0.093,1.031,-0.046
12.054,S,1728657,0.140,0.984,-0.093
12.076,S,1728679,0.140,0.984,-0.093
12.107,S,1728709,0.140,0.984,-0.046
12.414,S,1728731,0.187,1.031,-0.093
12.415,S,1728761,0.140,0.984,-0.093
12.415,S,1728783,0.093,0.984,-0.046
12.416,S,1728813,0.140,0.937,-0.046
12.417,S,1728844,0.140,0.984,-0.093
12.418,S,1728874,0.140,1.031,-0.093
12.419,S,1728904,0.140,0.984,-0.093
12.419,S,1728926,0.140,0.984,-0.046
12.420,S,1728955,0.140,0.937,-0.046
12.421,S,1728986,0.140,1.031,-0.046
12.422,S,1729016,0.093,0.937,-0.093
12.436,S,1729038,0.140,0.984,-0.093
12.466,S,1729068,0.187,0.984,-0.046
12.496,S,1729098,0.140,0.984,-0.093
12.519,S,1729120,0.093,0.937,-0.093
12.548,S,1729150,0.140,0.937,-0.046
12.579,S,1729180,0.140,0.984,-0.093
12.609,S,1729211,0.093,1.031,-0.046
12.638,S,1729241,0.140,0.984,-0.093
12.662,S,1729263,0.093,0.984,-0.046
12.690,S,1729292,0.187,0.984,-0.046
12.726,READY
12.733,M,STILL
12.763,S,1729364,0.046,0.984,-0.046
12.793,S,1729394,0.140,0.984,-0.046
12.823,S,1729425,0.140,0.984,-0.093
12.853,S,1729455,0.140,0.937,-0.093
12.884,S,1729485,0.093,0.937,-0.093
12.914,S,1729515,0.093,0.984,-0.093
12.944,S,1729545,0.140,0.984,-0.093
12.974,S,1729576,0.140,0.937,-0.093
13.005,S,1729606,0.140,0.984,-0.093
13.027,S,1729628,0.140,0.984,-0.046
13.056,S,1729658,0.140,0.984,-0.046
13.087,S,1729688,0.140,1.031,-0.046
13.118,S,1729719,0.140,0.984,-0.093
13.148,S,1729749,0.093,0.937,-0.093
13.179,S,1729779,0.093,1.031,-0.046
13.209,S,1729809,0.140,1.031,-0.093
13.239,S,1729840,0.093,0.890,-0.046
13.269,S,1729870,0.140,0.984,-0.093
13.299,S,1729900,0.093,0.937,-0.093
13.329,S,1729930,0.140,0.937,-0.093
13.359,S,1729960,0.187,0.937,-0.093
13.390,S,1729991,0.140,1.031,-0.093
13.412,S,1730013,0.140,0.984,-0.093
13.442,S,1730042,0.140,1.031,-0.093
13.471,S,1730072,0.093,1.031,-0.093
13.501,S,1730102,0.093,0.984,-0.046
13.531,S,1730133,0.093,1.031,-0.093
13.554,S,1730155,0.140,0.984,-0.093
13.584,S,1730185,0.093,0.984,-0.093
13.607,S,1730207,0.140,0.984,-0.187
13.637,S,1730237,0.140,1.031,-0.046
13.667,S,1730267,0.093,0.937,-0.046
13.697,S,1730298,0.187,1.031,-0.093
13.733,READY
13.739,M,STILL
13.769,S,1730369,0.140,0.937,-0.140
13.798,S,1730399,0.187,0.984,-0.093
13.828,S,1730429,0.187,0.984,-0.046
13.851,S,1730451,0.140,0.937,-0.093
13.880,S,1730480,0.093,1.031,-0.093
13.910,S,1730510,0.140,0.984,-0.093
13.932,S,1730532,0.140,0.984,-0.046
13.963,S,1730563,0.140,0.984,-0.046
13.993,S,1730593,0.140,0.984,-0.093
14.023,S,1730623,0.140,0.984,-0.046
14.053,S,1730653,0.140,0.937,-0.046
14.075,S,1730675,0.140,0.937,-0.093
14.104,S,1730704,0.140,0.984,-0.046
14.126,S,1730727,0.140,0.984,-0.093
14.155,S,1730755,0.187,0.984,-0.093
14.186,S,1730786,0.140,0.937,-0.093
14.216,S,1730816,0.093,0.984,-0.093
14.247,S,1730846,0.187,1.031,-0.093
14.277,S,1730877,0.093,0.984,-0.093
14.307,S,1730907,0.093,0.937,-0.093
14.328,S,1730929,0.140,0.984,-0.093
14.358,S,1730958,0.140,0.984,-0.093
14.380,S,1730980,0.140,0.937,-0.093
14.409,S,1731009,0.140,0.937,-0.093
14.439,S,1731039,0.140,0.984,-0.046
14.469,S,1731069,0.187,1.031,-0.046
14.492,S,1731091,0.140,0.984,-0.093
14.523,S,1731123,0.093,1.031,-0.093
14.552,S,1731152,0.140,1.031,-0.093
14.583,S,1731182,0.140,0.984,0.000
14.605,S,1731204,0.140,0.937,-0.093
14.634,S,1731233,0.187,0.937,-0.093
14.664,S,1731264,0.140,1.031,-0.046
14.694,S,1731294,0.140,1.031,-0.046
14.716,S,1731316,0.187,0.937,-0.046
14.754,READY
14.761,M,STILL
14.790,S,1731390,0.046,0.984,-0.093
14.821,S,1731420,0.140,0.937,-0.093
14.851,S,1731450,0.140,1.031,-0.046
14.874,S,1731473,0.140,1.031,-0.093
14.904,S,1731503,0.140,0.984,-0.093
14.934,S,1731533,0.140,0.984,-0.093
14.957,S,1731555,0.140,0.890,-0.093
14.987,S,1731586,0.093,0.984,-0.093
15.009,S,1731608,0.140,1.031,-0.140
15.038,S,1731638,0.093,0.937,-0.046
15.061,S,1731661,0.140,0.984,-0.046
15.091,S,1731690,0.140,0.984,-0.046
15.121,S,1731720,0.140,0.984,-0.093
15.151,S,1731750,0.093,0.984,-0.093
15.181,S,1731780,0.140,0.984,-0.046
15.211,S,1731811,0.187,1.031,-0.046
15.241,S,1731841,0.093,0.890,-0.093
15.264,S,1731863,0.140,0.937,0.000
15.293,S,1731892,0.140,1.031,-0.046
15.323,S,1731923,0.140,0.984,-0.046
15.353,S,1731952,0.187,1.031,-0.046
15.383,S,1731982,0.093,0.984,-0.046
15.413,S,1732012,0.140,0.937,-0.093
15.443,S,1732042,0.140,0.937,-0.046
15.474,S,1732072,0.093,1.031,-0.046
15.504,S,1732103,0.140,0.984,-0.093
15.534,S,1732133,0.140,1.031,-0.093
15.564,S,1732163,0.093,1.031,-0.046
15.594,S,1732193,0.140,0.984,-0.093
15.624,S,1732223,0.093,0.984,-0.093
15.654,S,1732253,0.093,0.984,-0.093
15.685,S,1732284,0.187,1.031,-0.093
15.715,S,1732314,0.140,0.890,-0.093
15.745,S,1732344,0.140,0.984,-0.046
15.782,READY
15.789,M,STILL
15.818,S,1732417,0.140,1.031,-0.093
15.848,S,1732447,0.140,1.031,-0.093
15.878,S,1732477,0.140,0.984,-0.046
15.909,S,1732507,0.093,0.984,-0.093
15.939,S,1732537,0.140,0.984,-0.093
15.961,S,1732560,0.093,0.984,-0.140
15.990,S,1732589,0.140,0.984,-0.093
16.012,S,1732611,0.140,1.078,-0.093
16.042,S,1732640,0.140,0.984,-0.046
16.064,S,1732662,0.046,0.937,-0.093
16.093,S,1732691,0.093,1.031,-0.093
16.115,S,1732713,0.187,0.984,-0.046
16.424,S,1732743,0.140,0.984,-0.140
16.425,S,1732773,0.093,0.984,-0.140
16.425,S,1732803,0.093,0.984,-0.093
16.426,S,1732833,0.140,0.984,-0.046
16.427,S,1732864,0.140,0.984,-0.093
16.428,S,1732894,0.140,0.984,-0.093
16.428,S,1732924,0.093,0.937,-0.046
16.429,S,1732954,0.140,0.984,-0.140
16.430,S,1732977,0.140,1.031,-0.093
16.431,S,1733006,0.140,0.937,-0.093
16.438,S,1733036,0.187,0.984,-0.093
16.461,S,1733059,0.187,0.984,-0.093
16.491,S,1733089,0.093,0.937,-0.093
16.513,S,1733111,0.140,1.031,-0.140
16.543,S,1733141,0.093,0.984,-0.093
16.565,S,1733163,0.187,1.031,-0.093
16.595,S,1733192,0.187,0.937,-0.093
16.625,S,1733223,0.093,0.984,-0.093
16.655,S,1733253,0.187,1.031,-0.093
16.686,S,1733284,0.093,0.984,-0.093
16.717,S,1733314,0.140,0.984,-0.093
16.746,S,1733344,0.187,0.984,-0.046
16.777,S,1733374,0.093,0.937,-0.046
16.814,READY
16.820,M,STILL
16.849,S,1733447,0.140,0.937,-0.093
16.879,S,1733477,0.140,0.937,-0.046
16.908,S,1733507,0.187,1.031,-0.046
16.932,S,1733529,0.093,1.031,-0.093
16.962,S,1733559,0.140,1.031,-0.046
16.992,S,1733589,0.093,0.984,-0.093
17.022,S,1733620,0.187,0.984,-0.093
17.045,S,1733642,0.140,1.031,-0.046
17.075,S,1733672,0.140,1.031,-0.046
17.097,S,1733694,0.140,0.984,-0.093
17.127,S,1733724,0.093,1.031,-0.093
17.157,S,1733755,0.093,1.031,-0.046
17.188,S,1733785,0.140,0.984,-0.093
17.218,S,1733815,0.140,0.984,-0.046
17.240,S,1733837,0.140,0.937,-0.093
17.270,S,1733868,0.140,0.937,-0.093
17.293,S,1733890,0.187,0.984,-0.093
17.322,S,1733919,0.140,0.984,-0.093
17.352,S,1733949,0.187,0.937,-0.093
17.382,S,1733979,0.187,0.984,-0.093
17.404,S,1734001,0.140,1.031,-0.093
17.435,S,1734032,0.140,0.984,-0.093
17.465,S,1734062,0.140,1.031,-0.093
17.495,S,1734092,0.140,0.984,-0.140
17.525,S,1734122,0.093,1.031,-0.046
17.548,S,1734144,0.187,0.984,-0.093
17.577,S,1734174,0.187,0.984,-0.093
17.599,S,1734196,0.140,0.937,-0.046
17.629,S,1734226,0.140,0.984,-0.093
17.659,S,1734256,0.140,0.984,-0.093
17.681,S,1734278,0.140,1.031,-0.093
17.711,S,1734308,0.093,0.937,-0.046
17.734,S,1734331,0.140,0.984,-0.046
17.764,S,1734361,0.093,0.984,-0.093
17.795,S,1734391,0.140,0.984,-0.093
17.831,READY
17.839,M,STILL
17.868,S,1734464,0.140,0.984,-0.093
17.898,S,1734495,0.140,1.031,-0.093
17.928,S,1734525,0.140,1.031,-0.093
17.958,S,1734555,0.140,0.984,-0.046
17.981,S,1734577,0.140,1.078,-0.093
18.010,S,1734606,0.093,0.937,-0.093
18.040,S,1734636,0.140,1.031,-0.093
18.070,S,1734666,0.187,1.031,-0.093
18.092,S,1734689,0.140,0.937,0.000
18.123,S,1734719,0.187,0.984,-0.093
18.145,S,1734741,0.140,0.984,-0.093
18.173,S,1734770,0.093,0.937,-0.046
18.204,S,1734800,0.140,0.984,-0.046
18.234,S,1734831,0.187,1.031,-0.093
18.257,S,1734853,0.093,0.984,-0.093
18.287,S,1734883,0.140,0.984,-0.093
18.318,S,1734913,0.140,1.031,-0.093
18.348,S,1734944,0.093,0.984,-0.046
18.378,S,1734974,0.093,1.031,-0.046
18.408,S,1735004,0.140,0.937,-0.093
18.439,S,1735035,0.140,0.984,-0.046
18.461,S,1735057,0.187,0.937,-0.093
18.491,S,1735087,0.140,0.984,-0.046
18.521,S,1735117,0.093,0.984,-0.046
18.543,S,1735139,0.140,0.984,-0.093
18.573,S,1735168,0.187,0.984,-0.046
18.603,S,1735199,0.140,0.937,0.000
18.632,S,1735229,0.140,0.937,-0.093
18.655,S,1735251,0.140,0.937,-0.093
18.686,S,1735281,0.140,0.937,-0.093
18.715,S,1735311,0.093,0.984,-0.046
18.737,S,1735333,0.140,0.984,-0.046
18.767,S,1735363,0.093,0.984,-0.093
18.798,S,1735393,0.187,0.890,-0.046
18.836,READY
18.843,M,STILL
18.872,S,1735468,0.187,1.031,-0.093
18.901,S,1735497,0.187,1.031,-0.140
18.924,S,1735519,0.187,1.031,-0.046
18.954,S,1735549,0.140,0.984,-0.093
18.976,S,1735571,0.140,0.984,-0.093
19.007,S,1735602,0.140,1.031,-0.046
19.037,S,1735632,0.140,0.937,-0.046
19.065,S,1735661,0.140,0.984,-0.046
19.089,S,1735684,0.187,0.937,-0.046
19.118,S,1735714,0.187,1.031,-0.093
19.141,S,1735736,0.140,0.984,-0.046
19.171,S,1735766,0.093,1.031,-0.046
19.202,S,1735797,0.187,0.984,-0.093
19.232,S,1735827,0.140,1.031,-0.093
19.254,S,1735849,0.140,0.984,-0.046
19.283,S,1735878,0.140,0.984,-0.046
19.305,S,1735900,0.093,0.984,-0.093
19.335,S,1735929,0.140,0.984,-0.093
19.365,S,1735960,0.140,1.031,-0.093
19.395,S,1735990,0.140,0.984,-0.046
19.417,S,1736012,0.093,0.984,-0.093
19.448,S,1736042,0.187,0.984,-0.046
19.478,S,1736072,0.093,0.890,-0.046
19.508,S,1736103,0.140,0.937,-0.093
19.538,S,1736133,0.093,0.984,-0.093
19.560,S,1736155,0.140,0.984,-0.093
19.591,S,1736185,0.140,0.984,-0.093
19.620,S,1736215,0.187,1.031,-0.046
19.642,S,1736238,0.140,1.031,-0.093
19.671,S,1736267,0.093,0.984,-0.046
19.702,S,1736297,0.140,1.031,-0.046
19.733,S,1736327,0.140,0.984,-0.046
19.763,S,1736358,0.140,0.984,-0.093
19.793,S,1736388,0.140,0.984,-0.093
19.823,S,1736418,0.187,1.031,-0.093
19.861,READY
19.868,M,STILL
19.897,S,1736492,0.187,0.984,-0.093
19.928,S,1736522,0.093,1.031,-0.140
19.957,S,1736552,0.140,0.984,-0.093
19.988,S,1736582,0.140,0.937,-0.140
20.018,S,1736613,0.187,0.984,-0.093
20.048,S,1736643,0.093,0.937,-0.046
20.079,S,1736673,0.093,0.984,-0.093
20.108,S,1736703,0.140,0.984,-0.093
20.139,S,1736733,0.140,0.937,-0.046
20.449,S,1736763,0.140,0.984,-0.093
20.450,S,1736794,0.093,0.984,-0.046
20.451,S,1736824,0.140,0.937,-0.046
20.451,S,1736854,0.187,1.031,-0.093
20.452,S,1736884,0.140,0.984,-0.093
20.453,S,1736906,0.140,0.937,-0.093
20.453,S,1736937,0.093,0.984,-0.046
20.454,S,1736967,0.187,0.984,-0.046
20.455,S,1736997,0.093,0.984,-0.093
20.456,S,1737027,0.093,0.984,-0.093
20.462,S,1737057,0.140,0.984,-0.093
20.484,S,1737079,0.187,0.984,-0.093
20.514,S,1737108,0.046,1.031,-0.046
20.544,S,1737138,0.140,0.984,-0.140
20.574,S,1737168,0.140,0.984,-0.093
20.605,S,1737199,0.140,0.984,-0.093
20.635,S,1737229,0.187,0.984,-0.046
20.666,S,1737259,0.140,1.031,-0.093
20.695,S,1737289,0.093,0.984,-0.046
20.725,S,1737319,0.140,0.937,-0.046
20.746,S,1737340,0.140,0.984,-0.093
20.776,S,1737369,0.140,1.031,-0.093
20.806,S,1737400,0.140,0.937,-0.046
20.836,S,1737430,0.093,0.984,-0.140
20.872,READY
20.879,M,STILL
20.908,S,1737502,0.140,1.031,-0.046
20.931,S,1737525,0.140,0.984,-0.093
20.961,S,1737555,0.140,1.031,-0.093
20.991,S,1737585,0.140,0.984,-0.046
21.021,S,1737615,0.093,0.937,-0.093
21.052,S,1737645,0.093,1.031,-0.093
21.081,S,1737675,0.140,1.031,-0.093
21.111,S,1737705,0.140,0.937,-0.093
21.141,S,1737735,0.140,0.984,-0.046
21.172,S,1737765,0.187,0.984,-0.140
21.202,S,1737795,0.140,0.984,-0.046
21.232,S,1737825,0.140,0.984,-0.093
21.262,S,1737855,0.093,1.031,-0.093
21.292,S,1737886,0.140,0.937,-0.093
21.314,S,1737908,0.140,0.984,-0.046
21.345,S,1737938,0.140,0.984,-0.093
21.375,S,1737968,0.140,0.984,-0.093
21.397,S,1737991,0.140,0.984,-0.093
21.426,S,1738020,0.187,0.984,-0.093
21.457,S,1738050,0.093,0.984,-0.140
21.479,S,1738072,0.093,0.937,-0.093
21.508,S,1738101,0.093,0.937,-0.093
21.538,S,1738131,0.140,0.984,-0.093
21.560,S,1738153,0.140,0.984,-0.093
21.588,S,1738181,0.140,1.031,-0.093
21.610,S,1738203,0.140,1.031,-0.093
21.639,S,1738232,0.093,0.984,-0.093
21.669,S,1738262,0.093,0.984,-0.046
21.692,S,1738285,0.140,0.984,-0.140
21.722,S,1738315,0.093,0.984,-0.093
21.744,S,1738337,0.187,0.937,-0.093
21.774,S,1738366,0.140,0.984,-0.093
21.803,S,1738396,0.093,0.937,-0.046
21.825,S,1738418,0.093,0.937,-0.093
21.855,S,1738448,0.140,0.984,-0.046
21.892,READY
21.898,M,STILL
21.927,S,1738520,0.140,0.984,-0.093
21.949,S,1738542,0.093,0.984,-0.093
21.979,S,1738571,0.093,0.937,-0.046
22.009,S,1738601,0.093,1.031,-0.093
22.039,S,1738632,0.140,0.984,-0.093
22.069,S,1738662,0.187,1.031,-0.046
22.100,S,1738692,0.140,0.937,-0.093
22.130,S,1738722,0.140,1.031,-0.140
22.160,S,1738752,0.140,0.937,-0.093
22.190,S,1738782,0.093,0.984,-0.046
22.221,S,1738813,0.140,0.984,-0.093
22.251,S,1738843,0.187,0.937,-0.093
22.281,S,1738873,0.187,1.031,-0.093
22.310,S,1738902,0.140,0.984,-0.093
22.332,S,1738925,0.187,0.984,-0.093
22.363,S,1738955,0.093,0.984,-0.093
22.392,S,1738985,0.187,0.937,-0.046
22.423,S,1739015,0.140,1.031,-0.046
22.453,S,1739045,0.046,0.984,-0.093
22.483,S,1739075,0.093,1.031,-0.093
22.514,S,1739106,0.187,0.984,-0.093
22.536,S,1739128,0.140,0.984,-0.046
22.566,S,1739158,0.140,0.937,-0.046
22.596,S,1739188,0.140,0.984,-0.093
22.626,S,1739218,0.140,0.984,-0.093
22.657,S,1739249,0.187,0.984,-0.093
22.687,S,1739279,0.140,1.031,-0.093
22.709,S,1739301,0.093,1.031,-0.093
22.740,S,1739331,0.140,0.984,-0.046
22.770,S,1739362,0.140,0.984,-0.093
22.800,S,1739392,0.140,0.937,-0.046
22.831,S,1739422,0.140,0.984,-0.093
22.861,S,1739452,0.140,0.984,-0.093
22.897,READY
22.904,M,STILL
22.932,S,1739524,0.093,1.031,-0.140
22.963,S,1739554,0.187,0.984,-0.093
22.985,S,1739576,0.140,0.937,-0.093
23.014,S,1739606,0.187,0.984,-0.046
23.044,S,1739636,0.140,0.984,-0.093
23.075,S,1739666,0.140,1.031,-0.093
23.104,S,1739696,0.187,0.937,-0.046
23.126,S,1739718,0.140,0.984,-0.093
23.156,S,1739747,0.093,0.984,-0.046
23.178,S,1739769,0.093,0.937,-0.093
23.207,S,1739798,0.140,0.937,-0.093
23.229,S,1739821,0.187,0.937,-0.093
23.258,S,1739850,0.140,0.984,-0.046
23.281,S,1739872,0.140,1.031,-0.140
23.309,S,1739901,0.140,0.937,-0.093
23.332,S,1739923,0.140,0.984,-0.093
23.361,S,1739952,0.140,0.984,-0.093
23.383,S,1739974,0.140,0.984,-0.093
23.413,S,1740005,0.093,0.937,0.000
23.436,S,1740027,0.140,0.984,-0.093
23.466,S,1740057,0.187,0.937,-0.046
23.496,S,1740087,0.140,0.984,-0.093
23.525,S,1740117,0.093,1.031,-0.046
23.548,S,1740139,0.140,0.984,-0.046
23.577,S,1740168,0.093,0.984,-0.093
23.607,S,1740198,0.140,0.984,-0.093
23.630,S,1740220,0.187,0.984,-0.093
23.660,S,1740250,0.093,0.984,-0.093
23.690,S,1740281,0.140,0.890,-0.093
23.720,S,1740311,0.093,0.937,-0.093
23.750,S,1740341,0.187,1.031,0.000
23.780,S,1740371,0.140,0.937,-0.093
23.810,S,1740401,0.140,1.031,-0.093
23.832,S,1740423,0.140,1.031,-0.093
23.861,S,1740452,0.093,0.984,-0.093
23.892,S,1740483,0.140,0.984,-0.140
23.927,READY
23.935,M,STILL
23.964,S,1740555,0.187,0.984,-0.093
23.994,S,1740585,0.093,0.984,-0.140
24.016,S,1740607,0.140,0.984,-0.046
24.047,S,1740638,0.187,0.937,-0.046
24.069,S,1740660,0.187,0.984,-0.140
24.099,S,1740689,0.140,0.984,-0.093
24.128,S,1740719,0.140,1.031,-0.093
24.158,S,1740749,0.140,0.937,-0.093
24.487,S,1740771,0.093,1.031,-0.093
24.488,S,1740802,0.093,1.031,0.000
24.489,S,1740824,0.140,0.937,-0.093
24.490,S,1740853,0.140,0.984,0.000
24.491,S,1740883,0.140,0.937,-0.093
24.492,S,1740913,0.093,1.031,-0.046
24.493,S,1740943,0.093,0.984,-0.093
24.493,S,1740973,0.140,1.031,-0.140
24.494,S,1741003,0.187,1.031,-0.093
24.495,S,1741026,0.140,0.937,-0.093
24.496,S,1741055,0.140,1.031,-0.046
24.497,S,1741077,0.140,0.984,-0.140
24.516,S,1741106,0.093,0.984,-0.093
24.538,S,1741128,0.140,0.984,-0.140
24.568,S,1741159,0.093,0.984,-0.093
24.599,S,1741189,0.093,0.984,-0.093
24.621,S,1741211,0.140,0.937,-0.046
24.651,S,1741241,0.140,0.984,-0.093
24.672,S,1741263,0.140,0.984,-0.093
24.703,S,1741293,0.140,0.984,-0.093
24.734,S,1741324,0.140,1.031,-0.093
24.764,S,1741354,0.140,0.984,-0.046
24.794,S,1741384,0.093,0.984,-0.046
24.816,S,1741406,0.140,1.078,-0.093
24.846,S,1741436,0.140,0.937,-0.093
24.868,S,1741458,0.093,0.984,-0.046
24.897,S,1741487,0.093,1.031,-0.093
24.934,READY
24.940,M,STILL
24.970,S,1741559,0.140,1.031,-0.093
25.000,S,1741591,0.140,0.984,-0.140
25.033,S,1741623,0.140,0.937,-0.093
25.055,S,1741645,0.140,0.984,-0.093
25.085,S,1741675,0.140,0.984,-0.046
25.107,S,1741697,0.140,0.937,-0.093
25.136,S,1741726,0.140,0.984,-0.093
25.166,S,1741756,0.140,1.031,-0.046
25.189,S,1741778,0.187,0.984,-0.093
25.219,S,1741808,0.140,0.984,-0.093
25.249,S,1741838,0.140,0.984,-0.093
25.271,S,1741861,0.187,0.937,-0.093
25.301,S,1741891,0.140,1.078,-0.093
25.331,S,1741921,0.140,0.984,-0.140
25.362,S,1741951,0.140,0.984,-0.093
25.392,S,1741981,0.140,0.890,-0.093
25.422,S,1742011,0.140,0.984,-0.093
25.452,S,1742042,0.140,0.937,-0.140
25.482,S,1742072,0.093,0.984,-0.046
25.513,S,1742102,0.046,0.984,-0.046
25.543,S,1742132,0.140,0.984,-0.046
25.573,S,1742162,0.093,0.937,-0.093
25.603,S,1742193,0.140,0.984,-0.046
25.633,S,1742223,0.140,1.031,-0.093
25.663,S,1742253,0.140,0.937,-0.046
25.694,S,1742283,0.187,0.984,-0.046
25.724,S,1742313,0.093,0.937,-0.046
25.746,S,1742335,0.187,1.031,-0.046
25.775,S,1742364,0.093,1.031,-0.046
25.805,S,1742393,0.140,0.984,-0.140
25.835,S,1742423,0.140,1.031,-0.140
25.856,S,1742446,0.140,0.984,-0.093
25.886,S,1742475,0.093,0.937,-0.093
25.916,S,1742505,0.187,0.984,-0.140
25.953,READY
25.960,M,STILL
25.988,S,1742577,0.187,0.984,-0.093
26.140,S,1742599,0.140,1.031,-0.046
26.141,S,1742630,0.093,0.984,-0.093
26.141,S,1742660,0.093,0.984,-0.046
26.142,S,1742690,0.187,0.984,-0.093
26.142,S,1742720,0.140,0.937,-0.093
26.162,S,1742751,0.140,0.984,-0.140
26.192,S,1742781,0.187,0.937,-0.093
26.223,S,1742811,0.140,1.031,-0.093
26.245,S,1742833,0.140,1.031,-0.046
26.277,S,1742863,0.093,0.937,-0.093
26.304,S,1742893,0.140,0.984,0.000
26.334,S,1742923,0.234,0.984,-0.046
26.364,S,1742953,0.093,0.984,-0.046
26.395,S,1742983,0.187,0.984,-0.093
26.426,S,1743014,0.140,0.984,-0.093
26.456,S,1743044,0.140,0.984,0.000
26.486,S,1743074,0.093,1.031,-0.093
26.516,S,1743105,0.093,0.937,-0.093
26.547,S,1743135,0.140,0.937,-0.140
26.576,S,1743165,0.140,0.984,-0.093
26.607,S,1743196,0.093,0.937,-0.046
26.638,S,1743226,0.140,0.984,-0.093
26.668,S,1743256,0.140,0.937,-0.093
26.698,S,1743286,0.140,1.031,-0.093
26.720,S,1743308,0.140,0.937,-0.093
26.750,S,1743339,0.140,0.984,-0.093
26.773,S,1743361,0.140,0.984,-0.093
26.803,S,1743391,0.140,1.031,-0.093
26.833,S,1743421,0.140,0.984,-0.140
26.862,S,1743451,0.140,0.984,-0.093
26.886,S,1743473,0.187,1.031,-0.093
26.916,S,1743503,0.140,0.984,-0.046
26.946,S,1743533,0.187,0.937,-0.093
26.982,READY
26.989,M,STILL
27.018,S,1743607,0.140,0.984,0.000
27.182,S,1743629,0.093,0.937,-0.093
27.183,S,1743659,0.187,1.031,-0.093
27.185,S,1743689,0.093,0.984,-0.093
27.186,S,1743711,0.187,1.031,-0.046
27.187,S,1743741,0.140,0.984,-0.093
27.188,S,1743763,0.140,0.984,-0.046
27.206,S,1743794,0.093,0.937,-0.046
27.236,S,1743824,0.187,0.984,-0.093
27.266,S,1743854,0.140,0.984,-0.093
27.289,S,1743876,0.140,0.984,-0.140
27.320,S,1743907,0.140,0.984,-0.093
27.350,S,1743937,0.093,1.031,-0.046
27.380,S,1743967,0.093,0.937,-0.046
27.409,S,1743997,0.140,0.984,-0.093
27.432,S,1744019,0.140,0.984,-0.093
27.462,S,1744049,0.093,0.984,-0.093
27.492,S,1744079,0.093,1.031,-0.093
27.522,S,1744109,0.140,0.984,-0.093
27.552,S,1744139,0.140,0.984,-0.093
27.582,S,1744169,0.093,0.937,-0.140
27.612,S,1744200,0.140,0.984,-0.093
27.643,S,1744230,0.093,0.984,-0.046
27.665,S,1744252,0.140,1.031,-0.093
27.694,S,1744282,0.140,0.984,-0.046
27.725,S,1744312,0.093,0.984,-0.046
27.755,S,1744342,0.093,0.937,-0.093
27.786,S,1744373,0.140,0.984,-0.093
27.815,S,1744403,0.187,0.937,-0.046
27.838,S,1744425,0.187,0.984,-0.093
27.868,S,1744455,0.140,0.984,-0.093
27.899,S,1744485,0.140,0.937,-0.093
27.928,S,1744515,0.187,0.937,-0.093
27.958,S,1744545,0.140,0.984,0.000
27.995,READY
28.001,M,STILL
28.031,S,1744618,0.187,0.984,-0.046
28.191,S,1744640,0.140,1.031,-0.093
28.191,S,1744669,0.140,0.937,-0.093
28.192,S,1744698,0.140,0.984,-0.093
28.192,S,1744729,0.140,0.937,-0.093
28.193,S,1744759,0.140,1.031,-0.046
28.201,S,1744789,0.093,0.984,-0.093
28.224,S,1744811,0.093,1.031,-0.046
28.254,S,1744841,0.140,1.031,-0.093
28.284,S,1744871,0.140,0.890,-0.093
28.314,S,1744901,0.187,0.984,-0.140
28.337,S,1744924,0.140,0.984,-0.093
28.366,S,1744953,0.140,0.937,-0.140
28.396,S,1744983,0.140,0.984,-0.046
28.427,S,1745013,0.140,1.031,-0.093
28.457,S,1745043,0.187,0.984,-0.093
28.487,S,1745073,0.140,0.984,-0.046
28.516,S,1745103,0.140,0.984,-0.140
28.540,S,1745126,0.187,0.984,-0.093
28.570,S,1745156,0.140,1.031,-0.093
28.599,S,1745186,0.140,0.984,-0.046
28.622,S,1745208,0.093,0.937,-0.093
28.652,S,1745239,0.093,0.984,-0.140
28.682,S,1745269,0.140,0.984,-0.140
28.705,S,1745291,0.187,0.937,-0.093
28.735,S,1745321,0.140,1.031,-0.093
28.757,S,1745344,0.187,0.984,-0.140
28.788,S,1745374,0.140,0.937,-0.093
28.818,S,1745404,0.140,0.984,-0.093
28.848,S,1745434,0.140,0.984,-0.093
28.870,S,1745456,0.093,0.984,-0.093
28.900,S,1745485,0.093,0.984,-0.093
28.930,S,1745516,0.140,0.937,-0.093
28.953,S,1745539,0.140,0.984,-0.093
28.982,S,1745568,0.140,1.031,-0.093
29.019,READY
29.026,M,STILL
29.056,S,1745642,0.187,0.984,-0.046
29.571,S,1745672,0.187,0.937,-0.046
29.571,S,1745702,0.140,0.984,-0.046
29.572,S,1745732,0.140,1.031,-0.093
29.572,S,1745763,0.140,0.984,-0.046
29.573,S,1745793,0.187,1.031,-0.140
29.573,S,1745815,0.140,0.984,-0.093
29.573,S,1745845,0.140,0.937,-0.093
29.573,S,1745867,0.187,0.937,-0.093
29.574,S,1745897,0.187,1.031,-0.093
29.575,S,1745927,0.187,0.984,-0.093
29.575,S,1745957,0.140,1.031,-0.093
29.576,S,1745987,0.187,0.937,-0.093
29.577,S,1746017,0.187,0.937,-0.093
29.577,S,1746047,0.140,1.031,-0.046
29.578,S,1746069,0.093,0.984,-0.093
29.579,S,1746100,0.093,1.031,-0.046
29.580,S,1746122,0.187,0.937,-0.093
29.581,S,1746151,0.140,0.984,-0.140
29.596,S,1746181,0.093,0.984,-0.046
29.626,S,1746210,0.140,1.031,-0.046
29.655,S,1746240,0.093,0.984,-0.093
29.685,S,1746270,0.140,0.984,-0.046
29.716,S,1746301,0.140,1.031,-0.093
29.746,S,1746331,0.140,0.984,-0.093
29.777,S,1746361,0.140,0.984,-0.093
29.807,S,1746392,0.140,0.984,-0.046
29.837,S,1746422,0.140,0.984,-0.140
29.867,S,1746452,0.093,0.890,-0.093
29.898,S,1746482,0.140,0.984,-0.046
29.920,S,1746505,0.187,0.984,-0.093
29.950,S,1746535,0.140,1.031,-0.093
29.980,S,1746565,0.187,0.984,-0.093
30.011,S,1746595,0.093,0.984,-0.046
30.046,READY
30.053,M,STILL
30.082,S,1746667,0.093,0.984,-0.093
30.523,S,1746689,0.187,0.937,-0.093
30.524,S,1746718,0.140,0.984,-0.093
30.525,S,1746749,0.140,1.031,-0.093
30.526,S,1746779,0.093,0.984,-0.093
30.527,S,1746809,0.140,0.984,-0.093
30.527,S,1746840,0.093,0.937,-0.093
30.528,S,1746862,0.140,0.984,-0.093
30.529,S,1746892,0.140,1.031,-0.140
30.530,S,1746922,0.093,1.031,-0.093
30.531,S,1746945,0.140,0.984,-0.046
30.531,S,1746974,0.140,0.984,-0.093
30.532,S,1747004,0.187,0.984,-0.140
30.532,S,1747035,0.140,0.984,-0.046
30.532,S,1747065,0.187,0.984,-0.046
30.533,S,1747095,0.140,0.984,-0.093
30.533,S,1747117,0.140,0.937,-0.093
30.562,S,1747147,0.093,0.937,-0.093
30.592,S,1747177,0.140,0.890,-0.093
30.622,S,1747207,0.187,0.984,-0.093
30.652,S,1747237,0.093,1.031,-0.093
30.683,S,1747267,0.140,0.937,-0.093
30.712,S,1747297,0.140,1.031,-0.093
30.743,S,1747327,0.140,0.890,-0.093
30.773,S,1747357,0.140,0.937,-0.046
30.803,S,1747387,0.187,0.984,-0.046
30.833,S,1747417,0.140,0.984,-0.093
30.863,S,1747447,0.140,0.984,-0.046
30.893,S,1747477,0.093,0.937,-0.093
30.915,S,1747499,0.140,0.984,-0.093
30.945,S,1747530,0.187,0.984,-0.093
30.975,S,1747559,0.140,1.031,-0.093
31.005,S,1747589,0.140,0.937,-0.093
31.035,S,1747619,0.140,1.031,-0.093
31.072,READY
31.079,M,STILL
31.108,S,1747693,0.140,0.984,-0.093
31.138,S,1747723,0.140,1.078,-0.093
31.168,S,1747753,0.140,0.984,-0.093
31.190,S,1747775,0.093,0.937,-0.093
31.220,S,1747804,0.140,0.937,-0.093
31.243,S,1747826,0.046,1.031,-0.093
31.271,S,1747856,0.140,1.031,-0.093
31.303,S,1747886,0.140,1.031,-0.140
31.333,S,1747916,0.140,0.984,-0.093
31.362,S,1747946,0.093,0.984,-0.093
31.393,S,1747976,0.093,0.984,-0.093
31.423,S,1748006,0.093,1.031,-0.093
31.453,S,1748037,0.140,0.984,-0.093
31.476,S,1748059,0.093,0.937,-0.093
31.506,S,1748089,0.140,0.984,-0.093
31.536,S,1748119,0.093,0.984,-0.046
31.566,S,1748150,0.140,0.984,-0.093
31.596,S,1748180,0.093,0.984,-0.140
31.626,S,1748210,0.140,0.984,-0.093
31.657,S,1748240,0.093,0.984,-0.046
31.687,S,1748270,0.093,0.984,-0.093
31.717,S,1748300,0.187,0.984,-0.046
31.747,S,1748331,0.140,1.031,-0.046
31.770,S,1748353,0.140,0.937,-0.093
31.800,S,1748383,0.187,0.984,-0.046
31.830,S,1748413,0.187,0.937,-0.093
31.852,S,1748435,0.140,0.937,-0.046
31.881,S,1748465,0.187,0.984,-0.093
31.904,S,1748487,0.093,0.937,-0.046
31.934,S,1748517,0.187,0.984,-0.093
31.964,S,1748547,0.140,0.984,-0.046
31.987,S,1748569,0.140,0.937,-0.046
32.017,S,1748600,0.140,0.984,-0.046
32.039,S,1748622,0.140,0.937,-0.046
32.076,READY
32.083,M,STILL
32.112,S,1748695,0.140,0.984,-0.093
32.134,S,1748717,0.140,0.937,-0.046
32.165,S,1748747,0.140,1.031,-0.046
32.195,S,1748778,0.093,0.984,-0.093
32.225,S,1748808,0.187,0.937,-0.046
32.247,S,1748830,0.140,0.984,-0.093
32.278,S,1748860,0.140,1.031,-0.093
32.308,S,1748891,0.140,0.937,-0.093
32.330,S,1748913,0.140,0.984,-0.093
32.359,S,1748942,0.140,1.031,-0.093
32.389,S,1748972,0.140,0.984,-0.093
32.419,S,1749002,0.140,1.031,-0.140
32.449,S,1749032,0.140,0.984,-0.046
32.479,S,1749062,0.140,0.984,-0.093
32.509,S,1749092,0.140,0.984,-0.093
32.532,S,1749114,0.140,1.031,-0.093
32.561,S,1749143,0.140,0.984,-0.093
32.591,S,1749174,0.140,0.984,-0.140
32.621,S,1749204,0.140,1.031,-0.093
32.651,S,1749234,0.140,0.984,-0.093
32.682,S,1749264,0.140,0.984,-0.093
32.712,S,1749294,0.140,0.984,-0.093
32.742,S,1749324,0.140,0.984,-0.093
32.765,S,1749346,0.140,0.984,-0.093
32.794,S,1749377,0.187,1.031,-0.046
32.817,S,1749399,0.093,0.984,-0.093
32.845,S,1749428,0.140,0.937,-0.046
32.875,S,1749458,0.140,1.031,-0.093
32.906,S,1749488,0.140,0.984,-0.093
32.936,S,1749519,0.093,0.984,-0.093
32.967,S,1749549,0.093,0.984,-0.093
32.996,S,1749579,0.140,0.984,-0.093
33.027,S,1749609,0.140,0.984,-0.093
33.049,S,1749631,0.140,0.984,-0.093
33.086,READY
33.093,M,STILL
33.122,S,1749704,0.140,0.984,-0.093
33.152,S,1749734,0.140,0.984,-0.140
33.182,S,1749764,0.140,0.984,-0.140
33.213,S,1749795,0.140,0.937,-0.046
33.243,S,1749825,0.140,1.031,-0.046
33.273,S,1749855,0.140,0.937,-0.046
33.303,S,1749885,0.093,0.984,-0.140
33.325,S,1749907,0.093,0.984,-0.093
33.354,S,1749936,0.187,0.984,-0.093
33.385,S,1749967,0.140,0.937,-0.093
33.415,S,1749997,0.187,0.984,-0.046
33.445,S,1750027,0.140,0.937,-0.046
33.467,S,1750049,0.093,0.984,-0.093
33.497,S,1750078,0.140,0.937,-0.093
33.526,S,1750108,0.140,0.984,-0.093
33.549,S,1750130,0.140,0.984,-0.093
33.578,S,1750160,0.140,0.984,-0.093
33.600,S,1750182,0.140,0.984,-0.093
33.629,S,1750211,0.140,1.031,-0.093
33.660,S,1750241,0.140,0.984,-0.046
33.691,S,1750271,0.093,0.984,-0.046
33.720,S,1750301,0.140,0.984,-0.093
33.750,S,1750331,0.140,1.031,-0.046
33.780,S,1750361,0.187,0.937,-0.046
33.811,S,1750392,0.187,0.984,-0.093
33.840,S,1750422,0.140,0.984,-0.093
33.871,S,1750452,0.140,1.031,-0.093
33.902,S,1750482,0.093,0.984,-0.093
33.931,S,1750513,0.140,0.984,-0.093
33.954,S,1750535,0.140,0.984,-0.046
33.984,S,1750565,0.140,0.984,-0.093
34.014,S,1750595,0.140,0.937,-0.093
34.044,S,1750625,0.140,0.984,-0.093
34.075,S,1750656,0.140,0.984,-0.093
34.112,READY
34.540,M,STILL
34.541,S,1750730,0.187,0.937,-0.093
34.542,S,1750752,0.093,0.937,-0.046
34.542,S,1750781,0.140,0.937,-0.140
34.543,S,1750803,0.093,0.937,-0.046
34.544,S,1750832,0.140,0.984,-0.093
34.545,S,1750854,0.140,1.031,-0.046
34.545,S,1750883,0.093,1.031,0.000
34.546,S,1750905,0.140,0.984,-0.093
34.547,S,1750936,0.140,0.937,-0.046
34.548,S,1750958,0.093,0.984,-0.093
34.548,S,1750988,0.140,1.031,-0.093
34.549,S,1751019,0.093,0.984,-0.046
34.550,S,1751046,0.140,0.984,-0.093
34.551,S,1751069,0.140,0.984,-0.046
34.551,S,1751099,0.140,1.031,-0.046
34.552,S,1751121,0.140,1.031,-0.093
34.570,S,1751152,0.187,0.984,-0.140
34.601,S,1751182,0.187,1.031,-0.093
34.631,S,1751212,0.093,0.984,-0.093
34.654,S,1751234,0.140,0.984,-0.140
34.684,S,1751264,0.140,0.984,-0.093
34.713,S,1751295,0.140,0.937,-0.046
34.744,S,1751325,0.187,0.984,-0.093
34.774,S,1751355,0.140,0.984,-0.046
34.804,S,1751385,0.140,0.984,-0.046
34.835,S,1751415,0.093,1.078,-0.093
34.857,S,1751438,0.140,0.984,-0.093
34.888,S,1751468,0.093,0.984,-0.093
34.918,S,1751498,0.093,1.031,0.000
34.948,S,1751528,0.187,0.984,-0.093
34.978,S,1751558,0.093,1.031,-0.046
35.008,S,1751589,0.140,1.031,-0.093
35.038,S,1751619,0.187,1.031,-0.093
35.062,S,1751641,0.140,0.984,-0.093
35.091,S,1751671,0.140,1.031,-0.046
35.128,READY
35.135,M,STILL
35.164,S,1751744,0.140,0.937,-0.093
35.192,S,1751773,0.140,0.984,-0.093
35.215,S,1751795,0.140,0.984,-0.093
35.246,S,1751826,0.093,0.984,-0.093
35.276,S,1751856,0.140,0.984,-0.140
35.298,S,1751878,0.140,0.984,-0.140
35.327,S,1751907,0.140,0.984,-0.093
35.357,S,1751937,0.140,0.984,-0.093
35.387,S,1751966,0.140,0.984,-0.093
35.417,S,1751997,0.093,0.984,-0.046
35.447,S,1752027,0.140,0.984,-0.093
35.476,S,1752057,0.093,0.984,-0.046
35.499,S,1752079,0.140,1.031,-0.046
35.530,S,1752109,0.093,0.984,-0.046
35.560,S,1752140,0.187,1.031,-0.093
35.590,S,1752170,0.140,0.937,-0.046
35.612,S,1752192,0.140,0.984,-0.046
35.642,S,1752221,0.140,0.984,-0.140
35.664,S,1752243,0.140,0.984,0.000
35.692,S,1752273,0.093,0.984,-0.093
35.723,S,1752303,0.187,0.984,-0.093
35.745,S,1752325,0.140,0.984,-0.140
35.774,S,1752354,0.140,1.031,-0.093
35.797,S,1752376,0.140,0.937,-0.093
35.827,S,1752407,0.140,0.937,-0.140
35.857,S,1752437,0.140,0.984,-0.046
35.888,S,1752467,0.187,0.937,-0.140
35.910,S,1752489,0.187,0.984,-0.093
35.939,S,1752519,0.187,0.984,-0.093
35.968,S,1752548,0.140,0.937,-0.093
35.990,S,1752570,0.093,1.031,-0.093
36.019,S,1752599,0.140,0.984,-0.046
36.050,S,1752629,0.140,0.937,-0.093
36.080,S,1752659,0.140,0.984,-0.140
36.110,S,1752689,0.140,0.984,-0.093
36.146,READY
36.152,M,STILL
36.182,S,1752761,0.140,1.031,-0.093
36.204,S,1752783,0.140,1.031,-0.093
36.234,S,1752813,0.140,1.031,-0.093
36.264,S,1752843,0.140,0.984,-0.093
36.295,S,1752874,0.187,0.984,-0.046
36.325,S,1752904,0.140,1.031,-0.046
36.354,S,1752934,0.140,0.984,-0.093
36.385,S,1752964,0.140,0.984,-0.093
36.415,S,1752994,0.093,0.937,-0.093
36.446,S,1753025,0.140,0.984,-0.046
36.476,S,1753055,0.093,0.984,-0.093
36.506,S,1753085,0.140,0.984,-0.093
36.536,S,1753115,0.093,1.031,-0.093
36.558,S,1753137,0.187,0.984,-0.093
36.588,S,1753167,0.093,0.984,-0.093
36.619,S,1753197,0.140,0.984,-0.046
36.649,S,1753228,0.093,0.984,-0.046
36.679,S,1753258,0.140,0.984,-0.093
36.709,S,1753288,0.140,0.984,-0.140
36.732,S,1753310,0.140,0.984,-0.093
36.761,S,1753339,0.140,1.031,-0.046
36.791,S,1753370,0.093,0.984,-0.093
36.813,S,1753392,0.140,0.984,-0.046
36.843,S,1753422,0.140,0.984,-0.093
36.866,S,1753444,0.093,0.984,-0.140
36.897,S,1753475,0.140,0.984,-0.140
36.927,S,1753505,0.140,0.984,-0.093
36.956,S,1753535,0.140,1.031,-0.093
36.987,S,1753565,0.093,0.937,-0.093
37.009,S,1753587,0.093,1.031,-0.093
37.039,S,1753617,0.140,0.984,-0.046
37.068,S,1753647,0.187,1.031,-0.093
37.098,S,1753677,0.140,0.937,-0.093
37.121,S,1753699,0.140,0.937,-0.093
37.157,READY
37.164,M,STILL
37.193,S,1753772,0.187,0.984,-0.046
37.216,S,1753794,0.140,0.984,-0.093
37.245,S,1753824,0.187,0.984,-0.093
37.276,S,1753854,0.140,0.984,-0.093
37.307,S,1753884,0.140,0.984,-0.093
37.336,S,1753914,0.140,0.937,-0.093
37.367,S,1753945,0.140,0.984,-0.046
37.389,S,1753967,0.140,0.984,-0.093
37.420,S,1753997,0.140,0.984,-0.093
37.450,S,1754027,0.093,0.984,-0.093
37.480,S,1754058,0.140,0.937,-0.046
37.510,S,1754088,0.140,0.984,-0.093
37.541,S,1754118,0.140,1.031,-0.093
37.571,S,1754148,0.140,0.937,-0.093
37.601,S,1754178,0.140,0.984,-0.093
37.631,S,1754208,0.140,0.984,-0.093
37.661,S,1754239,0.140,0.984,-0.046
37.691,S,1754269,0.140,0.937,-0.093
37.721,S,1754299,0.140,0.984,0.000
37.752,S,1754329,0.140,0.984,-0.093
37.781,S,1754360,0.140,1.031,-0.093
37.804,S,1754382,0.140,0.984,-0.093
37.833,S,1754411,0.187,1.031,-0.093
37.864,S,1754441,0.187,0.984,-0.093
37.894,S,1754471,0.140,0.984,-0.093
37.924,S,1754502,0.140,0.984,-0.093
37.954,S,1754532,0.140,0.937,-0.046
37.984,S,1754562,0.140,0.984,-0.046
38.006,S,1754584,0.140,0.984,-0.093
38.035,S,1754614,0.187,0.984,-0.093
38.067,S,1754644,0.093,0.984,-0.093
38.097,S,1754674,0.140,0.984,-0.093
38.127,S,1754704,0.093,0.937,-0.046
38.567,S,1754735,0.093,1.031,-0.093
38.568,S,1754765,0.187,0.984,-0.093
38.569,S,1754796,0.187,0.937,-0.046
38.569,S,1754828,0.140,0.984,-0.093
38.570,S,1754850,0.140,0.937,-0.046
38.571,S,1754879,0.093,0.937,-0.093
38.572,S,1754910,0.093,0.984,-0.093
38.573,S,1754940,0.140,0.984,-0.093
38.573,S,1754970,0.234,0.890,-0.093
38.574,S,1755000,0.234,0.937,-0.140
38.575,S,1755030,0.140,0.937,-0.093
38.576,S,1755061,0.140,1.031,-0.046
38.576,S,1755091,0.140,0.984,-0.093
38.577,S,1755113,0.093,0.984,-0.093
38.578,S,1755143,0.187,1.031,-0.093
38.604,READY
38.611,M,STILL
38.640,S,1755218,0.140,0.984,-0.093
38.670,S,1755246,0.140,1.031,-0.093
38.692,S,1755269,0.187,0.984,-0.093
38.722,S,1755299,0.140,0.937,-0.093
38.752,S,1755329,0.140,0.937,-0.187
38.774,S,1755351,0.093,0.984,-0.093
38.803,S,1755380,0.140,0.937,-0.093
38.833,S,1755410,0.140,1.031,-0.093
38.863,S,1755440,0.140,0.984,-0.093
38.893,S,1755470,0.093,0.937,-0.140
38.916,S,1755492,0.093,0.984,-0.093
38.945,S,1755521,0.140,0.984,-0.093
38.966,S,1755543,0.140,0.984,-0.093
38.996,S,1755572,0.140,0.984,-0.093
39.026,S,1755603,0.093,0.937,-0.093
39.048,S,1755625,0.187,0.984,-0.093
39.078,S,1755655,0.140,0.984,-0.093
39.108,S,1755685,0.140,1.031,-0.093
39.138,S,1755715,0.187,0.937,-0.093
39.169,S,1755745,0.093,0.937,-0.046
39.200,S,1755776,0.140,0.984,-0.093
39.230,S,1755806,0.093,0.937,-0.046
39.260,S,1755836,0.140,0.984,-0.093
39.290,S,1755866,0.187,1.031,-0.140
39.320,S,1755896,0.140,0.984,-0.093
39.351,S,1755927,0.093,0.937,-0.046
39.381,S,1755957,0.140,0.984,-0.093
39.411,S,1755987,0.093,0.984,-0.093
39.434,S,1756009,0.140,0.984,-0.046
39.462,S,1756038,0.140,0.984,-0.093
39.485,S,1756061,0.093,0.937,-0.093
39.515,S,1756091,0.187,0.984,-0.093
39.545,S,1756121,0.187,0.937,-0.093
39.567,S,1756143,0.140,0.937,-0.140
39.605,READY
39.612,M,STILL
39.641,S,1756217,0.093,0.937,-0.140
39.671,S,1756247,0.140,0.984,-0.093
39.701,S,1756277,0.187,0.984,-0.046
39.724,S,1756299,0.093,1.031,-0.093
39.753,S,1756329,0.093,0.984,-0.046
39.783,S,1756359,0.140,0.984,-0.093
39.805,S,1756381,0.140,0.937,-0.093
39.835,S,1756411,0.093,0.984,-0.093
39.857,S,1756433,0.093,1.031,-0.046
39.887,S,1756462,0.140,1.031,-0.093
39.917,S,1756492,0.093,1.031,-0.093
39.938,S,1756514,0.140,0.890,-0.093
39.968,S,1756543,0.140,0.984,-0.093
39.998,S,1756573,0.140,0.937,-0.093
40.028,S,1756604,0.140,0.937,-0.140
40.059,S,1756634,0.140,0.984,-0.093
40.089,S,1756664,0.093,0.890,-0.093
40.111,S,1756686,0.187,0.984,-0.093
40.141,S,1756717,0.093,1.031,-0.093
40.171,S,1756747,0.093,0.937,-0.046
40.202,S,1756777,0.187,0.937,-0.046
40.232,S,1756807,0.140,0.984,-0.046
40.262,S,1756837,0.140,0.937,-0.093
40.292,S,1756868,0.140,0.984,-0.093
40.322,S,1756898,0.093,0.984,-0.093
40.345,S,1756920,0.140,0.984,-0.093
40.375,S,1756950,0.140,0.984,-0.046
40.405,S,1756980,0.140,1.031,-0.093
40.436,S,1757011,0.093,0.984,-0.093
40.466,S,1757041,0.093,0.984,-0.046
40.488,S,1757063,0.093,0.937,-0.093
40.517,S,1757092,0.140,0.984,-0.046
40.548,S,1757122,0.187,0.984,-0.093
40.576,S,1757152,0.187,1.031,-0.093
40.612,READY
40.619,M,STILL
40.648,S,1757224,0.140,0.984,-0.093
40.679,S,1757254,0.140,1.031,-0.140
40.709,S,1757284,0.140,0.937,-0.140
40.732,S,1757306,0.140,0.984,-0.093
40.761,S,1757336,0.187,0.937,-0.046
40.784,S,1757358,0.140,0.984,-0.140
40.812,S,1757387,0.093,0.984,-0.140
40.842,S,1757417,0.187,0.984,-0.093
40.865,S,1757439,0.140,0.984,-0.046
40.894,S,1757468,0.187,0.937,-0.093
40.916,S,1757490,0.187,0.937,-0.093
40.946,S,1757520,0.140,1.031,-0.093
40.968,S,1757543,0.140,0.937,-0.093
40.999,S,1757573,0.093,0.984,-0.140
41.020,S,1757595,0.140,0.984,-0.093
41.050,S,1757624,0.140,0.984,-0.093
41.080,S,1757654,0.093,1.031,-0.093
41.109,S,1757684,0.140,0.984,-0.093
41.139,S,1757714,0.140,1.031,-0.140
41.161,S,1757736,0.046,0.937,-0.046
41.192,S,1757766,0.187,0.984,-0.093
41.222,S,1757796,0.140,0.984,-0.093
41.252,S,1757827,0.093,0.937,-0.093
41.283,S,1757857,0.140,0.937,-0.093
41.313,S,1757887,0.140,0.984,-0.140
41.334,S,1757909,0.187,0.984,-0.140
41.364,S,1757938,0.187,1.031,-0.046
41.395,S,1757969,0.093,0.937,-0.093
41.424,S,1757999,0.187,1.031,-0.093
41.447,S,1758021,0.140,0.984,-0.093
41.476,S,1758050,0.140,1.031,-0.046
41.506,S,1758080,0.140,0.984,-0.046
41.528,S,1758102,0.187,1.031,-0.093
41.557,S,1758131,0.140,0.984,-0.093
41.586,S,1758161,0.093,0.937,-0.093
41.622,READY
41.629,M,STILL
41.658,S,1758233,0.140,0.937,-0.046
41.689,S,1758263,0.187,0.984,-0.093
41.719,S,1758293,0.187,0.984,-0.093
41.749,S,1758323,0.140,0.890,-0.093
41.771,S,1758345,0.140,0.984,-0.093
41.801,S,1758375,0.187,0.984,-0.093
41.831,S,1758405,0.140,0.984,-0.140
41.861,S,1758435,0.140,0.937,-0.093
41.884,S,1758457,0.140,1.031,-0.093
41.914,S,1758487,0.140,0.984,-0.046
41.944,S,1758518,0.140,0.984,-0.093
41.974,S,1758548,0.093,0.937,-0.093
42.003,S,1758578,0.187,0.984,-0.093
42.026,S,1758600,0.140,0.984,-0.093
42.056,S,1758630,0.187,0.937,-0.093
42.078,S,1758652,0.093,0.984,-0.093
42.108,S,1758681,0.140,0.937,-0.046
42.137,S,1758711,0.187,0.937,-0.093
42.568,S,1758733,0.093,0.984,-0.093
42.569,S,1758762,0.187,0.984,-0.093
42.570,S,1758792,0.093,0.984,-0.046
42.571,S,1758814,0.093,0.984,-0.046
42.572,S,1758843,0.140,0.984,-0.140
42.572,S,1758873,0.093,0.937,-0.093
42.573,S,1758903,0.140,0.984,-0.093
42.573,S,1758933,0.140,0.984,-0.046
42.573,S,1758963,0.187,0.937,-0.046
42.573,S,1758986,0.046,1.031,-0.046
42.574,S,1759015,0.140,0.937,-0.093
42.574,S,1759037,0.187,0.937,-0.046
42.574,S,1759067,0.046,0.984,-0.093
42.575,S,1759096,0.187,0.984,-0.093
42.575,S,1759119,0.187,0.937,-0.093
42.575,S,1759148,0.140,0.984,-0.046
42.605,S,1759178,0.093,0.984,-0.046
42.642,READY
42.649,M,STILL
42.678,S,1759251,0.187,0.937,-0.140
42.701,S,1759273,0.140,0.984,-0.046
42.729,S,1759302,0.140,0.984,-0.093
42.758,S,1759332,0.093,0.984,-0.093
42.781,S,1759354,0.140,0.984,-0.046
42.811,S,1759384,0.187,0.984,-0.093
42.841,S,1759414,0.187,1.031,-0.140
42.864,S,1759437,0.140,0.984,-0.093
42.892,S,1759466,0.187,1.031,0.000
42.915,S,1759488,0.140,0.984,-0.140
42.945,S,1759518,0.093,0.937,-0.046
42.968,S,1759540,0.093,0.984,-0.140
42.997,S,1759570,0.140,0.937,-0.093
43.027,S,1759600,0.140,0.984,-0.093
43.058,S,1759630,0.187,0.937,-0.093
43.080,S,1759652,0.093,0.984,-0.140
43.108,S,1759682,0.140,1.031,-0.140
43.132,S,1759704,0.140,1.031,-0.093
43.162,S,1759734,0.187,0.984,-0.093
43.192,S,1759765,0.093,0.984,-0.093
43.222,S,1759795,0.093,0.937,-0.046
43.253,S,1759825,0.093,0.984,-0.093
43.283,S,1759855,0.140,0.984,-0.093
43.305,S,1759877,0.187,0.984,-0.046
43.335,S,1759908,0.187,0.984,-0.093
43.366,S,1759938,0.187,1.031,-0.093
43.396,S,1759968,0.093,0.937,-0.093
43.426,S,1759998,0.093,0.984,-0.093
43.448,S,1760020,0.093,1.078,-0.093
43.478,S,1760051,0.140,0.984,-0.093
43.508,S,1760081,0.140,1.031,-0.093
43.531,S,1760103,0.140,1.031,-0.046
43.561,S,1760133,0.140,0.984,-0.046
43.591,S,1760164,0.140,0.937,-0.140
43.621,S,1760194,0.140,0.984,-0.093
43.657,READY
43.664,M,STILL
43.693,S,1760266,0.140,0.984,-0.046
43.716,S,1760288,0.140,1.031,-0.046
43.745,S,1760317,0.140,0.984,-0.093
43.768,S,1760339,0.140,0.937,-0.046
43.798,S,1760370,0.140,0.937,-0.093
43.828,S,1760400,0.140,0.984,-0.093
43.850,S,1760422,0.187,0.984,-0.093
43.879,S,1760451,0.093,0.984,-0.046
43.910,S,1760482,0.140,0.937,-0.093
43.940,S,1760512,0.140,0.984,-0.046
43.970,S,1760542,0.093,0.984,-0.046
44.001,S,1760572,0.187,0.984,-0.093
44.031,S,1760602,0.140,0.984,-0.093
44.061,S,1760633,0.140,1.078,-0.093
44.084,S,1760655,0.093,1.031,-0.093
44.114,S,1760685,0.140,0.984,-0.093
44.144,S,1760715,0.093,0.984,-0.093
44.173,S,1760745,0.140,1.031,-0.140
44.195,S,1760767,0.140,0.984,-0.140
44.225,S,1760797,0.187,1.031,-0.093
44.248,S,1760819,0.140,0.937,-0.093
44.278,S,1760850,0.140,0.937,-0.046
44.309,S,1760880,0.187,0.984,-0.093
44.338,S,1760910,0.187,0.984,-0.093
44.368,S,1760940,0.140,0.937,-0.046
44.390,S,1760962,0.093,0.984,-0.046
44.420,S,1760991,0.187,0.984,-0.093
44.450,S,1761021,0.140,0.984,-0.046
44.480,S,1761051,0.093,0.984,-0.046
44.510,S,1761082,0.187,0.984,-0.093
44.540,S,1761112,0.140,0.984,-0.093
44.563,S,1761134,0.093,0.937,-0.093
44.593,S,1761164,0.093,0.984,-0.093
44.623,S,1761194,0.140,0.984,-0.093
44.659,READY
44.666,M,STILL
44.695,S,1761266,0.140,0.937,-0.093
44.717,S,1761288,0.140,0.984,-0.046
44.746,S,1761318,0.093,0.937,-0.046
44.776,S,1761347,0.140,0.984,-0.046
44.806,S,1761377,0.140,0.984,-0.093
44.828,S,1761399,0.140,0.984,-0.046
44.858,S,1761428,0.187,0.984,-0.093
44.888,S,1761459,0.140,0.937,-0.093
44.918,S,1761489,0.140,0.984,-0.093
44.948,S,1761519,0.187,0.984,-0.140
44.978,S,1761549,0.187,0.984,-0.140
45.008,S,1761579,0.140,0.984,-0.093
45.031,S,1761601,0.140,0.937,-0.140
45.061,S,1761632,0.140,0.984,-0.140
45.091,S,1761661,0.140,1.031,-0.093
45.122,S,1761693,0.187,0.984,-0.140
45.144,S,1761715,0.140,0.937,-0.093
45.173,S,1761745,0.093,0.984,-0.046
45.196,S,1761767,0.140,0.984,-0.093
45.225,S,1761796,0.140,0.984,-0.093
45.248,S,1761818,0.140,0.937,-0.093
45.279,S,1761849,0.140,1.031,-0.140
45.309,S,1761879,0.140,0.984,-0.046
45.331,S,1761901,0.140,1.031,-0.046
45.361,S,1761931,0.187,0.984,-0.140
45.391,S,1761962,0.187,1.031,-0.093
45.422,S,1761992,0.187,0.984,-0.046
45.451,S,1762022,0.093,1.031,-0.093
45.482,S,1762052,0.140,0.937,-0.093
45.512,S,1762083,0.140,1.078,-0.093
45.543,S,1762113,0.140,1.031,-0.093
45.565,S,1762135,0.187,0.984,-0.093
45.595,S,1762165,0.093,0.984,-0.093
45.617,S,1762187,0.187,1.031,-0.093
45.647,S,1762217,0.140,1.031,-0.093
45.683,READY
45.689,M,STILL
45.719,S,1762289,0.140,0.984,-0.046
45.749,S,1762319,0.140,1.031,-0.093
45.771,S,1762342,0.093,0.937,-0.093
45.801,S,1762370,0.140,0.984,-0.093
45.831,S,1762401,0.140,0.984,-0.093
45.861,S,1762431,0.140,0.984,-0.093
45.891,S,1762461,0.140,0.984,-0.093
45.921,S,1762491,0.093,1.031,-0.046
45.951,S,1762521,0.140,0.937,-0.093
45.982,S,1762551,0.140,0.937,-0.093
46.012,S,1762582,0.140,0.984,-0.140
46.042,S,1762612,0.140,1.031,-0.093
46.073,S,1762642,0.140,0.984,-0.093
46.095,S,1762664,0.093,0.937,-0.093
46.125,S,1762695,0.187,0.984,-0.093
46.147,S,1762717,0.140,1.031,-0.093
46.588,S,1762746,0.187,1.031,-0.093
46.589,S,1762776,0.140,0.984,-0.093
46.589,S,1762806,0.140,0.984,-0.093
46.590,S,1762836,0.140,1.031,-0.046
46.590,S,1762867,0.140,0.984,-0.140
46.590,S,1762889,0.140,0.984,-0.093
46.590,S,1762919,0.140,0.937,-0.046
46.591,S,1762941,0.093,0.984,-0.046
46.592,S,1762971,0.140,1.031,-0.046
46.593,S,1762993,0.187,0.984,-0.093
46.593,S,1763022,0.187,0.937,-0.093
46.594,S,1763053,0.140,0.984,-0.093
46.594,S,1763083,0.187,0.984,-0.093
46.594,S,1763105,0.187,0.937,-0.140
46.594,S,1763135,0.140,0.984,-0.093
46.595,S,1763165,0.140,0.984,-0.093
46.626,S,1763195,0.140,0.984,-0.093
46.648,S,1763217,0.140,0.984,-0.046
46.685,READY
46.691,M,STILL
46.719,S,1763289,0.140,0.984,-0.093
46.742,S,1763311,0.140,0.984,-0.140
46.771,S,1763340,0.187,0.937,-0.093
46.801,S,1763370,0.140,0.984,-0.093
46.823,S,1763392,0.234,0.984,-0.140
46.853,S,1763422,0.140,0.984,-0.093
46.882,S,1763452,0.140,0.984,-0.093
46.912,S,1763482,0.140,0.984,0.000
46.935,S,1763504,0.093,1.031,-0.093
46.965,S,1763534,0.093,0.984,-0.046
46.995,S,1763563,0.093,1.078,-0.046
47.016,S,1763586,0.140,0.984,-0.140
47.046,S,1763615,0.140,0.984,-0.093
47.076,S,1763645,0.093,0.984,-0.046
47.099,S,1763668,0.140,0.984,-0.046
47.129,S,1763698,0.140,0.984,-0.046
47.159,S,1763728,0.140,0.984,-0.093
47.189,S,1763758,0.140,0.984,-0.046
47.211,S,1763780,0.140,0.984,-0.140
47.242,S,1763810,0.093,0.937,-0.093
47.272,S,1763841,0.140,0.984,-0.093
47.303,S,1763871,0.140,0.984,-0.140
47.324,S,1763893,0.140,0.890,-0.093
47.355,S,1763923,0.187,0.937,-0.093
47.377,S,1763945,0.093,0.984,-0.093
47.406,S,1763975,0.187,0.984,-0.093
47.428,S,1763997,0.093,0.984,-0.093
47.458,S,1764027,0.140,0.984,-0.093
47.489,S,1764057,0.187,1.031,-0.093
47.519,S,1764087,0.140,1.031,-0.093
47.549,S,1764118,0.140,0.984,-0.046
47.579,S,1764148,0.140,0.937,-0.093
47.610,S,1764178,0.140,0.937,-0.046
47.640,S,1764208,0.187,0.984,-0.093
47.670,S,1764239,0.140,0.984,-0.093
47.708,READY
47.715,M,STILL
47.745,S,1764313,0.140,0.984,-0.140
47.767,S,1764335,0.140,0.984,-0.140
47.795,S,1764363,0.140,0.984,-0.093
47.817,S,1764385,0.140,1.031,-0.046
47.848,S,1764416,0.140,0.984,-0.046
47.878,S,1764446,0.046,1.078,-0.093
47.900,S,1764468,0.140,1.031,-0.093
47.930,S,1764498,0.140,0.984,-0.046
47.952,S,1764520,0.140,0.937,-0.046
47.982,S,1764549,0.093,0.937,-0.046
48.012,S,1764580,0.093,0.937,-0.093
48.042,S,1764610,0.093,0.937,-0.093
48.072,S,1764640,0.093,0.937,-0.093
48.102,S,1764670,0.140,0.984,-0.093
48.132,S,1764700,0.140,0.937,-0.140
48.162,S,1764730,0.140,0.984,-0.093
48.193,S,1764760,0.140,0.984,-0.093
48.223,S,1764790,0.187,0.984,-0.093
48.245,S,1764812,0.140,1.031,-0.093
48.274,S,1764841,0.187,0.984,-0.093
48.304,S,1764872,0.140,0.984,-0.093
48.326,S,1764894,0.140,0.984,-0.093
48.355,S,1764923,0.140,0.984,-0.046
48.378,S,1764945,0.187,0.984,-0.093
48.408,S,1764976,0.140,0.984,-0.093
48.439,S,1765006,0.140,0.984,-0.093
48.469,S,1765036,0.093,0.984,-0.093
48.499,S,1765066,0.093,0.984,-0.093
48.521,S,1765088,0.140,0.984,-0.093
48.550,S,1765118,0.140,0.937,-0.093
48.579,S,1765147,0.140,0.984,-0.093
48.610,S,1765177,0.093,1.031,-0.093
48.632,S,1765199,0.140,0.984,-0.093
48.661,S,1765229,0.140,0.984,-0.093
48.684,S,1765251,0.140,0.890,-0.093
48.720,READY
48.727,M,STILL
48.757,S,1765324,0.093,0.937,-0.093
48.786,S,1765354,0.093,0.937,-0.093
48.809,S,1765376,0.140,0.984,-0.093
48.838,S,1765405,0.140,0.984,-0.046
48.868,S,1765435,0.187,0.984,-0.046
48.890,S,1765458,0.187,0.984,-0.140
48.921,S,1765488,0.093,0.984,-0.046
48.943,S,1765510,0.140,0.984,-0.140
48.973,S,1765540,0.140,0.984,-0.093
48.995,S,1765562,0.140,0.937,-0.046
49.024,S,1765591,0.140,0.984,-0.046
49.046,S,1765613,0.187,1.031,-0.046
49.077,S,1765644,0.046,0.937,-0.140
49.107,S,1765674,0.093,0.984,-0.093
49.137,S,1765704,0.187,0.984,-0.093
49.159,S,1765726,0.140,0.937,-0.140
49.188,S,1765755,0.187,1.031,-0.046
49.211,S,1765778,0.187,0.937,-0.093
49.241,S,1765808,0.187,0.984,-0.093
49.264,S,1765830,0.140,0.984,-0.046
49.293,S,1765860,0.140,0.890,-0.093
49.316,S,1765882,0.140,0.937,-0.093
49.346,S,1765912,0.140,0.984,-0.140
49.376,S,1765942,0.140,0.984,-0.093
49.406,S,1765972,0.093,0.937,-0.093
49.436,S,1766003,0.093,0.984,-0.093
49.459,S,1766025,0.140,0.937,-0.046
49.488,S,1766054,0.187,0.984,-0.093
49.518,S,1766084,0.187,0.984,-0.093
49.540,S,1766107,0.140,0.937,-0.093
49.571,S,1766137,0.140,0.937,-0.093
49.593,S,1766159,0.093,0.937,-0.093
49.624,S,1766190,0.093,0.984,-0.093
49.653,S,1766220,0.140,0.937,-0.046
49.675,S,1766242,0.187,0.984,-0.046
49.706,S,1766272,0.140,0.984,-0.046
49.742,READY
49.748,M,STILL
49.777,S,1766344,0.140,0.984,-0.140
49.809,S,1766374,0.140,0.937,-0.140
49.830,S,1766396,0.140,0.937,-0.093
49.860,S,1766426,0.140,0.984,-0.093
49.890,S,1766456,0.093,0.937,-0.093
49.920,S,1766486,0.140,0.984,-0.093
49.942,S,1766508,0.093,0.984,-0.093
49.971,S,1766537,0.093,0.890,-0.093
49.994,S,1766560,0.140,0.984,-0.046
50.024,S,1766590,0.140,0.984,-0.093
50.054,S,1766620,0.140,0.984,-0.046
50.076,S,1766642,0.140,0.984,-0.093
50.106,S,1766673,0.140,0.937,-0.093
50.129,S,1766695,0.093,0.984,-0.093
50.157,S,1766724,0.140,1.031,-0.093
50.473,S,1766754,0.140,1.031,-0.140
50.474,S,1766784,0.187,1.031,-0.093
50.475,S,1766814,0.140,0.984,-0.093
50.476,S,1766844,0.187,1.031,-0.093
50.476,S,1766866,0.140,0.937,-0.093
50.477,S,1766897,0.140,0.937,-0.046
50.478,S,1766919,0.093,1.031,-0.093
50.479,S,1766948,0.187,0.984,-0.093
50.479,S,1766978,0.140,0.937,-0.046
50.480,S,1767001,0.140,0.984,-0.140
50.481,S,1767031,0.093,0.937,-0.046
50.495,S,1767061,0.093,0.984,-0.093
50.517,S,1767083,0.046,0.984,-0.093
50.548,S,1767114,0.140,1.031,-0.046
50.571,S,1767136,0.187,1.031,-0.093
50.599,S,1767165,0.140,0.984,-0.093
50.622,S,1767187,0.140,1.031,-0.093
50.652,S,1767217,0.093,0.937,-0.093
50.682,S,1767247,0.093,0.984,-0.093
50.711,S,1767277,0.093,0.984,-0.093
50.748,READY
50.755,M,STILL
50.784,S,1767349,0.187,0.937,-0.093
50.814,S,1767379,0.187,0.984,-0.093
50.844,S,1767410,0.140,0.937,-0.093
50.867,S,1767432,0.140,0.984,-0.093
50.895,S,1767460,0.140,1.031,-0.093
50.917,S,1767482,0.187,0.984,-0.093
50.946,S,1767511,0.140,0.984,-0.093
50.968,S,1767534,0.140,0.984,-0.046
50.998,S,1767564,0.140,0.984,-0.093
51.021,S,1767586,0.140,0.984,-0.093
51.050,S,1767615,0.140,0.937,-0.093
51.072,S,1767637,0.140,0.984,-0.093
51.101,S,1767666,0.140,0.984,-0.093
51.131,S,1767696,0.187,0.937,-0.093
51.161,S,1767726,0.140,1.031,-0.093
51.183,S,1767748,0.093,0.937,-0.093
51.212,S,1767777,0.187,0.984,-0.093
51.242,S,1767807,0.140,0.984,-0.093
51.273,S,1767837,0.140,0.984,-0.046
51.303,S,1767868,0.093,0.984,-0.093
51.324,S,1767890,0.187,0.937,-0.093
51.354,S,1767919,0.187,0.984,-0.093
51.377,S,1767941,0.140,0.937,-0.046
51.406,S,1767971,0.187,0.937,-0.093
51.436,S,1768001,0.140,0.984,-0.046
51.459,S,1768023,0.140,0.984,-0.093
51.488,S,1768052,0.187,0.937,-0.093
51.517,S,1768081,0.140,1.031,-0.046
51.547,S,1768112,0.093,0.937,-0.046
51.570,S,1768134,0.140,0.937,-0.093
51.600,S,1768164,0.140,0.937,-0.140
51.630,S,1768194,0.093,0.937,-0.046
51.660,S,1768225,0.187,0.937,-0.093
51.682,S,1768247,0.093,1.031,-0.093
51.712,S,1768276,0.140,0.984,-0.046
51.734,S,1768298,0.093,0.937,-0.093
51.770,READY
51.776,M,STILL
51.806,S,1768370,0.140,0.937,-0.093
51.836,S,1768400,0.093,1.031,-0.093
51.866,S,1768430,0.093,0.984,-0.046
51.896,S,1768460,0.093,0.984,-0.093
51.926,S,1768491,0.093,0.984,-0.093
51.957,S,1768521,0.187,1.031,-0.093
51.986,S,1768551,0.046,0.984,-0.093
52.140,S,1768581,0.093,1.031,-0.093
52.141,S,1768603,0.140,1.078,-0.046
52.142,S,1768633,0.093,0.937,-0.093
52.143,S,1768656,0.187,0.984,-0.093
52.144,S,1768686,0.093,1.031,-0.093
52.152,S,1768716,0.093,0.984,-0.093
52.183,S,1768746,0.093,0.984,-0.093
52.212,S,1768776,0.140,0.984,-0.140
52.234,S,1768799,0.140,0.984,-0.093
52.264,S,1768828,0.140,0.984,-0.093
52.295,S,1768858,0.187,0.984,-0.093
52.316,S,1768880,0.140,0.984,-0.140
52.346,S,1768909,0.187,0.984,-0.140
52.375,S,1768939,0.140,0.984,-0.093
52.405,S,1768969,0.140,1.031,-0.140
52.435,S,1768999,0.140,0.984,-0.046
52.465,S,1769029,0.140,0.984,-0.093
52.495,S,1769059,0.140,0.984,-0.093
52.526,S,1769089,0.140,1.031,-0.093
52.555,S,1769119,0.140,0.937,-0.093
52.585,S,1769149,0.140,0.984,-0.093
52.616,S,1769180,0.187,1.031,-0.093
52.638,S,1769202,0.187,0.984,-0.093
52.669,S,1769232,0.140,0.984,-0.046
52.700,S,1769262,0.140,0.984,-0.093
52.730,S,1769293,0.140,1.031,-0.093
52.760,S,1769323,0.140,0.937,-0.093
52.797,READY
52.804,M,STILL
52.834,S,1769397,0.187,0.984,-0.093
52.865,S,1769427,0.140,1.078,-0.046
52.894,S,1769458,0.093,0.984,-0.140
52.925,S,1769488,0.140,0.984,-0.140
52.954,S,1769518,0.140,0.984,-0.093
52.977,S,1769540,0.140,0.984,-0.046
53.007,S,1769571,0.140,0.937,-0.093
53.166,S,1769593,0.093,1.031,-0.093
53.167,S,1769623,0.140,0.984,-0.093
53.167,S,1769653,0.140,0.984,-0.093
53.168,S,1769685,0.140,0.984,-0.093
53.169,S,1769715,0.140,0.937,-0.093
53.182,S,1769745,0.140,0.984,-0.093
53.212,S,1769775,0.187,1.078,-0.140
53.242,S,1769805,0.187,0.984,-0.046
53.273,S,1769835,0.093,0.937,-0.093
53.302,S,1769865,0.187,0.984,-0.093
53.325,S,1769887,0.140,0.937,-0.046
53.354,S,1769917,0.187,0.937,-0.093
53.384,S,1769947,0.140,0.984,-0.093
53.414,S,1769977,0.140,1.031,-0.046
53.437,S,1770000,0.140,1.031,-0.046
53.467,S,1770030,0.187,0.984,-0.140
53.497,S,1770060,0.187,0.984,-0.093
53.520,S,1770082,0.140,0.984,-0.093
53.550,S,1770112,0.140,0.984,-0.093
53.581,S,1770143,0.187,0.984,-0.093
53.610,S,1770173,0.140,1.031,-0.140
53.632,S,1770195,0.140,0.937,-0.093
53.663,S,1770225,0.187,0.984,-0.093
53.693,S,1770255,0.187,0.984,-0.093
53.714,S,1770278,0.140,0.984,-0.093
53.745,S,1770308,0.093,1.078,-0.093
53.775,S,1770338,0.140,0.937,-0.140
53.810,READY
53.816,M,STILL
53.846,S,1770408,0.187,1.031,-0.046
53.877,S,1770439,0.187,0.984,-0.046
53.907,S,1770469,0.140,1.031,-0.046
53.938,S,1770500,0.140,0.937,-0.093
53.961,S,1770523,0.140,1.031,-0.093
53.991,S,1770553,0.140,1.031,-0.046
54.013,S,1770575,0.093,1.031,-0.093
54.043,S,1770604,0.187,0.937,-0.093
54.199,S,1770634,0.187,0.937,-0.093
54.200,S,1770664,0.140,0.984,-0.093
54.200,S,1770686,0.140,0.937,-0.093
54.201,S,1770716,0.187,1.031,-0.093
54.202,S,1770746,0.093,0.937,-0.046
54.215,S,1770777,0.140,0.984,-0.046
54.245,S,1770807,0.140,1.031,-0.093
54.275,S,1770837,0.140,0.937,-0.046
54.306,S,1770867,0.140,0.984,-0.046
54.336,S,1770897,0.140,0.984,-0.140
54.365,S,1770927,0.140,0.937,-0.046
54.388,S,1770949,0.140,0.984,-0.046
54.418,S,1770979,0.140,0.984,-0.093
54.448,S,1771009,0.140,0.984,-0.093
54.477,S,1771039,0.187,0.937,-0.093
54.508,S,1771069,0.140,1.031,-0.093
54.537,S,1771099,0.093,0.984,-0.093
54.560,S,1771121,0.140,0.984,-0.093
54.590,S,1771152,0.140,0.937,-0.093
54.621,S,1771182,0.093,1.031,-0.046
54.643,S,1771204,0.140,0.984,-0.093
54.673,S,1771235,0.093,0.984,-0.093
54.703,S,1771265,0.093,1.031,-0.093
54.734,S,1771295,0.140,0.984,-0.093
54.763,S,1771325,0.187,0.984,-0.093
54.794,S,1771355,0.093,0.937,-0.093
54.830,READY
54.837,M,STILL
54.867,S,1771428,0.140,1.031,-0.140
54.897,S,1771458,0.093,1.031,-0.093
54.927,S,1771488,0.140,0.984,-0.093
54.957,S,1771519,0.187,0.937,-0.140
54.988,S,1771549,0.093,1.031,-0.046
55.018,S,1771579,0.140,0.984,-0.093
55.047,S,1771609,0.140,0.937,-0.093
55.556,S,1771631,0.140,1.031,-0.046
55.557,S,1771661,0.140,1.031,-0.046
55.557,S,1771692,0.140,0.984,-0.093
55.557,S,1771722,0.093,1.031,-0.093
55.557,S,1771752,0.140,1.078,-0.093
55.558,S,1771774,0.187,0.984,-0.093
55.558,S,1771804,0.187,0.937,-0.046
55.558,S,1771826,0.140,0.937,-0.093
55.559,S,1771855,0.234,0.937,-0.140
55.559,S,1771878,0.093,0.984,-0.093
55.559,S,1771906,0.140,0.984,-0.093
55.560,S,1771936,0.187,1.031,-0.093
55.561,S,1771966,0.140,0.984,-0.093
55.562,S,1771998,0.187,0.984,-0.093
55.562,S,1772028,0.140,0.984,-0.046
55.562,S,1772059,0.140,0.937,-0.093
55.563,S,1772089,0.140,0.937,-0.093
55.563,S,1772120,0.093,0.984,-0.140
55.590,S,1772150,0.140,0.937,-0.046
55.619,S,1772180,0.140,0.937,-0.093
55.650,S,1772210,0.140,1.031,-0.046
55.680,S,1772240,0.140,0.937,-0.093
55.710,S,1772270,0.187,0.984,-0.140
55.739,S,1772300,0.140,0.984,-0.093
55.770,S,1772330,0.140,0.984,-0.140
55.800,S,1772360,0.093,1.031,-0.046
55.837,READY
55.844,M,STILL
55.873,S,1772434,0.140,0.984,-0.093
55.904,S,1772464,0.187,1.031,-0.093
55.934,S,1772494,0.093,0.984,-0.093
55.964,S,1772524,0.093,0.984,-0.093
55.994,S,1772554,0.140,0.984,-0.140
56.024,S,1772585,0.140,1.031,-0.046
56.054,S,1772615,0.140,0.984,-0.093
56.085,S,1772645,0.093,1.031,-0.140
56.115,S,1772675,0.140,0.984,-0.046
56.145,S,1772705,0.187,1.031,-0.093
56.175,S,1772735,0.093,1.031,-0.093
56.205,S,1772765,0.140,0.984,-0.093
56.236,S,1772796,0.140,1.031,-0.093
56.265,S,1772826,0.140,1.078,-0.046
56.295,S,1772856,0.187,0.937,-0.093
56.318,S,1772878,0.140,0.984,-0.140
56.348,S,1772908,0.140,0.984,-0.093
56.370,S,1772930,0.140,0.984,-0.093
56.398,S,1772959,0.234,0.984,-0.093
56.428,S,1772989,0.093,0.937,-0.093
56.458,S,1773019,0.140,0.984,-0.140
56.481,S,1773041,0.187,1.031,-0.093
56.510,S,1773070,0.093,0.984,-0.093
56.541,S,1773100,0.140,0.984,-0.093
56.570,S,1773130,0.140,0.984,-0.093
56.593,S,1773153,0.187,0.984,-0.093
56.623,S,1773183,0.140,0.984,-0.140
56.654,S,1773213,0.093,0.984,-0.093
56.684,S,1773244,0.093,0.937,-0.093
56.707,S,1773266,0.140,0.937,-0.093
56.736,S,1773296,0.187,0.984,-0.093
56.766,S,1773326,0.140,0.984,-0.093
56.796,S,1773356,0.187,0.937,-0.046
56.819,S,1773378,0.140,0.937,-0.046
56.856,READY
56.864,M,STILL
56.893,S,1773452,0.093,1.031,-0.093
56.922,S,1773482,0.187,0.984,-0.093
56.952,S,1773512,0.140,0.984,-0.093
56.982,S,1773542,0.140,0.984,-0.046
57.013,S,1773572,0.140,0.984,-0.046
57.043,S,1773602,0.140,1.031,-0.046
57.065,S,1773624,0.187,0.937,-0.093
57.096,S,1773655,0.093,1.031,-0.093
57.126,S,1773685,0.140,0.937,-0.093
57.157,S,1773716,0.140,0.984,-0.093
57.187,S,1773746,0.140,1.031,-0.046
57.217,S,1773776,0.140,0.984,-0.093
57.247,S,1773806,0.093,0.937,-0.093
57.277,S,1773836,0.187,0.937,-0.093
57.307,S,1773866,0.140,0.984,-0.093
57.337,S,1773896,0.187,0.984,-0.046
57.367,S,1773926,0.093,1.031,-0.093
57.396,S,1773956,0.093,0.937,-0.093
57.418,S,1773978,0.140,1.031,-0.093
57.448,S,1774006,0.140,0.984,-0.093
57.478,S,1774037,0.140,1.031,-0.093
57.508,S,1774067,0.093,0.984,-0.093
57.538,S,1774097,0.140,0.984,-0.093
57.560,S,1774119,0.140,0.984,-0.093
57.590,S,1774148,0.140,1.031,-0.093
57.620,S,1774179,0.093,1.031,-0.093
57.642,S,1774201,0.093,0.937,-0.140
57.673,S,1774231,0.187,0.937,-0.046
57.703,S,1774261,0.140,0.984,-0.093
57.733,S,1774291,0.140,0.984,-0.093
57.755,S,1774314,0.140,0.984,-0.093
57.785,S,1774343,0.140,0.984,-0.046
57.815,S,1774373,0.093,0.984,-0.093
57.844,S,1774403,0.140,0.984,-0.093
57.882,READY
57.889,M,STILL
57.918,S,1774477,0.187,0.984,-0.093
57.949,S,1774507,0.093,1.031,-0.093
57.979,S,1774537,0.140,0.937,-0.093
58.009,S,1774567,0.187,0.984,-0.140
58.039,S,1774597,0.140,0.984,-0.093
58.069,S,1774627,0.140,1.031,-0.093
58.099,S,1774658,0.093,0.984,-0.093
58.130,S,1774688,0.187,0.984,-0.093
58.160,S,1774718,0.187,0.937,-0.093
58.191,S,1774749,0.187,0.890,-0.093
58.213,S,1774771,0.093,1.031,-0.140
58.244,S,1774802,0.140,0.984,-0.140
58.274,S,1774832,0.140,0.984,-0.093
58.305,S,1774862,0.093,0.984,-0.093
58.334,S,1774893,0.093,0.984,-0.093
58.365,S,1774923,0.187,0.984,-0.093
58.395,S,1774953,0.093,1.031,-0.093
58.425,S,1774983,0.140,1.031,-0.093
58.455,S,1775013,0.140,1.031,-0.140
58.486,S,1775043,0.187,0.984,-0.046
58.516,S,1775073,0.093,0.984,-0.046
58.546,S,1775104,0.187,0.984,-0.140
58.568,S,1775126,0.140,0.984,-0.046
58.598,S,1775156,0.140,0.937,-0.093
58.620,S,1775178,0.187,1.031,-0.093
58.650,S,1775207,0.140,0.984,-0.093
58.680,S,1775238,0.140,0.984,-0.093
58.703,S,1775260,0.140,0.984,-0.187
58.732,S,1775290,0.046,0.937,-0.046
58.762,S,1775320,0.140,0.937,-0.093
58.784,S,1775342,0.140,1.031,-0.093
58.813,S,1775371,0.140,0.984,-0.046
58.843,S,1775401,0.140,0.984,-0.046
58.874,S,1775432,0.187,0.984,-0.093
58.910,READY
58.917,M,STILL
58.946,S,1775503,0.140,1.031,-0.093
58.976,S,1775534,0.140,0.984,-0.046
59.007,S,1775564,0.187,0.984,-0.093
59.037,S,1775594,0.140,0.984,-0.046
59.067,S,1775624,0.140,1.078,-0.093
59.097,S,1775655,0.140,0.937,-0.093
59.126,S,1775684,0.140,0.984,-0.093
59.149,S,1775706,0.140,0.984,-0.093
59.178,S,1775736,0.140,1.031,-0.046
59.201,S,1775758,0.140,0.937,-0.093
59.231,S,1775788,0.140,0.984,-0.093
59.261,S,1775818,0.187,0.937,-0.093
59.282,S,1775840,0.140,0.984,-0.093
59.313,S,1775870,0.140,0.984,-0.093
59.343,S,1775900,0.187,1.031,-0.093
59.374,S,1775931,0.140,0.984,-0.140
59.403,S,1775961,0.187,0.937,-0.140
59.433,S,1775991,0.140,0.984,-0.093
59.455,S,1776012,0.140,0.984,-0.140
59.485,S,1776042,0.140,0.984,-0.140
59.514,S,1776071,0.140,1.031,-0.140
59.536,S,1776093,0.140,0.984,-0.093
59.566,S,1776123,0.093,0.984,-0.046
59.589,S,1776145,0.140,0.937,-0.093
59.619,S,1776176,0.140,0.984,-0.187
59.649,S,1776206,0.187,0.937,-0.140
59.679,S,1776236,0.187,0.937,-0.093
59.709,S,1776266,0.093,0.984,-0.093
59.739,S,1776296,0.140,0.984,-0.140
59.762,S,1776319,0.140,0.984,-0.046
59.792,S,1776349,0.140,0.937,-0.093
59.822,S,1776379,0.093,1.078,-0.093
59.844,S,1776401,0.093,0.937,-0.093
59.875,S,1776432,0.140,0.937,-0.093
59.911,READY
59.918,M,STILL
59.948,S,1776505,0.140,0.984,-0.046
59.978,S,1776535,0.187,0.984,-0.046
60.008,S,1776565,0.093,0.937,-0.093
60.031,S,1776587,0.140,1.031,-0.046
60.061,S,1776617,0.140,0.937,-0.093
60.091,S,1776648,0.187,0.937,-0.093
60.114,S,1776670,0.187,1.031,-0.046
60.144,S,1776700,0.140,0.937,-0.093
60.174,S,1776730,0.140,0.937,-0.093
60.196,S,1776753,0.187,0.984,-0.093
60.225,S,1776782,0.140,0.984,-0.093
60.255,S,1776812,0.140,0.984,-0.093
60.286,S,1776842,0.140,0.890,-0.093
60.308,S,1776864,0.093,0.984,-0.093
60.338,S,1776894,0.187,0.984,-0.093
60.368,S,1776924,0.140,0.937,-0.093
60.398,S,1776954,0.140,1.031,-0.093
60.427,S,1776985,0.140,0.937,-0.046
60.457,S,1777014,0.140,0.984,-0.140
60.488,S,1777044,0.140,1.031,-0.093
60.509,S,1777065,0.140,0.984,-0.046
60.538,S,1777094,0.140,0.984,-0.093
60.568,S,1777124,0.140,1.031,-0.093
60.599,S,1777154,0.140,0.984,-0.046
60.629,S,1777185,0.140,0.937,-0.093
60.659,S,1777215,0.140,0.984,-0.093
60.689,S,1777245,0.140,0.984,-0.093
60.711,S,1777267,0.140,0.984,-0.140
60.742,S,1777297,0.187,0.984,-0.093
60.764,S,1777319,0.140,1.031,-0.093
60.793,S,1777349,0.093,0.937,-0.046
60.815,S,1777371,0.187,0.984,-0.093
60.845,S,1777401,0.187,0.984,-0.093
60.876,S,1777431,0.187,1.031,-0.093
60.913,READY
60.920,M,STILL
60.949,S,1777505,0.187,0.984,-0.093
60.979,S,1777535,0.187,0.984,-0.093
61.010,S,1777565,0.140,0.984,-0.093
61.032,S,1777587,0.187,0.937,-0.093
61.062,S,1777618,0.140,1.031,-0.046
61.084,S,1777640,0.187,0.937,-0.093
61.113,S,1777669,0.140,1.031,-0.093
61.143,S,1777699,0.187,0.984,-0.093
61.166,S,1777721,0.093,0.984,-0.093
61.194,S,1777750,0.093,0.937,-0.140
61.216,S,1777772,0.140,0.984,-0.093
61.246,S,1777801,0.187,1.031,-0.046
61.268,S,1777823,0.140,1.031,-0.093
61.297,S,1777852,0.140,0.937,-0.187
61.327,S,1777882,0.093,0.984,-0.093
61.357,S,1777912,0.140,0.984,-0.046
61.386,S,1777942,0.140,0.984,-0.140
61.418,S,1777972,0.140,0.937,-0.093
61.447,S,1778002,0.140,0.984,-0.093
61.477,S,1778033,0.140,0.984,-0.093
61.508,S,1778063,0.140,0.984,-0.046
61.538,S,1778093,0.140,0.937,-0.140
61.560,S,1778115,0.187,0.890,-0.140
61.589,S,1778144,0.187,0.984,-0.046
61.620,S,1778175,0.140,1.031,-0.140
61.650,S,1778205,0.187,0.984,-0.093
61.672,S,1778227,0.187,1.078,-0.093
61.703,S,1778257,0.140,1.031,-0.140
61.733,S,1778287,0.187,0.984,-0.093
61.763,S,1778318,0.140,0.984,-0.093
61.793,S,1778348,0.187,0.937,-0.093
61.815,S,1778370,0.140,1.031,-0.093
61.844,S,1778399,0.140,0.937,-0.093
61.875,S,1778429,0.093,0.984,-0.093
61.897,S,1778451,0.140,0.937,-0.046
61.933,READY
61.940,M,STILL
61.970,S,1778524,0.140,0.984,-0.093
61.999,S,1778554,0.140,0.937,-0.093
62.029,S,1778584,0.093,1.031,-0.093
62.052,S,1778606,0.187,0.937,-0.093
62.082,S,1778636,0.140,0.937,-0.046
62.112,S,1778667,0.140,0.937,-0.093
62.142,S,1778697,0.187,0.984,-0.140
62.165,S,1778719,0.187,0.937,-0.093
62.194,S,1778748,0.187,1.031,-0.140
62.216,S,1778771,0.140,0.984,-0.140
62.245,S,1778800,0.093,1.031,-0.046
62.267,S,1778822,0.140,0.937,-0.093
62.298,S,1778852,0.140,0.984,-0.140
62.320,S,1778874,0.187,0.984,-0.093
62.349,S,1778904,0.140,0.984,-0.093
62.372,S,1778926,0.140,0.937,-0.093
62.402,S,1778956,0.140,0.984,-0.046
62.424,S,1778978,0.187,0.984,-0.093
62.454,S,1779009,0.140,0.937,-0.093
62.477,S,1779031,0.140,1.078,-0.140
62.506,S,1779061,0.093,0.984,-0.046
62.530,S,1779083,0.140,0.937,-0.093
62.558,S,1779113,0.140,0.984,-0.140
62.588,S,1779143,0.140,1.031,-0.046
62.619,S,1779173,0.187,0.984,-0.093
62.649,S,1779203,0.140,1.031,-0.140
62.679,S,1779233,0.140,1.031,-0.093
62.702,S,1779256,0.187,1.031,-0.046
62.733,S,1779286,0.140,1.031,-0.093
62.762,S,1779316,0.093,0.937,-0.093
62.793,S,1779347,0.140,0.984,-0.046
62.823,S,1779377,0.187,0.937,-0.046
62.853,S,1779407,0.093,0.984,-0.046
62.883,S,1779437,0.140,0.937,-0.140
62.914,S,1779467,0.140,0.984,-0.093
62.950,READY
62.956,M,STILL
62.984,S,1779538,0.140,0.984,-0.093
63.007,S,1779560,0.187,0.937,-0.093
63.037,S,1779590,0.187,1.031,-0.046
63.060,S,1779614,0.093,0.984,-0.093
63.090,S,1779644,0.093,1.031,-0.093
63.112,S,1779666,0.140,0.984,-0.093
63.143,S,1779696,0.234,0.937,-0.093
63.173,S,1779727,0.140,0.937,-0.093
63.195,S,1779749,0.140,0.984,-0.093
63.226,S,1779779,0.140,0.984,-0.093
63.256,S,1779810,0.140,0.937,-0.093
63.285,S,1779838,0.187,1.078,-0.093
63.307,S,1779861,0.140,1.031,-0.093
63.338,S,1779891,0.187,0.984,-0.140
63.368,S,1779921,0.093,0.937,-0.140
63.398,S,1779951,0.140,0.984,-0.140
63.428,S,1779981,0.140,0.984,-0.046
63.457,S,1780011,0.187,0.937,-0.093
63.480,S,1780033,0.187,0.984,-0.140
63.510,S,1780063,0.140,1.031,-0.093
63.532,S,1780085,0.140,0.937,-0.093
63.562,S,1780115,0.187,0.984,-0.046
63.591,S,1780145,0.140,0.937,-0.046
63.615,S,1780167,0.140,0.890,-0.093
63.644,S,1780197,0.093,1.031,-0.093
63.674,S,1780227,0.093,0.937,-0.093
63.704,S,1780257,0.140,0.937,-0.093
63.734,S,1780287,0.140,0.984,-0.093
63.756,S,1780309,0.140,0.984,-0.093
63.787,S,1780340,0.140,0.984,-0.093
63.817,S,1780370,0.187,0.937,-0.046
63.847,S,1780400,0.093,1.031,-0.093
63.870,S,1780422,0.187,1.031,-0.046
63.900,S,1780452,0.093,0.984,-0.093
63.922,S,1780475,0.140,1.031,-0.140
63.957,READY
63.965,M,STILL
63.993,S,1780546,0.187,0.984,-0.140
64.024,S,1780577,0.140,0.984,-0.093
64.046,S,1780599,0.140,0.984,-0.046
64.075,S,1780628,0.046,0.937,-0.046
64.098,S,1780650,0.140,0.984,-0.093
64.127,S,1780680,0.140,0.937,-0.093
64.157,S,1780710,0.093,0.984,-0.046
64.187,S,1780740,0.093,1.031,-0.093
64.209,S,1780762,0.140,1.031,-0.093
64.240,S,1780792,0.140,0.937,-0.093
64.269,S,1780822,0.140,0.984,-0.093
64.300,S,1780852,0.140,1.031,-0.046
64.329,S,1780882,0.140,1.031,-0.093
64.359,S,1780912,0.140,0.937,-0.140
64.382,S,1780934,0.140,1.031,-0.140
64.411,S,1780963,0.140,0.984,-0.093
64.441,S,1780994,0.140,0.937,-0.046
64.463,S,1781016,0.140,0.937,-0.046
64.494,S,1781046,0.187,0.984,-0.093
64.524,S,1781076,0.140,0.937,-0.093
64.554,S,1781106,0.140,0.984,-0.093
64.576,S,1781128,0.140,0.984,-0.093
64.606,S,1781159,0.093,0.984,-0.093
64.629,S,1781181,0.187,0.984,-0.046
64.659,S,1781211,0.140,1.031,-0.046
64.689,S,1781241,0.140,0.984,-0.093
64.712,S,1781263,0.140,0.937,-0.093
64.742,S,1781294,0.140,1.031,-0.046
64.772,S,1781324,0.140,0.984,-0.093
64.794,S,1781346,0.187,0.984,-0.046
64.824,S,1781377,0.187,0.984,-0.093
64.847,S,1781399,0.140,0.984,-0.140
64.876,S,1781428,0.187,0.984,-0.093
64.907,S,1781458,0.187,0.984,-0.093
64.937,S,1781489,0.187,0.984,-0.093
64.973,READY
64.979,M,STILL
65.009,S,1781560,0.140,0.984,-0.093
65.039,S,1781590,0.187,0.890,-0.093
65.069,S,1781621,0.093,0.937,-0.140
65.099,S,1781651,0.140,1.031,-0.093
65.129,S,1781681,0.140,0.984,-0.093
65.160,S,1781711,0.140,1.031,-0.093
65.190,S,1781742,0.187,0.984,-0.093
65.212,S,1781764,0.140,0.984,-0.046
65.241,S,1781793,0.093,1.031,-0.093
65.264,S,1781815,0.093,0.984,-0.093
65.294,S,1781844,0.140,1.031,-0.093
65.323,S,1781875,0.140,1.031,-0.046
65.353,S,1781905,0.187,0.937,-0.093
65.383,S,1781935,0.093,0.984,-0.093
65.414,S,1781965,0.140,0.937,-0.046
65.436,S,1781987,0.093,0.890,-0.093
65.466,S,1782017,0.187,1.031,-0.046
65.496,S,1782047,0.140,0.937,-0.093
65.526,S,1782078,0.093,0.984,-0.093
65.556,S,1782108,0.140,0.984,-0.140
65.586,S,1782138,0.140,0.984,-0.093
65.609,S,1782160,0.140,0.937,-0.093
65.638,S,1782189,0.140,1.031,-0.140
65.661,S,1782212,0.093,0.984,-0.046
65.691,S,1782242,0.187,0.984,-0.046
65.713,S,1782264,0.140,1.078,-0.093
65.743,S,1782294,0.187,1.031,-0.093
65.773,S,1782324,0.140,0.984,-0.093
65.804,S,1782355,0.093,0.984,-0.093
65.835,S,1782385,0.140,0.984,-0.093
65.865,S,1782416,0.140,0.984,-0.140
65.887,S,1782438,0.140,0.937,-0.187
65.917,S,1782467,0.187,0.937,-0.093
65.946,S,1782497,0.140,0.984,-0.093
65.983,READY
65.990,M,STILL
66.018,S,1782569,0.140,0.984,-0.093
66.049,S,1782599,0.187,1.031,-0.093
66.079,S,1782630,0.140,0.984,-0.140
66.102,S,1782652,0.093,0.984,-0.093
66.132,S,1782682,0.140,0.984,-0.046
66.162,S,1782712,0.140,1.031,-0.140
66.192,S,1782742,0.140,0.984,-0.093
66.214,S,1782764,0.140,0.984,-0.093
66.244,S,1782794,0.187,0.984,-0.093
66.274,S,1782825,0.093,0.984,-0.093
66.304,S,1782855,0.140,0.937,-0.093
66.335,S,1782885,0.187,0.937,-0.093
66.364,S,1782915,0.140,0.984,-0.093
66.386,S,1782937,0.140,0.937,-0.140
66.417,S,1782967,0.140,0.984,-0.140
66.447,S,1782997,0.140,1.031,-0.046
66.477,S,1783027,0.140,0.984,-0.093
66.507,S,1783057,0.140,0.984,-0.140
66.538,S,1783087,0.140,1.031,-0.093
66.568,S,1783118,0.140,0.984,-0.046
66.598,S,1783148,0.140,0.984,-0.093
66.628,S,1783178,0.140,0.984,-0.093
66.658,S,1783208,0.140,1.031,-0.093
66.688,S,1783238,0.140,0.937,-0.093
66.718,S,1783268,0.140,0.984,-0.093
66.749,S,1783298,0.140,0.984,-0.093
66.778,S,1783328,0.140,0.984,-0.093
66.809,S,1783359,0.187,0.937,-0.140
66.838,S,1783389,0.140,1.078,-0.140
66.861,S,1783411,0.140,0.984,-0.093
66.892,S,1783441,0.187,0.984,-0.093
66.922,S,1783472,0.140,0.937,-0.046
66.952,S,1783502,0.140,0.984,-0.093
66.988,READY
66.995,M,STILL
67.024,S,1783574,0.140,0.984,-0.140
67.045,S,1783596,0.140,1.031,-0.093
67.075,S,1783625,0.140,0.984,-0.046
67.105,S,1783655,0.140,0.984,-0.046
67.135,S,1783685,0.093,1.031,-0.046
67.166,S,1783715,0.187,0.937,-0.093
67.196,S,1783746,0.140,0.984,-0.093
67.226,S,1783776,0.140,0.984,-0.046
67.249,S,1783798,0.187,0.984,-0.046
67.278,S,1783827,0.140,0.984,-0.046
67.307,S,1783857,0.140,0.984,-0.093
67.330,S,1783879,0.187,1.031,-0.093
67.359,S,1783909,0.140,0.984,-0.140
67.381,S,1783931,0.140,0.984,-0.046
67.411,S,1783961,0.187,0.984,-0.093
67.441,S,1783991,0.140,0.937,-0.093
67.463,S,1784013,0.093,0.984,-0.093
67.492,S,1784042,0.140,0.984,-0.093
67.515,S,1784064,0.187,0.984,-0.093
67.544,S,1784093,0.093,0.984,-0.046
67.574,S,1784124,0.140,0.984,-0.140
67.605,S,1784154,0.093,0.937,-0.093
67.635,S,1784184,0.187,0.984,-0.187
67.657,S,1784206,0.187,0.984,-0.140
67.688,S,1784237,0.093,0.937,-0.140
67.718,S,1784267,0.140,0.984,-0.093
67.740,S,1784289,0.093,0.984,-0.093
67.771,S,1784320,0.140,0.937,-0.093
67.792,S,1784342,0.093,0.984,-0.093
67.823,S,1784372,0.187,0.984,-0.140
67.846,S,1784395,0.140,1.031,-0.093
67.875,S,1784425,0.187,0.937,-0.093
67.898,S,1784447,0.093,0.984,-0.046
67.929,S,1784477,0.093,1.031,-0.093
67.958,S,1784508,0.187,0.937,-0.093
67.995,READY
68.001,M,STILL
68.031,S,1784580,0.187,1.031,-0.093
68.061,S,1784610,0.187,1.031,-0.093
68.083,S,1784632,0.093,0.984,-0.140
68.112,S,1784661,0.093,0.937,-0.093
68.134,S,1784683,0.140,1.031,-0.140
68.163,S,1784712,0.187,1.031,-0.140
68.193,S,1784742,0.093,0.937,-0.093
68.223,S,1784772,0.093,0.937,-0.140
68.254,S,1784803,0.187,0.984,-0.046
68.284,S,1784833,0.140,0.984,-0.046
68.314,S,1784863,0.140,0.984,0.000
68.344,S,1784893,0.140,1.031,-0.046
68.375,S,1784923,0.187,0.937,-0.140
68.397,S,1784946,0.187,1.031,-0.140
68.427,S,1784976,0.187,0.984,-0.093
68.450,S,1784998,0.140,0.984,-0.046
68.479,S,1785028,0.140,0.984,-0.093
68.503,S,1785051,0.140,0.984,-0.140
68.532,S,1785081,0.093,1.031,-0.093
68.555,S,1785103,0.093,1.031,-0.093
68.583,S,1785133,0.140,0.984,-0.140
68.607,S,1785155,0.140,0.890,-0.046
68.637,S,1785185,0.140,0.984,-0.093
68.668,S,1785216,0.140,1.031,-0.046
68.698,S,1785246,0.187,0.984,-0.093
68.728,S,1785276,0.093,0.984,-0.093
68.758,S,1785306,0.140,0.984,-0.093
68.788,S,1785336,0.140,0.984,-0.046
68.818,S,1785366,0.093,0.984,-0.046
68.847,S,1785396,0.140,0.984,-0.140
68.878,S,1785426,0.140,0.890,-0.140
68.900,S,1785448,0.140,0.984,-0.093
68.930,S,1785478,0.140,0.937,-0.093
68.961,S,1785508,0.093,0.984,-0.093
68.997,READY
69.004,M,STILL
69.034,S,1785581,0.140,0.984,-0.046
69.063,S,1785611,0.093,0.937,-0.093
69.093,S,1785641,0.187,0.984,-0.093
69.123,S,1785671,0.140,0.984,-0.093
69.153,S,1785701,0.140,0.984,-0.046
69.175,S,1785723,0.187,0.984,-0.093
69.205,S,1785753,0.140,1.031,-0.093
69.227,S,1785775,0.093,0.984,-0.093
69.258,S,1785805,0.140,1.031,-0.140
69.288,S,1785835,0.093,1.031,-0.093
69.318,S,1785865,0.140,0.937,-0.093
69.348,S,1785896,0.187,1.031,-0.093
69.378,S,1785926,0.140,0.984,-0.093
69.409,S,1785956,0.140,0.937,-0.093
69.438,S,1785986,0.140,0.937,-0.093
69.469,S,1786016,0.140,1.031,-0.046
69.491,S,1786039,0.140,0.890,-0.046
69.521,S,1786068,0.140,0.937,-0.046
69.550,S,1786098,0.187,0.937,-0.093
69.573,S,1786120,0.093,1.031,-0.140
69.602,S,1786150,0.093,1.031,-0.093
69.625,S,1786172,0.140,0.984,-0.046
69.655,S,1786202,0.140,0.937,-0.093
69.685,S,1786233,0.140,0.984,-0.093
69.715,S,1786262,0.187,0.937,-0.093
69.744,S,1786292,0.140,0.984,-0.093
69.767,S,1786314,0.234,0.937,-0.140
69.796,S,1786343,0.140,0.984,-0.046
69.826,S,1786374,0.140,1.078,-0.140
69.850,S,1786396,0.140,0.984,-0.093
69.878,S,1786425,0.140,0.984,-0.093
69.901,S,1786447,0.187,0.984,-0.093
69.931,S,1786478,0.187,0.937,-0.046
69.953,S,1786500,0.140,0.937,-0.093
69.983,S,1786530,0.187,0.984,-0.093
70.018,READY
70.024,M,STILL
70.053,S,1786600,0.140,0.984,-0.093
70.075,S,1786622,0.093,0.984,-0.046
70.105,S,1786651,0.187,0.984,-0.046
70.127,S,1786674,0.093,0.984,-0.093
70.156,S,1786703,0.187,1.031,-0.093
70.186,S,1786733,0.140,1.031,-0.093
70.208,S,1786755,0.140,0.937,-0.093
70.237,S,1786784,0.187,1.031,-0.093
70.260,S,1786806,0.140,0.937,-0.140
70.289,S,1786836,0.140,0.984,-0.093
70.311,S,1786858,0.140,0.937,-0.093
70.340,S,1786887,0.140,0.937,-0.046
70.363,S,1786909,0.140,0.937,-0.093
70.393,S,1786940,0.140,0.984,-0.093
70.423,S,1786970,0.187,1.031,-0.140
70.446,S,1786992,0.140,0.984,-0.046
70.474,S,1787021,0.140,1.031,-0.093
70.497,S,1787043,0.140,1.031,-0.140
70.525,S,1787073,0.140,1.031,-0.140
70.548,S,1787095,0.140,1.031,-0.093
70.578,S,1787124,0.234,0.937,-0.093
70.600,S,1787146,0.093,0.984,-0.093
70.630,S,1787176,0.140,0.937,-0.093
70.652,S,1787199,0.093,0.984,-0.093
70.681,S,1787228,0.140,0.890,-0.093
70.704,S,1787250,0.187,0.984,-0.140
70.733,S,1787280,0.140,0.937,-0.140
70.756,S,1787302,0.187,1.031,-0.093
70.785,S,1787331,0.140,0.984,-0.093
70.814,S,1787361,0.140,0.937,-0.046
70.844,S,1787391,0.187,0.890,-0.046
70.866,S,1787413,0.093,0.937,-0.093
70.896,S,1787442,0.140,0.937,-0.093
70.926,S,1787472,0.140,0.937,-0.093
70.948,S,1787495,0.187,0.937,-0.093
70.978,S,1787524,0.140,0.984,-0.093
71.000,S,1787546,0.187,0.937,-0.046
71.035,READY
71.041,M,STILL
71.070,S,1787616,0.140,1.031,-0.046
71.100,S,1787646,0.187,0.984,-0.093
71.122,S,1787668,0.140,0.984,-0.093
71.151,S,1787697,0.140,0.984,-0.140
71.173,S,1787719,0.140,0.937,-0.093
71.203,S,1787748,0.140,0.937,-0.093
71.232,S,1787778,0.140,1.031,-0.140
71.254,S,1787800,0.140,0.984,-0.093
71.283,S,1787829,0.140,0.937,-0.093
71.306,S,1787851,0.140,0.937,-0.093
71.335,S,1787880,0.093,0.937,-0.046
71.363,S,1787909,0.093,0.984,-0.093
71.385,S,1787931,0.093,1.031,-0.046
71.414,S,1787960,0.093,0.984,-0.046
71.436,S,1787982,0.140,0.984,-0.046
71.467,S,1788012,0.140,0.937,-0.046
71.496,S,1788042,0.140,0.937,-0.046
71.519,S,1788064,0.140,0.984,-0.140
71.548,S,1788094,0.140,0.984,-0.093
71.571,S,1788116,0.187,0.984,-0.046
71.600,S,1788145,0.187,0.984,-0.093
71.622,S,1788167,0.140,1.031,-0.093
71.651,S,1788197,0.140,0.984,-0.093
71.682,S,1788227,0.187,0.937,-0.093
71.704,S,1788249,0.187,0.984,-0.046
71.733,S,1788278,0.093,1.031,-0.093
71.763,S,1788309,0.140,0.984,-0.093
71.793,S,1788339,0.140,0.984,-0.093
71.816,S,1788361,0.140,0.937,-0.093
71.846,S,1788391,0.140,0.937,-0.046
71.869,S,1788413,0.140,1.031,-0.093
71.899,S,1788444,0.140,0.937,-0.093
71.921,S,1788466,0.187,0.937,-0.046
71.950,S,1788495,0.140,0.984,-0.093
71.972,S,1788518,0.140,0.937,-0.093
72.002,S,1788547,0.093,0.984,-0.093
72.037,READY
72.044,M,STILL
72.073,S,1788619,0.140,0.984,-0.093
72.096,S,1788641,0.140,0.984,-0.093
72.126,S,1788671,0.187,0.984,-0.093
72.148,S,1788693,0.140,0.984,-0.140
72.179,S,1788723,0.140,0.984,-0.093
72.208,S,1788753,0.140,0.937,-0.093
72.239,S,1788784,0.140,0.984,-0.046
72.269,S,1788814,0.140,0.984,-0.140
72.291,S,1788836,0.187,0.937,-0.093
72.321,S,1788865,0.140,0.984,-0.140
72.351,S,1788895,0.140,0.984,-0.093
72.373,S,1788918,0.187,0.984,-0.140
72.402,S,1788947,0.187,1.031,-0.046
72.424,S,1788969,0.140,0.984,-0.093
72.454,S,1788998,0.093,1.031,-0.046
72.484,S,1789028,0.140,0.984,-0.093
72.513,S,1789057,0.140,1.031,-0.093
72.536,S,1789080,0.093,0.984,-0.046
72.566,S,1789110,0.140,0.984,-0.187
72.595,S,1789140,0.093,0.984,-0.093
72.626,S,1789171,0.140,0.984,-0.140
72.655,S,1789200,0.187,0.937,-0.093
72.678,S,1789222,0.140,0.937,-0.093
72.708,S,1789252,0.093,1.031,-0.093
72.738,S,1789282,0.140,1.031,-0.046
72.767,S,1789311,0.140,1.031,-0.046
72.797,S,1789342,0.140,0.984,-0.140
72.827,S,1789372,0.140,0.984,-0.046
72.850,S,1789394,0.140,0.984,-0.046
72.879,S,1789423,0.187,0.984,-0.046
72.901,S,1789445,0.140,0.984,-0.140
72.930,S,1789474,0.140,1.031,-0.093
72.952,S,1789496,0.187,0.984,-0.046
72.983,S,1789526,0.140,0.984,-0.140
73.005,S,1789548,0.140,0.984,-0.046
73.042,READY
73.048,M,STILL
73.078,S,1789622,0.140,1.031,-0.093
73.107,S,1789652,0.140,1.031,-0.046
73.137,S,1789682,0.140,1.031,-0.140
73.160,S,1789704,0.093,0.984,-0.046
73.189,S,1789733,0.140,0.984,-0.046
73.218,S,1789763,0.140,1.031,-0.140
73.241,S,1789785,0.140,1.078,-0.093
73.271,S,1789815,0.140,0.984,-0.093
73.301,S,1789845,0.140,0.984,-0.093
73.324,S,1789867,0.187,0.984,-0.046
73.353,S,1789898,0.187,0.937,-0.046
73.376,S,1789920,0.093,0.937,-0.093
73.407,S,1789950,0.093,0.984,-0.046
73.437,S,1789980,0.234,0.937,-0.046
73.467,S,1790011,0.140,0.984,-0.093
73.489,S,1790033,0.140,0.984,-0.093
73.519,S,1790063,0.093,0.984,-0.093
73.542,S,1790085,0.140,1.078,-0.093
73.571,S,1790114,0.093,0.984,-0.140
73.602,S,1790145,0.140,0.984,-0.046
73.632,S,1790175,0.140,0.984,-0.140
73.662,S,1790206,0.140,0.984,-0.140
73.684,S,1790228,0.187,0.984,-0.093
73.715,S,1790258,0.140,0.984,-0.140
73.746,S,1790288,0.140,0.984,-0.046
73.775,S,1790319,0.140,1.031,-0.140
73.806,S,1790349,0.187,0.937,-0.140
73.835,S,1790379,0.093,0.984,-0.093
73.858,S,1790401,0.093,0.937,-0.140
73.889,S,1790432,0.140,0.937,-0.093
73.919,S,1790462,0.140,1.031,-0.140
73.951,S,1790492,0.187,0.984,-0.140
73.973,S,1790514,0.093,1.031,-0.093
74.001,S,1790544,0.140,0.984,-0.046
74.030,S,1790574,0.140,0.984,-0.140
74.065,READY
74.072,M,STILL
74.101,S,1790644,0.093,0.984,-0.140
74.123,S,1790666,0.187,0.984,-0.093
74.152,S,1790695,0.140,0.984,-0.046
74.174,S,1790717,0.140,0.937,-0.046
74.203,S,1790746,0.187,0.984,-0.093
74.225,S,1790768,0.140,1.031,-0.093
74.253,S,1790796,0.140,0.984,-0.140
74.276,S,1790818,0.093,1.031,-0.093
74.306,S,1790849,0.187,0.984,-0.093
74.336,S,1790879,0.187,0.937,-0.046
74.366,S,1790909,0.187,0.984,-0.093
74.388,S,1790931,0.140,1.031,-0.046
74.418,S,1790960,0.140,0.984,-0.093
74.440,S,1790982,0.187,0.937,-0.093
74.470,S,1791012,0.140,0.984,-0.093
74.499,S,1791042,0.140,0.984,-0.046
74.522,S,1791064,0.140,0.984,-0.093
74.552,S,1791094,0.140,0.984,-0.140
74.582,S,1791124,0.187,0.984,-0.093
74.612,S,1791154,0.093,0.984,-0.093
74.642,S,1791184,0.140,0.984,-0.093
74.671,S,1791214,0.140,0.984,-0.140
74.693,S,1791236,0.187,0.937,-0.093
74.724,S,1791266,0.140,0.984,-0.093
74.755,S,1791297,0.093,0.984,-0.093
74.785,S,1791327,0.140,0.984,-0.093
74.816,S,1791358,0.140,0.937,-0.093
74.845,S,1791388,0.093,0.937,-0.093
74.868,S,1791410,0.093,0.937,-0.093
74.897,S,1791439,0.187,1.031,-0.140
74.927,S,1791469,0.140,0.937,-0.093
74.957,S,1791500,0.187,0.984,-0.093
74.988,S,1791530,0.093,0.984,-0.093
75.018,S,1791560,0.140,0.984,-0.093
75.048,S,1791590,0.140,0.984,-0.093
75.084,READY
75.091,M,STILL
75.121,S,1791663,0.187,0.937,-0.046
75.151,S,1791693,0.140,0.984,-0.140
75.173,S,1791715,0.187,1.031,-0.093
75.204,S,1791746,0.140,0.984,-0.046
75.234,S,1791776,0.187,0.984,-0.093
75.257,S,1791798,0.140,1.031,-0.046
75.286,S,1791828,0.187,0.984,-0.140
75.316,S,1791858,0.140,1.031,-0.093
75.346,S,1791888,0.140,0.984,-0.093
75.376,S,1791918,0.140,1.031,-0.093
75.406,S,1791948,0.140,0.984,-0.093
75.436,S,1791979,0.093,0.984,-0.046
75.458,S,1792000,0.140,0.984,-0.093
75.488,S,1792030,0.093,0.984,-0.093
75.518,S,1792060,0.140,0.984,-0.140
75.548,S,1792090,0.187,1.031,-0.093
75.579,S,1792120,0.187,0.937,-0.093
75.609,S,1792151,0.140,0.984,-0.140
75.638,S,1792181,0.187,1.031,-0.140
75.660,S,1792202,0.140,0.984,-0.093
75.689,S,1792231,0.140,0.984,-0.140
75.711,S,1792253,0.140,0.984,-0.140
75.741,S,1792282,0.187,1.031,-0.093
75.771,S,1792313,0.140,0.984,-0.140
75.801,S,1792343,0.187,1.031,-0.093
75.832,S,1792373,0.093,0.984,-0.093
75.862,S,1792403,0.187,0.984,-0.093
75.884,S,1792425,0.187,0.984,-0.093
75.913,S,1792454,0.093,0.984,-0.093
75.943,S,1792484,0.187,0.890,-0.140
75.973,S,1792514,0.140,0.984,-0.140
75.995,S,1792536,0.140,1.031,-0.046
76.025,S,1792566,0.187,1.031,-0.093
76.055,S,1792597,0.140,1.031,-0.093
76.093,READY
76.100,M,STILL
76.129,S,1792671,0.093,0.984,-0.140
76.159,S,1792701,0.187,1.031,-0.046
76.188,S,1792731,0.093,0.984,-0.046
76.212,S,1792753,0.187,1.031,-0.140
76.242,S,1792783,0.140,0.937,-0.046
76.273,S,1792813,0.140,0.984,-0.093
76.302,S,1792844,0.140,0.984,-0.093
76.333,S,1792874,0.140,0.937,-0.046
76.355,S,1792896,0.140,0.984,-0.093
76.384,S,1792925,0.093,0.984,-0.093
76.406,S,1792947,0.140,0.984,-0.140
76.435,S,1792976,0.187,0.937,-0.093
76.457,S,1792998,0.187,0.984,-0.093
76.487,S,1793028,0.140,0.984,-0.093
76.517,S,1793058,0.140,0.937,-0.093
76.548,S,1793088,0.140,1.031,-0.093
76.578,S,1793118,0.187,1.031,-0.093
76.607,S,1793147,0.140,0.984,-0.093
76.637,S,1793178,0.140,0.984,-0.046
76.659,S,1793200,0.140,0.984,-0.093
76.688,S,1793229,0.140,0.984,-0.046
76.718,S,1793259,0.187,1.031,-0.140
76.741,S,1793281,0.187,0.984,-0.093
76.770,S,1793310,0.187,0.984,-0.093
76.800,S,1793341,0.140,0.984,-0.093
76.831,S,1793371,0.093,0.984,-0.093
76.860,S,1793401,0.140,0.984,-0.093
76.891,S,1793432,0.140,0.984,-0.093
76.922,S,1793463,0.140,0.937,-0.046
76.953,S,1793493,0.187,0.984,-0.093
76.983,S,1793523,0.140,0.984,-0.093
77.013,S,1793553,0.140,0.984,-0.093
77.035,S,1793576,0.187,0.984,-0.093
77.065,S,1793605,0.093,0.984,-0.046
77.101,READY
77.107,M,STILL
77.137,S,1793677,0.140,1.031,-0.093
77.159,S,1793699,0.187,1.031,-0.140
77.188,S,1793728,0.140,0.984,-0.093
77.218,S,1793758,0.140,0.937,-0.140
77.241,S,1793781,0.140,0.984,0.000
77.270,S,1793809,0.140,0.984,-0.093
77.300,S,1793840,0.140,0.984,-0.093
77.331,S,1793870,0.140,0.937,-0.046
77.361,S,1793900,0.140,1.031,-0.093
77.391,S,1793930,0.093,0.984,-0.140
77.421,S,1793961,0.140,0.984,-0.093
77.443,S,1793983,0.140,0.984,-0.140
77.473,S,1794013,0.093,0.984,-0.140
77.496,S,1794035,0.187,0.937,-0.046
77.526,S,1794065,0.093,0.984,-0.093
77.557,S,1794096,0.187,0.984,-0.093
77.586,S,1794126,0.140,0.937,-0.140
77.617,S,1794156,0.140,0.937,-0.140
77.646,S,1794186,0.140,0.937,-0.093
77.668,S,1794208,0.140,0.984,-0.093
77.697,S,1794237,0.140,0.937,-0.093
77.720,S,1794259,0.187,0.937,-0.093
77.748,S,1794288,0.140,0.984,-0.093
77.778,S,1794317,0.140,0.984,-0.093
77.808,S,1794348,0.093,0.984,-0.140
77.831,S,1794370,0.187,0.937,-0.093
77.860,S,1794399,0.187,0.984,-0.093
77.890,S,1794429,0.140,1.031,-0.093
77.912,S,1794452,0.140,1.031,-0.093
77.942,S,1794481,0.140,0.984,-0.093
77.964,S,1794503,0.187,0.937,-0.093
77.995,S,1794533,0.140,0.984,-0.046
78.025,S,1794564,0.187,0.984,-0.046
78.055,S,1794594,0.187,0.937,-0.140
78.085,S,1794625,0.187,1.031,-0.093
78.121,READY
78.128,M,STILL
78.157,S,1794696,0.187,0.937,-0.046
78.180,S,1794719,0.140,0.984,-0.093
78.210,S,1794749,0.140,0.937,-0.093
78.233,S,1794771,0.234,0.890,-0.140
78.262,S,1794801,0.093,0.984,-0.093
78.291,S,1794831,0.140,0.984,-0.093
78.314,S,1794853,0.140,1.031,-0.093
78.344,S,1794883,0.140,1.031,-0.140
78.374,S,1794913,0.187,0.937,-0.140
78.396,S,1794935,0.187,0.984,-0.093
78.426,S,1794965,0.093,0.984,-0.046
78.456,S,1794995,0.093,0.984,-0.093
78.486,S,1795025,0.187,0.984,-0.140
78.516,S,1795055,0.140,1.031,-0.093
78.546,S,1795085,0.093,1.031,-0.093
78.569,S,1795107,0.140,0.984,-0.046
78.598,S,1795137,0.140,0.984,-0.140
78.628,S,1795167,0.140,1.031,-0.046
78.658,S,1795197,0.140,0.984,-0.093
78.688,S,1795227,0.093,0.937,-0.046
78.719,S,1795257,0.140,0.984,-0.093
78.749,S,1795287,0.187,1.031,-0.093
78.779,S,1795317,0.140,0.937,-0.140
78.810,S,1795348,0.140,0.984,-0.093
78.839,S,1795378,0.187,0.984,-0.140
78.869,S,1795408,0.140,0.984,-0.093
78.900,S,1795438,0.187,0.937,-0.093
78.930,S,1795468,0.140,0.984,-0.046
78.960,S,1795498,0.187,0.984,-0.093
78.990,S,1795529,0.140,1.031,-0.093
79.012,S,1795551,0.093,0.984,-0.093
79.041,S,1795580,0.140,1.031,-0.140
79.064,S,1795602,0.140,0.937,-0.093
79.093,S,1795631,0.187,0.984,-0.093
79.128,READY
79.135,M,STILL
79.164,S,1795702,0.187,0.984,-0.093
79.186,S,1795724,0.187,0.984,-0.046
79.216,S,1795753,0.140,0.984,-0.093
79.246,S,1795784,0.140,1.078,-0.046
79.275,S,1795814,0.140,0.984,-0.093
79.306,S,1795844,0.187,0.984,-0.093
79.336,S,1795874,0.140,0.984,-0.093
79.366,S,1795904,0.140,0.937,-0.093
79.396,S,1795934,0.093,1.031,-0.140
79.426,S,1795964,0.140,0.984,-0.093
79.456,S,1795994,0.187,0.937,-0.046
79.479,S,1796016,0.140,0.937,-0.093
79.508,S,1796047,0.140,0.984,-0.140
79.531,S,1796069,0.140,0.984,-0.093
79.562,S,1796099,0.140,0.984,-0.093
79.591,S,1796129,0.140,0.984,-0.093
79.614,S,1796151,0.140,0.937,-0.093
79.644,S,1796182,0.140,0.984,-0.046
79.675,S,1796212,0.187,0.937,-0.093
79.704,S,1796242,0.140,1.031,-0.093
79.734,S,1796272,0.140,0.984,-0.093
79.765,S,1796302,0.187,0.937,-0.093
79.795,S,1796333,0.140,0.937,-0.046
79.825,S,1796363,0.140,0.984,-0.093
79.855,S,1796393,0.140,1.031,-0.093
79.886,S,1796423,0.140,0.937,-0.046
79.908,S,1796445,0.140,0.984,-0.093
79.938,S,1796476,0.187,0.984,-0.046
79.969,S,1796506,0.140,1.031,-0.093
79.999,S,1796536,0.140,0.890,-0.046
80.021,S,1796558,0.187,0.984,-0.093
80.051,S,1796589,0.140,0.937,-0.093
80.082,S,1796619,0.140,1.031,-0.046
80.112,S,1796649,0.093,1.031,-0.093
80.149,READY
80.156,M,STILL
80.186,S,1796723,0.187,1.031,-0.140
80.216,S,1796753,0.140,0.984,-0.140
80.238,S,1796775,0.093,1.031,-0.093
80.268,S,1796806,0.140,0.984,-0.093
80.298,S,1796836,0.140,0.890,-0.093
80.329,S,1796866,0.187,0.984,-0.093
80.351,S,1796888,0.140,0.937,-0.140
80.382,S,1796918,0.140,0.984,-0.093
80.412,S,1796949,0.140,1.031,-0.140
80.434,S,1796971,0.093,0.984,-0.093
80.462,S,1797000,0.140,0.984,-0.093
80.485,S,1797022,0.187,0.984,-0.093
80.514,S,1797050,0.140,0.984,-0.046
80.544,S,1797081,0.187,0.984,-0.093
80.574,S,1797111,0.140,0.937,-0.093
80.605,S,1797141,0.140,0.984,-0.093
80.634,S,1797171,0.140,1.031,-0.093
80.665,S,1797202,0.140,0.984,-0.093
80.695,S,1797232,0.140,1.031,-0.093
80.726,S,1797262,0.187,0.984,-0.093
80.757,S,1797293,0.140,0.937,-0.093
80.786,S,1797323,0.140,1.031,-0.093
80.816,S,1797353,0.140,0.937,-0.093
80.847,S,1797383,0.187,0.937,-0.140
80.877,S,1797413,0.093,0.937,-0.093
80.907,S,1797443,0.140,0.984,-0.140
80.936,S,1797473,0.140,1.078,-0.140
80.958,S,1797495,0.187,0.984,-0.093
80.987,S,1797524,0.187,0.937,-0.140
81.018,S,1797554,0.093,1.031,-0.140
81.048,S,1797584,0.187,0.984,-0.046
81.078,S,1797614,0.140,1.031,-0.140
81.109,S,1797645,0.187,0.984,-0.093
81.138,S,1797675,0.140,0.984,-0.093
81.177,READY
81.183,M,STILL
81.211,S,1797748,0.140,0.984,-0.093
81.242,S,1797778,0.140,0.937,-0.093
81.273,S,1797809,0.187,0.937,-0.093
81.303,S,1797839,0.140,0.984,-0.093
81.333,S,1797869,0.187,0.984,-0.093
81.363,S,1797899,0.140,0.937,-0.093
81.393,S,1797929,0.140,0.984,-0.046
81.423,S,1797959,0.140,0.984,-0.093
81.453,S,1797989,0.140,0.984,-0.093
81.484,S,1798020,0.187,0.937,-0.093
81.514,S,1798050,0.093,0.937,-0.093
81.544,S,1798080,0.140,0.937,-0.093
81.574,S,1798110,0.187,1.031,-0.093
81.604,S,1798140,0.140,0.984,-0.093
81.634,S,1798170,0.187,0.984,-0.093
81.657,S,1798193,0.093,0.984,-0.093
81.687,S,1798222,0.140,0.984,-0.046
81.716,S,1798252,0.140,0.937,-0.093
81.746,S,1798282,0.187,0.937,-0.093
81.776,S,1798312,0.140,1.031,-0.140
81.807,S,1798342,0.140,0.937,-0.093
81.837,S,1798373,0.140,0.937,-0.093
81.868,S,1798403,0.093,0.984,-0.046
81.889,S,1798425,0.187,0.937,-0.093
81.919,S,1798454,0.093,0.984,-0.046
81.949,S,1798484,0.140,0.984,-0.093
81.970,S,1798507,0.187,0.937,-0.140
82.001,S,1798536,0.140,0.984,-0.140
82.031,S,1798566,0.140,0.937,-0.140
82.052,S,1798588,0.140,0.984,-0.093
82.082,S,1798617,0.140,0.937,-0.093
82.111,S,1798647,0.093,1.031,-0.093
82.133,S,1798669,0.140,0.984,-0.093
82.163,S,1798697,0.140,0.984,-0.140
82.198,READY
82.204,M,STILL
82.234,S,1798769,0.187,0.984,-0.093
82.265,S,1798799,0.187,0.984,-0.093
82.294,S,1798829,0.187,0.937,-0.046
82.324,S,1798859,0.140,0.984,-0.093
82.354,S,1798889,0.140,0.937,-0.093
82.385,S,1798920,0.187,0.984,-0.093
82.415,S,1798950,0.140,0.937,-0.093
82.445,S,1798980,0.140,0.984,-0.093
82.467,S,1799002,0.187,0.984,-0.093
82.498,S,1799033,0.187,0.984,-0.093
82.520,S,1799055,0.140,0.937,-0.093
82.550,S,1799085,0.093,0.984,-0.140
82.572,S,1799107,0.140,0.937,-0.093
82.602,S,1799137,0.093,0.937,-0.093
82.625,S,1799160,0.140,0.984,-0.093
82.655,S,1799190,0.187,0.937,-0.093
82.685,S,1799220,0.093,0.984,-0.093
82.716,S,1799250,0.187,0.984,-0.093
82.746,S,1799280,0.140,0.984,-0.046
82.776,S,1799311,0.093,0.984,-0.140
82.806,S,1799341,0.187,0.984,-0.093
82.829,S,1799363,0.140,0.984,-0.093
82.858,S,1799392,0.140,0.984,-0.093
82.888,S,1799422,0.187,0.984,-0.093
82.918,S,1799452,0.187,0.937,-0.093
82.940,S,1799475,0.093,0.984,-0.140
82.970,S,1799505,0.140,0.937,-0.140
83.000,S,1799535,0.187,1.031,-0.093
83.023,S,1799557,0.187,0.984,-0.093
83.052,S,1799587,0.093,0.984,-0.093
83.082,S,1799617,0.140,0.937,-0.093
83.104,S,1799639,0.093,0.984,-0.140
83.134,S,1799668,0.187,0.984,-0.093
83.156,S,1799690,0.140,0.984,-0.093
83.185,S,1799720,0.140,0.937,-0.140
83.221,READY
83.228,M,STILL
83.257,S,1799791,0.187,0.984,-0.140
83.286,S,1799820,0.140,0.984,-0.093
83.317,S,1799851,0.140,0.984,-0.093
83.339,S,1799873,0.140,0.984,-0.140
83.369,S,1799903,0.140,0.937,-0.093
83.391,S,1799925,0.140,0.984,-0.046
83.421,S,1799956,0.140,0.984,-0.093
83.452,S,1799986,0.140,0.984,-0.140
83.474,S,1800008,0.187,0.984,-0.046
83.503,S,1800037,0.140,0.984,-0.093
83.533,S,1800067,0.187,0.984,-0.093
83.555,S,1800089,0.187,0.984,-0.093
83.584,S,1800118,0.140,1.031,-0.093
83.615,S,1800148,0.187,0.937,-0.140
83.637,S,1800171,0.140,0.984,-0.093
83.667,S,1800201,0.187,0.984,-0.093
83.697,S,1800231,0.187,0.984,-0.140
83.728,S,1800261,0.093,0.984,-0.140
83.758,S,1800292,0.093,1.031,-0.093
83.788,S,1800322,0.140,0.984,-0.093
83.818,S,1800352,0.140,0.937,-0.093
83.848,S,1800382,0.140,1.031,-0.093
83.878,S,1800413,0.140,0.937,-0.140
83.908,S,1800442,0.140,0.984,-0.140
83.938,S,1800472,0.140,0.890,-0.093
83.969,S,1800502,0.140,0.984,-0.093
83.999,S,1800532,0.093,0.984,-0.140
84.028,S,1800562,0.093,0.984,-0.093
84.051,S,1800584,0.140,0.984,-0.046
84.080,S,1800613,0.140,0.937,-0.093
84.110,S,1800643,0.140,0.984,-0.093
84.140,S,1800673,0.187,0.984,-0.046
84.170,S,1800703,0.187,0.984,-0.093
84.192,S,1800726,0.140,0.984,-0.093
84.227,READY
84.235,M,STILL
84.263,S,1800796,0.140,0.937,-0.140
84.293,S,1800826,0.187,0.937,-0.046
84.323,S,1800856,0.187,0.984,-0.093
84.353,S,1800886,0.187,1.031,-0.093
84.375,S,1800908,0.187,0.984,-0.140
84.405,S,1800938,0.187,0.937,-0.093
84.435,S,1800969,0.187,0.984,-0.140
84.466,S,1800999,0.093,0.937,-0.140
84.496,S,1801029,0.140,0.937,-0.093
84.526,S,1801059,0.140,0.984,-0.093
84.548,S,1801081,0.093,0.984,-0.046
84.579,S,1801112,0.140,0.984,-0.093
84.607,S,1801141,0.140,1.031,-0.093
84.638,S,1801171,0.140,0.937,-0.093
84.660,S,1801193,0.140,0.984,-0.093
84.690,S,1801223,0.140,0.984,-0.093
84.721,S,1801253,0.187,0.984,-0.093
84.743,S,1801276,0.140,0.937,-0.093
84.773,S,1801306,0.187,0.984,-0.093
84.803,S,1801336,0.140,1.031,-0.093
84.826,S,1801358,0.187,1.031,-0.093
84.856,S,1801389,0.187,0.984,-0.093
84.877,S,1801410,0.187,1.031,-0.046
84.906,S,1801439,0.140,0.984,-0.093
84.937,S,1801469,0.187,0.984,-0.046
84.967,S,1801499,0.140,0.984,-0.140
84.989,S,1801522,0.140,0.937,-0.140
85.019,S,1801552,0.187,1.031,-0.093
85.049,S,1801582,0.093,0.984,-0.140
85.080,S,1801612,0.187,0.984,-0.093
85.110,S,1801642,0.140,0.984,-0.093
85.140,S,1801673,0.140,0.890,-0.093
85.162,S,1801695,0.140,0.984,-0.093
85.192,S,1801724,0.187,0.937,-0.093
85.222,S,1801755,0.187,0.984,-0.046
85.260,READY
85.267,M,STILL
85.295,S,1801827,0.140,0.937,-0.046
85.317,S,1801849,0.140,0.984,-0.093
85.346,S,1801879,0.140,0.937,-0.093
85.369,S,1801901,0.140,0.984,-0.093
85.399,S,1801931,0.140,0.937,-0.093
85.429,S,1801961,0.140,0.984,-0.093
85.460,S,1801992,0.140,0.984,-0.140
85.490,S,1802022,0.140,1.031,-0.093
85.520,S,1802052,0.140,0.984,-0.046
85.550,S,1802082,0.140,0.984,-0.093
85.581,S,1802112,0.187,0.984,-0.093
85.609,S,1802141,0.140,0.984,-0.093
85.639,S,1802171,0.093,0.937,-0.093
85.669,S,1802202,0.140,1.031,-0.187
85.692,S,1802224,0.187,0.984,-0.093
85.722,S,1802254,0.140,0.937,-0.140
85.752,S,1802284,0.140,1.031,-0.140
85.783,S,1802314,0.093,0.984,-0.140
85.813,S,1802344,0.187,1.031,-0.140
85.842,S,1802374,0.187,0.984,-0.093
85.872,S,1802404,0.140,0.984,-0.093
85.903,S,1802434,0.187,0.984,-0.093
85.933,S,1802464,0.140,0.937,-0.093
85.963,S,1802495,0.093,0.984,-0.093
85.994,S,1802525,0.140,1.031,-0.093
86.024,S,1802555,0.140,1.031,-0.093
86.054,S,1802586,0.140,0.984,-0.093
86.076,S,1802608,0.140,0.937,-0.140
86.106,S,1802638,0.140,0.937,-0.140
86.424,S,1802660,0.140,0.984,-0.093
86.425,S,1802691,0.140,0.984,-0.093
86.425,S,1802721,0.140,0.937,-0.140
86.426,S,1802751,0.140,0.890,-0.046
86.427,S,1802781,0.234,0.937,-0.093
86.427,S,1802803,0.140,1.031,-0.093
86.428,S,1802833,0.140,1.031,-0.093
86.429,S,1802863,0.140,0.937,-0.093
86.430,S,1802885,0.140,0.984,-0.093
86.431,S,1802914,0.093,0.937,-0.093
86.431,S,1802944,0.140,1.031,-0.093
86.458,READY
86.464,M,STILL
86.479,S,1803011,0.093,0.937,-0.093
86.503,S,1803034,0.140,0.984,-0.046
86.526,S,1803057,0.187,1.031,-0.046
86.555,S,1803086,0.140,1.031,-0.140
86.585,S,1803116,0.140,0.984,-0.093
86.616,S,1803147,0.140,0.984,-0.093
86.638,S,1803169,0.140,0.937,-0.093
86.667,S,1803198,0.140,0.984,-0.093
86.689,S,1803220,0.140,0.937,-0.093
86.718,S,1803249,0.187,1.031,-0.046
86.749,S,1803279,0.187,0.984,-0.093
86.771,S,1803302,0.187,1.031,-0.093
86.801,S,1803332,0.140,0.984,-0.140
86.831,S,1803362,0.140,0.937,-0.093
86.862,S,1803392,0.140,0.937,-0.093
86.892,S,1803423,0.140,0.984,-0.093
86.922,S,1803453,0.140,0.937,-0.140
86.945,S,1803475,0.140,0.984,-0.093
86.975,S,1803505,0.140,0.984,-0.093
87.005,S,1803535,0.140,0.984,-0.140
87.027,S,1803557,0.140,0.937,-0.140
87.057,S,1803588,0.140,0.984,-0.140
87.087,S,1803618,0.140,0.984,-0.140
87.117,S,1803648,0.140,0.984,-0.093
87.147,S,1803678,0.140,0.937,-0.093
87.178,S,1803708,0.140,1.031,-0.093
87.208,S,1803739,0.140,0.984,-0.093
87.239,S,1803769,0.093,0.984,-0.093
87.268,S,1803799,0.093,0.984,-0.093
87.299,S,1803829,0.187,0.984,-0.093
87.329,S,1803859,0.093,0.937,-0.093
87.351,S,1803881,0.187,0.984,-0.187
87.382,S,1803911,0.187,1.031,-0.093
87.411,S,1803942,0.187,0.937,-0.093
87.442,S,1803972,0.187,0.984,-0.140
87.479,READY
87.486,M,STILL
87.516,S,1804046,0.187,0.984,-0.140
87.539,S,1804068,0.187,0.984,-0.140
87.569,S,1804099,0.187,0.937,-0.093
87.599,S,1804129,0.093,0.984,-0.093
87.621,S,1804151,0.140,0.984,-0.093
87.651,S,1804181,0.187,0.937,-0.093
87.681,S,1804212,0.140,0.984,-0.140
87.704,S,1804234,0.140,0.984,-0.046
87.734,S,1804264,0.140,0.984,-0.140
87.757,S,1804286,0.140,0.984,-0.093
87.785,S,1804315,0.140,0.984,-0.046
87.807,S,1804338,0.187,0.984,-0.093
87.838,S,1804367,0.093,1.031,-0.046
87.868,S,1804398,0.187,0.937,-0.093
87.899,S,1804428,0.140,0.984,-0.046
87.929,S,1804458,0.140,0.984,-0.093
88.084,S,1804488,0.187,1.031,-0.093
88.084,S,1804511,0.140,0.984,-0.093
88.084,S,1804541,0.140,0.984,-0.093
88.085,S,1804572,0.140,0.984,-0.093
88.086,S,1804602,0.140,0.937,-0.093
88.103,S,1804632,0.140,1.031,-0.093
88.125,S,1804654,0.140,0.937,-0.093
88.155,S,1804685,0.140,0.984,-0.093
88.178,S,1804707,0.187,1.031,-0.093
88.208,S,1804737,0.140,0.984,-0.140
88.238,S,1804767,0.140,0.984,-0.093
88.268,S,1804798,0.093,0.984,-0.093
88.298,S,1804828,0.140,0.843,-0.093
88.321,S,1804850,0.187,0.984,-0.093
88.351,S,1804880,0.140,0.984,-0.093
88.381,S,1804910,0.140,0.984,-0.046
88.410,S,1804940,0.187,0.937,-0.140
88.441,S,1804970,0.140,0.984,-0.140
88.471,S,1805001,0.140,0.984,-0.093
88.508,READY
88.515,M,STILL
88.544,S,1805073,0.187,0.937,-0.093
88.567,S,1805095,0.140,0.984,-0.093
88.597,S,1805126,0.140,0.984,-0.093
88.627,S,1805156,0.234,0.937,-0.093
88.649,S,1805178,0.187,0.984,-0.140
88.678,S,1805207,0.140,1.031,-0.093
88.709,S,1805237,0.140,0.937,-0.093
88.738,S,1805266,0.140,0.984,-0.093
88.761,S,1805290,0.140,0.937,-0.093
88.791,S,1805320,0.187,0.984,-0.140
88.821,S,1805350,0.140,1.031,-0.046
88.844,S,1805372,0.140,0.984,-0.140
88.873,S,1805403,0.187,0.890,-0.093
88.896,S,1805425,0.093,0.984,-0.140
88.926,S,1805455,0.140,0.984,-0.140
88.956,S,1805485,0.140,0.984,-0.093
89.109,S,1805508,0.187,0.937,-0.093
89.110,S,1805539,0.187,0.984,-0.093
89.110,S,1805569,0.187,0.984,-0.046
89.111,S,1805591,0.140,0.984,-0.046
89.112,S,1805621,0.140,1.031,-0.046
89.115,S,1805643,0.140,0.937,-0.046
89.143,S,1805672,0.140,0.984,-0.093
89.174,S,1805702,0.187,0.984,-0.093
89.205,S,1805733,0.093,0.984,-0.046
89.234,S,1805763,0.187,1.031,-0.093
89.265,S,1805793,0.187,0.984,-0.046
89.295,S,1805823,0.187,0.984,-0.093
89.325,S,1805853,0.187,0.984,-0.140
89.355,S,1805884,0.140,0.984,-0.140
89.386,S,1805914,0.187,0.984,-0.140
89.416,S,1805944,0.140,0.984,-0.093
89.446,S,1805974,0.187,0.984,-0.093
89.476,S,1806004,0.140,0.984,-0.093
89.513,READY
89.519,M,STILL
89.549,S,1806077,0.140,0.984,-0.093
89.571,S,1806099,0.187,1.031,-0.140
89.602,S,1806130,0.140,1.031,-0.093
89.632,S,1806160,0.140,1.031,-0.093
89.662,S,1806190,0.140,1.031,-0.093
89.693,S,1806221,0.187,1.031,-0.093
89.724,S,1806252,0.140,0.937,-0.046
89.754,S,1806282,0.140,0.984,-0.093
89.776,S,1806304,0.140,0.984,-0.093
89.806,S,1806334,0.140,0.984,-0.093
89.828,S,1806356,0.140,1.031,-0.093
89.858,S,1806386,0.140,0.937,-0.187
89.888,S,1806416,0.093,0.984,-0.093
89.911,S,1806438,0.140,0.984,-0.093
89.940,S,1806468,0.140,0.984,-0.046
89.971,S,1806498,0.140,0.984,-0.093
90.122,S,1806529,0.140,0.937,-0.140
90.123,S,1806559,0.093,0.937,-0.046
90.124,S,1806589,0.140,0.937,-0.140
90.124,S,1806619,0.140,0.937,-0.140
90.125,S,1806650,0.187,0.984,-0.140
90.153,S,1806681,0.187,0.984,-0.140
90.183,S,1806711,0.140,1.031,-0.093
90.213,S,1806741,0.140,0.937,-0.140
90.243,S,1806771,0.140,0.937,-0.093
90.266,S,1806793,0.140,0.984,-0.140
90.296,S,1806823,0.140,0.984,-0.093
90.326,S,1806853,0.187,0.984,-0.093
90.356,S,1806883,0.140,0.984,-0.093
90.378,S,1806905,0.187,0.937,-0.093
90.408,S,1806936,0.187,0.937,-0.093
90.438,S,1806966,0.093,0.984,-0.093
90.461,S,1806988,0.187,1.031,-0.140
90.490,S,1807018,0.140,0.984,-0.046
90.525,READY
90.533,M,STILL
90.562,S,1807089,0.140,0.984,-0.093
90.592,S,1807119,0.093,1.031,-0.093
90.622,S,1807149,0.140,0.984,-0.093
90.645,S,1807172,0.093,0.984,-0.093
90.674,S,1807201,0.140,0.984,-0.093
90.703,S,1807231,0.140,0.984,-0.093
90.734,S,1807261,0.140,0.937,-0.093
90.757,S,1807283,0.187,0.937,-0.093
90.786,S,1807314,0.140,0.937,-0.140
90.809,S,1807336,0.140,0.984,-0.093
90.838,S,1807365,0.140,0.937,-0.093
90.868,S,1807395,0.187,1.031,-0.093
90.898,S,1807425,0.140,1.031,-0.140
90.928,S,1807455,0.140,0.984,-0.093
90.957,S,1807485,0.187,0.984,-0.140
90.980,S,1807507,0.140,0.937,-0.140
91.488,S,1807536,0.140,0.984,-0.093
91.489,S,1807566,0.140,1.031,-0.093
91.489,S,1807596,0.140,0.984,-0.093
91.489,S,1807626,0.140,1.031,-0.140
91.489,S,1807648,0.140,0.984,-0.093
91.490,S,1807677,0.187,0.984,-0.093
91.490,S,1807707,0.187,0.937,-0.093
91.490,S,1807737,0.234,1.031,-0.093
91.491,S,1807767,0.140,0.984,-0.093
91.491,S,1807789,0.140,0.937,-0.046
91.491,S,1807820,0.187,0.984,-0.046
91.494,S,1807842,0.187,0.937,-0.093
91.494,S,1807872,0.140,0.937,-0.093
91.495,S,1807903,0.140,0.937,-0.093
91.496,S,1807933,0.187,0.937,-0.093
91.497,S,1807955,0.093,0.984,-0.093
91.498,S,1807984,0.140,0.984,-0.093
91.499,S,1808013,0.093,0.937,-0.140
91.529,READY
91.537,M,STILL
91.552,S,1808078,0.093,0.984,-0.093
91.576,S,1808102,0.140,1.031,-0.046
91.605,S,1808132,0.187,0.984,-0.093
91.635,S,1808162,0.187,0.984,-0.093
91.666,S,1808192,0.140,0.937,-0.093
91.689,S,1808214,0.187,0.890,-0.093
91.718,S,1808244,0.140,0.984,-0.140
91.748,S,1808274,0.187,0.984,-0.093
91.777,S,1808303,0.140,0.937,-0.093
91.800,S,1808326,0.187,0.984,-0.093
91.829,S,1808356,0.187,0.984,-0.093
91.852,S,1808378,0.140,0.984,-0.140
91.881,S,1808407,0.140,0.984,-0.093
91.911,S,1808437,0.187,0.984,-0.093
91.942,S,1808468,0.140,0.984,-0.093
91.964,S,1808490,0.140,0.984,-0.046
91.994,S,1808520,0.187,0.984,-0.046
92.024,S,1808550,0.093,1.031,-0.093
92.055,S,1808581,0.140,0.890,-0.046
92.085,S,1808611,0.187,0.937,-0.093
92.115,S,1808641,0.187,0.984,-0.093
92.145,S,1808671,0.187,0.984,-0.093
92.167,S,1808693,0.187,0.937,-0.140
92.197,S,1808723,0.140,0.937,-0.140
92.219,S,1808745,0.187,1.031,-0.140
92.249,S,1808774,0.140,0.984,-0.093
92.278,S,1808804,0.187,0.937,-0.140
92.309,S,1808834,0.187,0.984,-0.140
92.339,S,1808865,0.140,1.031,-0.046
92.369,S,1808895,0.093,0.984,-0.093
92.399,S,1808925,0.140,1.031,-0.093
92.429,S,1808955,0.187,0.937,-0.093
92.460,S,1808985,0.093,0.984,-0.093
92.490,S,1809015,0.140,0.937,-0.093
92.512,S,1809037,0.140,0.984,-0.093
92.550,READY
92.557,M,STILL
92.586,S,1809111,0.187,1.031,-0.093
92.615,S,1809141,0.140,0.984,-0.093
92.645,S,1809171,0.187,0.984,-0.140
92.676,S,1809201,0.140,0.984,-0.093
92.706,S,1809231,0.187,0.984,-0.093
92.736,S,1809261,0.140,0.984,-0.093
92.758,S,1809283,0.093,0.890,-0.046
92.787,S,1809312,0.093,0.984,-0.093
92.817,S,1809342,0.140,1.031,-0.046
92.847,S,1809372,0.140,0.937,-0.093
92.869,S,1809395,0.140,0.984,-0.093
92.900,S,1809425,0.140,0.984,-0.093
92.930,S,1809455,0.140,0.937,-0.140
92.960,S,1809485,0.140,1.031,-0.093
92.991,S,1809515,0.187,0.984,-0.046
93.020,S,1809545,0.140,1.031,-0.093
93.050,S,1809576,0.187,0.984,-0.140
93.081,S,1809606,0.093,0.984,-0.093
93.111,S,1809636,0.187,0.984,-0.093
93.134,S,1809658,0.140,0.984,-0.140
93.162,S,1809687,0.140,1.031,-0.046
93.193,S,1809718,0.093,0.937,-0.093
93.223,S,1809748,0.187,1.031,-0.093
93.254,S,1809778,0.140,0.937,-0.093
93.284,S,1809808,0.140,0.984,-0.140
93.314,S,1809838,0.187,0.984,-0.093
93.344,S,1809868,0.187,0.937,-0.140
93.374,S,1809898,0.140,0.937,-0.140
93.403,S,1809928,0.187,0.984,-0.140
93.434,S,1809959,0.187,0.937,-0.140
93.465,S,1809989,0.093,1.031,-0.093
93.495,S,1810019,0.140,0.984,-0.093
93.524,S,1810049,0.234,0.984,-0.140
93.560,READY
93.567,M,STILL
93.596,S,1810121,0.140,0.984,-0.140
93.619,S,1810143,0.140,0.984,-0.093
93.648,S,1810172,0.140,0.984,-0.093
93.670,S,1810194,0.093,0.984,-0.140
93.700,S,1810225,0.140,0.984,-0.093
93.731,S,1810255,0.140,0.937,-0.093
93.761,S,1810285,0.187,0.984,-0.140
93.791,S,1810315,0.140,0.937,-0.093
93.821,S,1810345,0.140,0.984,-0.093
93.851,S,1810376,0.140,0.937,-0.093
93.881,S,1810406,0.140,0.984,-0.093
93.904,S,1810428,0.187,0.984,-0.093
93.933,S,1810457,0.140,0.984,-0.140
93.964,S,1810487,0.140,0.984,-0.093
93.994,S,1810518,0.187,0.984,-0.140
94.024,S,1810548,0.093,0.984,-0.093
94.054,S,1810578,0.187,0.984,-0.140
94.084,S,1810608,0.140,0.984,-0.093
94.114,S,1810638,0.187,0.984,-0.140
94.145,S,1810668,0.234,0.984,-0.093
94.175,S,1810699,0.140,0.937,-0.093
94.197,S,1810721,0.140,1.031,-0.093
94.227,S,1810751,0.187,1.031,-0.046
94.257,S,1810781,0.140,0.937,-0.093
94.287,S,1810811,0.093,1.031,-0.093
94.310,S,1810833,0.046,0.984,-0.093
94.339,S,1810862,0.093,1.031,-0.187
94.369,S,1810893,0.140,0.984,-0.140
94.400,S,1810923,0.140,0.984,-0.093
94.430,S,1810953,0.187,0.937,-0.093
94.452,S,1810975,0.140,0.984,-0.046
94.481,S,1811004,0.140,1.078,-0.140
94.512,S,1811035,0.140,0.890,-0.093
94.542,S,1811065,0.140,0.984,-0.093
94.579,READY
94.585,M,STILL
94.615,S,1811138,0.140,1.031,-0.140
94.645,S,1811168,0.140,0.984,-0.093
94.674,S,1811198,0.140,0.937,-0.093
94.705,S,1811228,0.187,0.984,-0.093
94.727,S,1811250,0.140,0.984,-0.046
94.757,S,1811280,0.187,0.984,-0.093
94.778,S,1811302,0.093,0.984,-0.093
94.808,S,1811331,0.187,1.031,-0.093
94.838,S,1811361,0.093,0.984,-0.140
94.868,S,1811392,0.140,0.984,-0.093
94.899,S,1811422,0.140,0.984,-0.093
94.929,S,1811452,0.140,0.984,-0.093
94.959,S,1811482,0.140,1.031,-0.093
94.981,S,1811504,0.140,0.984,-0.093
95.010,S,1811533,0.140,0.984,-0.093
95.041,S,1811564,0.140,0.937,-0.093
95.071,S,1811594,0.140,0.937,-0.093
95.101,S,1811624,0.093,1.031,-0.140
95.123,S,1811646,0.234,0.984,-0.093
95.154,S,1811676,0.140,0.984,-0.093
95.184,S,1811707,0.140,1.078,-0.093
95.214,S,1811737,0.140,0.937,-0.046
95.236,S,1811759,0.140,0.984,-0.093
95.267,S,1811789,0.140,1.031,-0.093
95.296,S,1811819,0.140,0.984,-0.140
95.326,S,1811849,0.140,0.984,-0.140
95.356,S,1811879,0.187,0.984,-0.093
95.387,S,1811909,0.140,0.984,-0.093
95.409,S,1811931,0.140,0.984,-0.093
95.439,S,1811962,0.140,0.937,-0.093
95.469,S,1811992,0.187,1.031,-0.140
95.499,S,1812022,0.140,0.984,-0.093
95.521,S,1812044,0.187,1.031,-0.093
95.551,S,1812073,0.140,0.937,-0.140
95.587,READY
95.594,M,STILL
95.623,S,1812146,0.187,0.937,-0.093
95.653,S,1812176,0.187,0.984,-0.093
95.682,S,1812205,0.140,1.031,-0.093
95.705,S,1812227,0.093,0.937,-0.140
95.735,S,1812257,0.234,0.937,-0.093
95.765,S,1812287,0.093,0.984,-0.093
95.794,S,1812317,0.140,0.984,-0.093
95.824,S,1812347,0.140,0.937,-0.093
95.854,S,1812377,0.140,1.031,-0.093
95.885,S,1812407,0.093,1.031,-0.093
95.916,S,1812437,0.140,1.031,-0.140
95.945,S,1812467,0.140,0.937,-0.093
95.967,S,1812490,0.140,0.984,-0.093
95.998,S,1812520,0.140,0.937,-0.140
96.028,S,1812550,0.187,0.984,-0.046
96.058,S,1812580,0.234,1.031,-0.093
96.088,S,1812610,0.140,0.890,-0.093
96.119,S,1812640,0.093,1.031,-0.093
96.149,S,1812670,0.187,0.937,-0.093
96.179,S,1812701,0.140,1.031,-0.093
96.201,S,1812723,0.140,0.937,-0.093
96.231,S,1812753,0.140,0.984,-0.093
96.262,S,1812783,0.187,0.984,-0.093
96.292,S,1812814,0.140,0.984,-0.140
96.322,S,1812844,0.140,0.984,-0.140
96.352,S,1812874,0.187,0.984,-0.093
96.382,S,1812904,0.140,0.984,-0.140
96.412,S,1812934,0.187,0.937,-0.046
96.443,S,1812964,0.140,0.984,-0.093
96.473,S,1812995,0.093,0.937,-0.140
96.503,S,1813025,0.093,0.937,-0.093
96.533,S,1813055,0.187,0.937,-0.046
96.563,S,1813085,0.140,0.984,-0.140
96.600,READY
96.606,M,STILL
96.637,S,1813159,0.140,0.937,-0.093
96.667,S,1813188,0.093,0.937,-0.093
96.697,S,1813218,0.140,0.984,-0.046
96.727,S,1813248,0.140,0.984,-0.046
96.757,S,1813279,0.140,0.984,-0.093
96.787,S,1813309,0.140,1.031,-0.093
96.817,S,1813339,0.140,0.937,-0.093
96.848,S,1813369,0.187,0.937,-0.046
96.878,S,1813399,0.187,0.937,-0.046
96.908,S,1813429,0.140,1.031,-0.093
96.939,S,1813460,0.093,0.984,-0.093
96.969,S,1813490,0.187,0.984,-0.093
96.999,S,1813520,0.140,1.078,-0.140
97.029,S,1813550,0.140,1.031,-0.046
97.059,S,1813580,0.187,1.031,-0.093
97.090,S,1813610,0.140,0.937,-0.093
97.120,S,1813641,0.187,0.984,-0.140
97.150,S,1813671,0.140,0.937,-0.093
97.180,S,1813701,0.187,0.984,-0.093
97.202,S,1813723,0.140,0.984,-0.140
97.231,S,1813752,0.140,0.937,-0.093
97.261,S,1813782,0.140,0.984,-0.046
97.292,S,1813813,0.093,0.890,-0.093
97.322,S,1813843,0.140,1.031,-0.140
97.352,S,1813873,0.140,0.984,-0.140
97.374,S,1813895,0.187,0.937,-0.093
97.403,S,1813924,0.140,1.031,-0.093
97.434,S,1813954,0.140,0.937,-0.093
97.463,S,1813984,0.187,0.937,-0.093
97.486,S,1814007,0.093,0.984,-0.046
97.515,S,1814036,0.140,0.937,-0.140
97.537,S,1814058,0.187,0.984,-0.093
97.567,S,1814087,0.093,0.984,-0.046
97.603,READY
97.610,M,STILL
97.639,S,1814160,0.187,0.890,-0.093
97.662,S,1814183,0.140,0.937,-0.093
97.692,S,1814213,0.140,0.984,-0.140
97.722,S,1814243,0.187,1.031,-0.093
97.745,S,1814265,0.093,0.937,-0.140
97.775,S,1814296,0.140,0.984,-0.093
97.806,S,1814326,0.140,0.937,-0.093
97.836,S,1814356,0.140,0.984,-0.093
97.866,S,1814386,0.187,0.984,-0.140
97.896,S,1814416,0.140,1.031,-0.046
97.926,S,1814447,0.140,0.984,-0.046
97.949,S,1814469,0.093,0.937,-0.140
97.979,S,1814499,0.093,0.984,-0.093
98.009,S,1814529,0.140,0.937,-0.093
98.040,S,1814559,0.187,1.031,-0.093
98.069,S,1814590,0.093,0.984,-0.046
98.099,S,1814620,0.140,0.937,-0.093
98.122,S,1814642,0.187,0.984,-0.140
98.152,S,1814672,0.140,0.937,-0.093
98.181,S,1814701,0.140,0.937,-0.093
98.212,S,1814732,0.140,0.984,-0.093
98.243,S,1814762,0.140,1.031,-0.093
98.272,S,1814792,0.187,1.031,-0.140
98.303,S,1814823,0.187,0.937,-0.093
98.333,S,1814853,0.140,0.937,-0.187
98.363,S,1814883,0.140,1.031,-0.046
98.393,S,1814913,0.187,0.984,-0.093
98.416,S,1814935,0.140,0.937,-0.093
98.445,S,1814964,0.140,0.937,-0.046
98.475,S,1814994,0.140,0.984,-0.093
98.497,S,1815017,0.187,0.937,-0.093
98.527,S,1815047,0.187,0.984,-0.093
98.550,S,1815069,0.093,0.984,-0.140
98.578,S,1815098,0.140,0.984,-0.093
98.615,READY
98.622,M,STILL
98.651,S,1815171,0.140,0.984,-0.093
98.681,S,1815201,0.187,0.984,-0.093
98.713,S,1815231,0.187,0.984,-0.140
98.733,S,1815253,0.187,0.984,-0.093
98.763,S,1815282,0.140,0.984,-0.140
98.793,S,1815313,0.140,0.984,-0.093
98.823,S,1815343,0.093,1.031,-0.093
98.845,S,1815365,0.140,0.984,-0.093
98.875,S,1815395,0.093,0.937,-0.093
98.906,S,1815425,0.140,1.031,-0.093
98.936,S,1815455,0.187,0.937,-0.093
98.966,S,1815485,0.140,0.984,-0.046
98.996,S,1815515,0.187,0.937,-0.140
99.018,S,1815537,0.140,1.031,-0.093
99.048,S,1815568,0.140,0.937,-0.093
99.071,S,1815590,0.140,0.984,-0.093
99.100,S,1815619,0.140,1.078,-0.046
99.123,S,1815641,0.140,0.984,-0.093
99.153,S,1815672,0.187,1.031,-0.093
99.183,S,1815702,0.140,0.937,-0.140
99.213,S,1815732,0.187,0.984,-0.140
99.243,S,1815762,0.140,0.984,-0.046
99.274,S,1815792,0.140,0.937,-0.093
99.303,S,1815823,0.140,1.031,-0.046
99.334,S,1815853,0.187,0.984,-0.093
99.364,S,1815883,0.140,0.984,-0.093
99.395,S,1815913,0.187,0.984,-0.093
99.425,S,1815943,0.093,0.984,-0.093
99.454,S,1815973,0.187,1.031,-0.093
99.485,S,1816003,0.187,0.984,-0.093
99.515,S,1816034,0.140,0.890,-0.093
99.545,S,1816064,0.140,0.984,-0.093
99.575,S,1816094,0.093,1.031,-0.093
99.605,S,1816124,0.093,0.984,-0.093
99.643,READY
99.650,M,STILL
99.679,S,1816198,0.140,0.984,-0.093
99.710,S,1816228,0.140,1.031,-0.046
99.732,S,1816250,0.140,0.984,-0.093
99.761,S,1816280,0.187,0.984,-0.093
99.792,S,1816310,0.140,0.984,-0.093
99.823,S,1816340,0.093,0.984,-0.046
99.853,S,1816371,0.187,0.937,-0.140
99.883,S,1816401,0.140,0.984,-0.093
99.913,S,1816431,0.187,0.984,-0.093
99.935,S,1816453,0.140,0.984,-0.093
99.964,S,1816482,0.140,0.937,-0.093
99.987,S,1816505,0.093,0.984,-0.046
100.016,S,1816535,0.187,0.937,-0.093
100.038,S,1816557,0.093,0.984,-0.093
100.067,S,1816586,0.187,0.984,-0.093
100.098,S,1816616,0.187,0.937,-0.093
100.128,S,1816646,0.140,0.984,-0.093
100.158,S,1816676,0.093,0.937,-0.093
100.188,S,1816706,0.140,0.984,-0.046
100.210,S,1816728,0.187,0.890,-0.093
100.239,S,1816758,0.187,0.984,-0.093
100.270,S,1816788,0.140,0.984,-0.046
100.292,S,1816810,0.140,0.984,-0.093
100.322,S,1816840,0.187,0.937,-0.046
100.344,S,1816862,0.187,0.984,-0.093
100.373,S,1816892,0.093,0.937,-0.093
100.396,S,1816914,0.140,0.984,-0.093
100.426,S,1816944,0.140,0.984,-0.046
100.448,S,1816966,0.140,0.984,-0.093
100.478,S,1816996,0.140,0.937,-0.093
100.508,S,1817026,0.093,0.984,-0.046
100.531,S,1817048,0.187,0.984,-0.093
100.560,S,1817078,0.093,0.937,-0.093
100.583,S,1817100,0.093,0.937,-0.046
100.613,S,1817130,0.187,0.984,-0.093
100.649,READY
100.655,M,STILL
100.683,S,1817201,0.234,0.984,-0.093
100.714,S,1817232,0.140,1.031,-0.093
100.736,S,1817254,0.140,1.031,-0.140
100.766,S,1817283,0.140,0.984,-0.093
100.796,S,1817313,0.140,0.984,-0.140
100.826,S,1817343,0.187,0.937,-0.093
100.848,S,1817365,0.187,1.031,-0.046
100.877,S,1817395,0.140,0.937,-0.140
100.907,S,1817424,0.140,0.937,-0.093
100.936,S,1817454,0.187,0.984,-0.093
100.967,S,1817484,0.140,0.984,-0.046
100.997,S,1817514,0.187,1.031,-0.046
101.027,S,1817544,0.140,1.031,-0.093
101.057,S,1817575,0.187,0.937,-0.140
101.087,S,1817605,0.187,0.984,-0.093
101.118,S,1817635,0.187,0.984,-0.093
101.148,S,1817665,0.140,0.937,-0.046
101.178,S,1817695,0.140,0.937,-0.093
101.208,S,1817725,0.140,0.984,-0.093
101.230,S,1817747,0.140,0.984,-0.093
101.261,S,1817778,0.187,1.031,-0.093
101.291,S,1817808,0.187,1.031,-0.093
101.321,S,1817838,0.187,1.031,-0.140
101.343,S,1817860,0.187,0.984,-0.093
101.372,S,1817889,0.140,0.984,-0.093
101.403,S,1817920,0.140,0.984,-0.046
101.433,S,1817950,0.140,0.937,-0.093
101.455,S,1817972,0.140,0.984,-0.093
101.484,S,1818001,0.140,0.984,-0.046
101.514,S,1818031,0.093,1.031,-0.140
101.536,S,1818053,0.093,1.031,-0.093
101.565,S,1818082,0.187,0.937,-0.140
101.595,S,1818112,0.140,0.984,-0.093
101.626,S,1818143,0.140,0.937,-0.046
101.664,READY
101.670,M,STILL
101.700,S,1818216,0.140,0.937,-0.140
101.730,S,1818246,0.187,0.984,-0.093
101.760,S,1818276,0.140,0.890,-0.093
101.790,S,1818307,0.187,0.937,-0.093
101.820,S,1818337,0.140,0.984,-0.093
101.851,S,1818367,0.187,0.937,-0.093
101.881,S,1818397,0.140,1.031,-0.093
101.910,S,1818427,0.187,0.984,-0.046
101.941,S,1818457,0.140,1.031,-0.093
101.963,S,1818480,0.140,0.937,-0.046
101.992,S,1818509,0.187,1.031,-0.140
102.023,S,1818539,0.140,0.937,-0.093
102.053,S,1818569,0.140,1.031,-0.093
102.083,S,1818599,0.187,0.984,-0.093
102.113,S,1818629,0.140,0.984,-0.046
102.143,S,1818659,0.140,0.984,-0.093
102.173,S,1818690,0.234,0.937,-0.140
102.203,S,1818720,0.140,1.031,-0.093
102.234,S,1818750,0.187,0.937,-0.093
102.264,S,1818780,0.187,0.984,-0.046
102.295,S,1818810,0.140,0.937,-0.046
102.324,S,1818840,0.140,1.031,-0.046
102.346,S,1818863,0.140,0.937,-0.093
102.376,S,1818892,0.187,0.984,-0.046
102.406,S,1818922,0.140,1.031,-0.046
102.437,S,1818952,0.140,0.937,-0.140
102.467,S,1818983,0.140,0.890,-0.140
102.490,S,1819005,0.140,0.984,-0.093
102.520,S,1819036,0.187,0.984,-0.140
102.550,S,1819066,0.140,0.984,-0.140
102.580,S,1819096,0.140,0.984,-0.093
102.603,S,1819118,0.140,0.937,-0.093
102.631,S,1819147,0.140,0.984,-0.093
102.668,READY
102.675,M,STILL
102.705,S,1819220,0.187,0.937,-0.187
102.735,S,1819250,0.140,1.031,-0.046
102.765,S,1819280,0.140,0.984,-0.046
102.795,S,1819310,0.187,0.984,-0.093
102.825,S,1819341,0.140,0.984,-0.140
102.856,S,1819371,0.140,0.937,-0.093
102.886,S,1819401,0.093,0.984,-0.093
102.916,S,1819431,0.140,0.890,-0.093
102.946,S,1819462,0.140,0.984,-0.093
102.975,S,1819492,0.140,0.984,-0.093
102.999,S,1819514,0.140,1.031,-0.093
103.029,S,1819544,0.140,0.984,-0.046
103.059,S,1819574,0.187,0.937,-0.093
103.081,S,1819596,0.140,0.937,-0.140
103.110,S,1819626,0.140,0.984,-0.093
103.141,S,1819656,0.140,0.984,-0.140
103.171,S,1819686,0.140,1.031,-0.140
103.201,S,1819716,0.187,0.984,-0.093
103.223,S,1819738,0.140,0.984,-0.140
103.254,S,1819769,0.093,0.937,-0.140
103.283,S,1819799,0.140,0.937,-0.093
103.314,S,1819829,0.140,0.984,-0.093
103.344,S,1819859,0.140,0.937,-0.046
103.367,S,1819882,0.093,0.937,-0.093
103.397,S,1819912,0.140,0.984,-0.093
103.427,S,1819942,0.140,0.984,-0.093
103.447,S,1819963,0.140,0.937,-0.093
103.477,S,1819992,0.093,0.984,-0.093
103.499,S,1820014,0.187,0.984,-0.093
103.529,S,1820044,0.140,0.890,-0.093
103.559,S,1820074,0.187,0.937,-0.140
103.581,S,1820096,0.140,0.937,-0.093
103.612,S,1820126,0.093,0.937,-0.093
103.642,S,1820157,0.187,0.984,-0.093
103.677,READY
103.684,M,STILL
103.713,S,1820229,0.140,0.984,-0.093
103.735,S,1820251,0.187,0.984,-0.093
103.766,S,1820281,0.140,1.031,-0.093
103.796,S,1820311,0.140,0.984,-0.093
103.826,S,1820341,0.187,1.031,-0.093
103.856,S,1820371,0.140,0.937,-0.093
103.879,S,1820393,0.140,0.984,-0.093
103.909,S,1820424,0.187,0.984,-0.140
103.932,S,1820446,0.140,1.031,-0.093
103.961,S,1820475,0.140,1.031,-0.046
103.991,S,1820505,0.140,0.984,-0.140
104.021,S,1820536,0.093,0.984,-0.140
104.043,S,1820558,0.140,0.937,-0.093
104.074,S,1820588,0.140,0.937,-0.093
104.104,S,1820618,0.140,1.031,-0.140
104.126,S,1820641,0.093,0.984,-0.140
104.155,S,1820670,0.140,0.984,-0.140
104.186,S,1820700,0.140,1.031,-0.093
104.216,S,1820730,0.140,0.984,-0.140
104.238,S,1820752,0.140,0.984,-0.140
104.267,S,1820782,0.140,0.984,-0.093
104.297,S,1820812,0.140,0.984,-0.093
104.320,S,1820834,0.187,0.984,-0.093
104.350,S,1820864,0.140,0.984,-0.093
104.380,S,1820894,0.234,0.984,-0.093
104.402,S,1820916,0.187,1.031,-0.187
104.431,S,1820946,0.140,0.984,-0.093
104.454,S,1820968,0.140,1.078,-0.093
104.484,S,1820998,0.140,1.031,-0.093
104.506,S,1821021,0.187,0.984,-0.140
104.536,S,1821050,0.140,0.984,-0.093
104.559,S,1821072,0.140,0.984,-0.093
104.588,S,1821102,0.140,0.937,-0.140
104.611,S,1821125,0.187,0.984,-0.140
104.641,S,1821155,0.093,0.937,-0.093
104.671,S,1821185,0.187,0.937,-0.140
104.708,READY
104.715,M,STILL
104.744,S,1821258,0.140,0.937,-0.140
104.767,S,1821280,0.187,0.937,-0.093
104.796,S,1821310,0.187,0.984,-0.046
104.827,S,1821340,0.140,0.937,-0.140
104.857,S,1821370,0.187,0.984,-0.093
104.887,S,1821401,0.140,0.984,-0.093
104.917,S,1821431,0.140,0.937,-0.046
104.948,S,1821461,0.140,0.984,-0.093
104.978,S,1821491,0.187,0.984,-0.093
105.008,S,1821521,0.093,0.984,-0.093
105.038,S,1821551,0.140,0.984,-0.140
105.068,S,1821582,0.140,0.937,-0.093
105.098,S,1821612,0.187,0.937,-0.093
105.120,S,1821634,0.140,0.984,-0.046
105.150,S,1821663,0.140,0.984,-0.140
105.181,S,1821694,0.140,0.937,-0.140
105.210,S,1821724,0.140,0.984,-0.093
105.241,S,1821754,0.140,1.031,-0.093
105.271,S,1821785,0.140,0.984,-0.093
105.293,S,1821807,0.140,0.937,-0.093
105.324,S,1821837,0.140,0.984,-0.093
105.354,S,1821868,0.140,0.937,-0.093
105.384,S,1821898,0.093,0.984,-0.093
105.407,S,1821920,0.140,0.937,-0.046
105.437,S,1821950,0.140,0.984,-0.093
105.467,S,1821980,0.187,0.984,-0.093
105.498,S,1822011,0.140,0.937,-0.046
105.528,S,1822041,0.140,0.984,-0.093
105.558,S,1822071,0.187,1.031,-0.093
105.588,S,1822101,0.140,0.984,-0.093
105.618,S,1822131,0.187,0.937,-0.046
105.649,S,1822162,0.187,0.937,-0.093
105.671,S,1822184,0.140,0.937,-0.187
105.700,S,1822213,0.140,0.984,-0.093
105.736,READY
105.743,M,STILL
105.772,S,1822285,0.140,0.937,-0.140
105.795,S,1822307,0.140,1.031,-0.093
105.823,S,1822336,0.187,0.984,-0.140
105.846,S,1822359,0.140,0.937,-0.140
105.875,S,1822388,0.140,0.984,-0.093
105.898,S,1822410,0.093,0.984,-0.093
105.927,S,1822440,0.140,1.031,-0.046
105.950,S,1822462,0.187,0.984,-0.140
105.980,S,1822493,0.187,0.937,-0.093
106.010,S,1822523,0.140,0.937,-0.093
106.040,S,1822553,0.093,1.031,-0.140
106.070,S,1822583,0.093,0.984,-0.140
106.093,S,1822605,0.140,0.937,-0.093
106.123,S,1822635,0.140,0.984,-0.140
106.153,S,1822665,0.140,0.937,-0.140
106.182,S,1822695,0.140,0.937,-0.046
106.212,S,1822725,0.093,0.984,-0.093
106.235,S,1822747,0.140,0.984,-0.093
106.263,S,1822776,0.140,0.937,-0.093
106.293,S,1822806,0.187,1.031,-0.140
106.324,S,1822836,0.093,0.984,-0.093
106.354,S,1822866,0.187,0.937,-0.093
106.384,S,1822896,0.140,0.984,-0.093
106.414,S,1822926,0.140,0.937,-0.140
106.444,S,1822956,0.093,0.984,-0.140
106.474,S,1822987,0.187,0.984,-0.093
106.504,S,1823016,0.093,1.031,-0.046
106.534,S,1823046,0.093,0.984,-0.046
106.564,S,1823076,0.187,0.984,-0.140
106.594,S,1823106,0.140,0.937,-0.046
106.625,S,1823137,0.140,0.890,-0.093
106.655,S,1823167,0.187,0.984,-0.140
106.677,S,1823189,0.140,0.984,-0.140
106.707,S,1823218,0.140,0.984,-0.093
106.743,READY
106.749,M,STILL
106.778,S,1823290,0.140,0.937,-0.093
106.800,S,1823312,0.140,0.937,-0.046
106.829,S,1823341,0.140,0.937,-0.140
106.851,S,1823363,0.187,0.984,-0.093
106.881,S,1823393,0.140,0.984,-0.140
106.911,S,1823423,0.140,0.937,-0.093
106.941,S,1823453,0.187,0.984,-0.093
106.964,S,1823475,0.140,0.937,-0.093
106.994,S,1823506,0.187,0.984,-0.046
107.024,S,1823536,0.140,0.937,-0.093
